Timestamp,Machine_ID,Temperature_C,Vibration_mm_s,Voltage_V,Current_A,Power_Consumption_kW,Fault_Occurred,Error_Code
2026-05-18 20:32:58.283160,Stamping-Press-C,130.21,11.4,408.99,174.29,104.94,1,ERR-TEMP-HIGH
2026-05-18 20:34:58.283160,Cooling-Tower-D,91.45,4.23,410.05,113.0,68.21,0,NONE
2026-05-18 20:36:58.283160,Induction-Furnace-A,90.56,4.66,410.87,114.54,69.29,0,NONE
2026-05-18 20:38:58.283160,Stamping-Press-C,85.9,4.93,415.23,108.45,66.29,0,NONE
2026-05-18 20:40:58.283160,Stamping-Press-C,83.03,4.04,415.39,114.77,70.18,0,NONE
2026-05-18 20:42:58.283160,Cooling-Tower-D,83.49,4.44,422.72,135.49,84.32,0,NONE
2026-05-18 20:44:58.283160,Induction-Furnace-A,83.05,4.45,416.93,109.29,67.08,0,NONE
2026-05-18 20:46:58.283160,Induction-Furnace-A,96.34,5.16,401.46,128.18,75.76,0,NONE
2026-05-18 20:48:58.283160,Stamping-Press-C,90.94,3.65,416.31,105.52,64.67,0,NONE
2026-05-18 20:50:58.283160,Heavy-Extruder-B,55.6,4.46,407.75,117.16,70.33,0,NONE
2026-05-18 20:52:58.283160,Stamping-Press-C,91.56,6.03,410.17,124.86,75.4,0,NONE
2026-05-18 20:54:58.283160,Stamping-Press-C,86.95,5.43,410.94,105.05,63.55,0,NONE
2026-05-18 20:56:58.283160,Stamping-Press-C,84.81,5.58,411.68,100.32,60.8,0,NONE
2026-05-18 20:58:58.283160,Stamping-Press-C,81.11,4.52,408.12,127.38,76.53,0,NONE
2026-05-18 21:00:58.283160,Cooling-Tower-D,96.24,4.76,416.02,136.85,83.81,0,NONE
2026-05-18 21:02:58.283160,Induction-Furnace-A,94.48,5.3,407.95,118.81,71.36,0,NONE
2026-05-18 21:04:58.283160,Cooling-Tower-D,77.27,5.75,416.78,113.14,69.42,0,NONE
2026-05-18 21:06:58.283160,Cooling-Tower-D,89.07,2.94,426.18,122.34,76.76,0,NONE
2026-05-18 21:08:58.283160,Cooling-Tower-D,75.28,3.45,408.35,120.83,72.64,0,NONE
2026-05-18 21:10:58.283160,Stamping-Press-C,71.2,5.55,413.58,123.64,75.28,0,NONE
2026-05-18 21:12:58.283160,Heavy-Extruder-B,78.73,4.28,402.38,82.08,48.62,0,NONE
2026-05-18 21:14:58.283160,Induction-Furnace-A,93.62,3.96,413.5,103.96,63.29,0,NONE
2026-05-18 21:16:58.283160,Heavy-Extruder-B,94.53,3.5,418.21,107.32,66.08,0,NONE
2026-05-18 21:18:58.283160,Cooling-Tower-D,90.13,4.06,418.6,122.26,75.35,0,NONE
2026-05-18 21:20:58.283160,Cooling-Tower-D,92.25,3.38,415.39,122.79,75.09,0,NONE
2026-05-18 21:22:58.283160,Heavy-Extruder-B,90.16,6.17,419.45,129.54,79.99,0,NONE
2026-05-18 21:24:58.283160,Heavy-Extruder-B,78.59,4.48,427.73,123.86,78.0,0,NONE
2026-05-18 21:26:58.283160,Heavy-Extruder-B,89.32,4.45,423.56,100.49,62.66,0,NONE
2026-05-18 21:28:58.283160,Cooling-Tower-D,93.0,4.97,412.39,141.71,86.03,0,NONE
2026-05-18 21:30:58.283160,Cooling-Tower-D,92.54,5.27,407.74,139.08,83.49,0,NONE
2026-05-18 21:32:58.283160,Induction-Furnace-A,96.89,5.26,412.97,101.13,61.48,0,NONE
2026-05-18 21:34:58.283160,Induction-Furnace-A,92.08,5.36,410.27,124.99,75.49,0,NONE
2026-05-18 21:36:58.283160,Cooling-Tower-D,88.51,4.0,417.26,111.07,68.23,0,NONE
2026-05-18 21:38:58.283160,Heavy-Extruder-B,95.7,4.26,409.09,122.08,73.53,0,NONE
2026-05-18 21:40:58.283160,Heavy-Extruder-B,84.73,5.12,414.64,135.8,82.9,0,NONE
2026-05-18 21:42:58.283160,Induction-Furnace-A,76.18,4.08,419.19,151.95,93.77,0,NONE
2026-05-18 21:44:58.283160,Cooling-Tower-D,83.37,4.5,414.5,131.27,80.1,0,NONE
2026-05-18 21:46:58.283160,Induction-Furnace-A,77.55,4.82,410.27,124.42,75.15,0,NONE
2026-05-18 21:48:58.283160,Induction-Furnace-A,78.25,5.13,420.87,114.9,71.19,0,NONE
2026-05-18 21:50:58.283160,Stamping-Press-C,83.55,3.08,405.61,122.73,73.29,0,NONE
2026-05-18 21:52:58.283160,Stamping-Press-C,77.08,5.07,413.36,140.4,85.44,0,NONE
2026-05-18 21:54:58.283160,Stamping-Press-C,81.92,4.31,414.79,119.33,72.87,0,NONE
2026-05-18 21:56:58.283160,Heavy-Extruder-B,66.06,5.07,415.08,106.71,65.21,0,NONE
2026-05-18 21:58:58.283160,Cooling-Tower-D,87.13,5.12,415.9,95.7,58.6,0,NONE
2026-05-18 22:00:58.283160,Cooling-Tower-D,85.01,5.79,418.05,127.7,78.59,0,NONE
2026-05-18 22:02:58.283160,Cooling-Tower-D,76.83,5.58,414.82,123.71,75.55,0,NONE
2026-05-18 22:04:58.283160,Cooling-Tower-D,91.59,5.58,413.16,110.31,67.1,0,NONE
2026-05-18 22:06:58.283160,Stamping-Press-C,94.38,5.65,412.96,135.39,82.31,0,NONE
2026-05-18 22:08:58.283160,Heavy-Extruder-B,68.92,4.73,411.94,113.67,68.94,0,NONE
2026-05-18 22:10:58.283160,Heavy-Extruder-B,77.37,4.53,418.94,117.98,72.77,0,NONE
2026-05-18 22:12:58.283160,Stamping-Press-C,77.31,5.2,411.77,119.75,72.59,0,NONE
2026-05-18 22:14:58.283160,Heavy-Extruder-B,75.6,5.09,419.23,114.74,70.81,0,NONE
2026-05-18 22:16:58.283160,Stamping-Press-C,93.29,4.25,415.09,123.54,75.49,0,NONE
2026-05-18 22:18:58.283160,Cooling-Tower-D,83.06,4.82,412.39,137.27,83.34,0,NONE
2026-05-18 22:20:58.283160,Stamping-Press-C,82.35,4.47,418.09,102.86,63.31,0,NONE
2026-05-18 22:22:58.283160,Cooling-Tower-D,64.96,3.82,411.36,127.33,77.11,0,NONE
2026-05-18 22:24:58.283160,Cooling-Tower-D,91.35,5.53,418.19,122.58,75.47,0,NONE
2026-05-18 22:26:58.283160,Induction-Furnace-A,72.61,4.54,416.06,122.31,74.92,0,NONE
2026-05-18 22:28:58.283160,Stamping-Press-C,85.6,6.14,412.02,133.08,80.72,0,NONE
2026-05-18 22:30:58.283160,Induction-Furnace-A,87.77,3.2,417.64,120.74,74.24,0,NONE
2026-05-18 22:32:58.283160,Stamping-Press-C,98.61,4.05,417.73,127.2,78.23,0,NONE
2026-05-18 22:34:58.283160,Stamping-Press-C,71.91,4.53,420.79,130.74,80.99,0,NONE
2026-05-18 22:36:58.283160,Induction-Furnace-A,54.8,5.41,419.83,112.43,69.49,0,NONE
2026-05-18 22:38:58.283160,Induction-Furnace-A,86.84,4.82,417.46,124.49,76.51,0,NONE
2026-05-18 22:40:58.283160,Stamping-Press-C,103.01,4.75,409.36,116.24,70.05,0,NONE
2026-05-18 22:42:58.283160,Heavy-Extruder-B,97.39,3.6,427.24,118.01,74.23,0,NONE
2026-05-18 22:44:58.283160,Cooling-Tower-D,87.1,3.57,407.98,115.17,69.17,0,NONE
2026-05-18 22:46:58.283160,Induction-Furnace-A,80.08,4.76,419.75,127.07,78.52,0,NONE
2026-05-18 22:48:58.283160,Cooling-Tower-D,93.07,3.41,417.16,121.22,74.45,0,NONE
2026-05-18 22:50:58.283160,Heavy-Extruder-B,75.26,4.07,409.13,125.92,75.84,0,NONE
2026-05-18 22:52:58.283160,Heavy-Extruder-B,89.76,4.9,414.38,119.74,73.05,0,NONE
2026-05-18 22:54:58.283160,Heavy-Extruder-B,90.05,3.71,414.61,95.94,58.56,0,NONE
2026-05-18 22:56:58.283160,Induction-Furnace-A,95.6,5.78,421.53,120.47,74.76,0,NONE
2026-05-18 22:58:58.283160,Heavy-Extruder-B,112.6,5.48,411.43,120.95,73.26,1,ERR-TEMP-HIGH
2026-05-18 23:00:58.283160,Induction-Furnace-A,88.92,3.24,413.69,123.64,75.3,0,NONE
2026-05-18 23:02:58.283160,Heavy-Extruder-B,79.91,3.75,403.32,111.09,65.96,0,NONE
2026-05-18 23:04:58.283160,Cooling-Tower-D,84.74,2.67,423.67,102.07,63.66,0,NONE
2026-05-18 23:06:58.283160,Cooling-Tower-D,67.31,3.87,409.65,129.37,78.02,0,NONE
2026-05-18 23:08:58.283160,Stamping-Press-C,78.05,5.11,416.63,115.9,71.09,0,NONE
2026-05-18 23:10:58.283160,Cooling-Tower-D,80.91,4.17,414.49,122.57,74.79,0,NONE
2026-05-18 23:12:58.283160,Stamping-Press-C,79.76,4.87,414.51,115.78,70.65,0,NONE
2026-05-18 23:14:58.283160,Cooling-Tower-D,86.52,3.28,419.05,119.91,73.97,0,NONE
2026-05-18 23:16:58.283160,Induction-Furnace-A,76.78,5.14,423.36,113.26,70.59,0,NONE
2026-05-18 23:18:58.283160,Cooling-Tower-D,96.21,4.06,416.26,105.48,64.64,0,NONE
2026-05-18 23:20:58.283160,Stamping-Press-C,85.0,4.51,418.28,127.11,78.27,0,NONE
2026-05-18 23:22:58.283160,Stamping-Press-C,84.91,4.43,416.64,110.95,68.06,0,NONE
2026-05-18 23:24:58.283160,Heavy-Extruder-B,81.72,3.48,420.09,122.46,75.74,0,NONE
2026-05-18 23:26:58.283160,Induction-Furnace-A,86.55,3.58,412.69,126.16,76.65,0,NONE
2026-05-18 23:28:58.283160,Cooling-Tower-D,93.25,5.27,420.38,111.2,68.82,0,NONE
2026-05-18 23:30:58.283160,Heavy-Extruder-B,76.33,4.82,420.55,101.94,63.12,0,NONE
2026-05-18 23:32:58.283160,Cooling-Tower-D,78.42,5.34,420.41,156.39,96.8,0,NONE
2026-05-18 23:34:58.283160,Cooling-Tower-D,81.96,4.76,411.7,112.08,67.93,0,NONE
2026-05-18 23:36:58.283160,Heavy-Extruder-B,71.54,4.61,414.16,129.35,78.87,0,NONE
2026-05-18 23:38:58.283160,Heavy-Extruder-B,76.81,3.12,416.2,149.09,91.35,0,NONE
2026-05-18 23:40:58.283160,Heavy-Extruder-B,80.24,4.28,408.15,131.85,79.22,0,NONE
2026-05-18 23:42:58.283160,Heavy-Extruder-B,93.74,4.48,422.97,115.49,71.92,0,NONE
2026-05-18 23:44:58.283160,Heavy-Extruder-B,87.63,6.06,414.94,118.99,72.69,0,NONE
2026-05-18 23:46:58.283160,Cooling-Tower-D,86.94,5.05,416.42,107.51,65.91,0,NONE
2026-05-18 23:48:58.283160,Heavy-Extruder-B,93.51,5.73,412.11,133.23,80.83,0,NONE
2026-05-18 23:50:58.283160,Induction-Furnace-A,83.63,4.98,408.37,128.49,77.25,0,NONE
2026-05-18 23:52:58.283160,Stamping-Press-C,88.9,3.93,411.98,112.28,68.1,0,NONE
2026-05-18 23:54:58.283160,Heavy-Extruder-B,83.97,4.59,416.1,104.37,63.93,0,NONE
2026-05-18 23:56:58.283160,Heavy-Extruder-B,87.65,4.69,418.37,100.18,61.7,0,NONE
2026-05-18 23:58:58.283160,Cooling-Tower-D,79.17,3.75,415.81,134.8,82.52,0,NONE
2026-05-19 00:00:58.283160,Heavy-Extruder-B,60.61,4.19,416.73,121.81,74.73,0,NONE
2026-05-19 00:02:58.283160,Heavy-Extruder-B,83.66,4.34,413.31,123.22,74.98,0,NONE
2026-05-19 00:04:58.283160,Heavy-Extruder-B,99.23,5.78,417.48,107.66,66.17,0,NONE
2026-05-19 00:06:58.283160,Cooling-Tower-D,94.26,2.84,422.41,98.05,60.97,0,NONE
2026-05-19 00:08:58.283160,Heavy-Extruder-B,94.65,5.46,418.52,134.44,82.83,0,NONE
2026-05-19 00:10:58.283160,Stamping-Press-C,97.36,3.75,419.05,120.63,74.42,0,NONE
2026-05-19 00:12:58.283160,Cooling-Tower-D,85.89,3.4,416.47,133.61,81.92,0,NONE
2026-05-19 00:14:58.283160,Stamping-Press-C,86.97,5.44,407.48,114.21,68.51,0,NONE
2026-05-19 00:16:58.283160,Cooling-Tower-D,78.82,5.09,409.78,116.45,70.25,0,NONE
2026-05-19 00:18:58.283160,Heavy-Extruder-B,81.84,5.5,417.27,130.7,80.29,0,NONE
2026-05-19 00:20:58.283160,Stamping-Press-C,91.16,5.14,414.95,130.99,80.02,0,NONE
2026-05-19 00:22:58.283160,Cooling-Tower-D,97.04,6.15,417.2,131.96,81.05,0,NONE
2026-05-19 00:24:58.283160,Induction-Furnace-A,83.61,4.95,423.38,115.57,72.04,0,NONE
2026-05-19 00:26:58.283160,Heavy-Extruder-B,80.5,4.37,418.63,129.22,79.64,0,NONE
2026-05-19 00:28:58.283160,Cooling-Tower-D,85.01,4.77,421.29,136.64,84.75,0,NONE
2026-05-19 00:30:58.283160,Induction-Furnace-A,91.01,5.49,415.47,118.43,72.44,0,NONE
2026-05-19 00:32:58.283160,Cooling-Tower-D,70.56,3.88,410.96,112.3,67.94,0,NONE
2026-05-19 00:34:58.283160,Induction-Furnace-A,62.04,3.98,414.71,140.14,85.56,0,NONE
2026-05-19 00:36:58.283160,Heavy-Extruder-B,79.49,4.25,410.98,110.18,66.67,0,NONE
2026-05-19 00:38:58.283160,Stamping-Press-C,72.79,2.82,422.79,129.44,80.57,0,NONE
2026-05-19 00:40:58.283160,Induction-Furnace-A,79.92,4.61,418.95,119.12,73.47,0,NONE
2026-05-19 00:42:58.283160,Cooling-Tower-D,83.52,2.99,417.6,92.38,56.79,0,NONE
2026-05-19 00:44:58.283160,Heavy-Extruder-B,80.47,4.54,421.18,136.93,84.9,0,NONE
2026-05-19 00:46:58.283160,Induction-Furnace-A,99.52,5.19,404.9,78.63,46.87,0,NONE
2026-05-19 00:48:58.283160,Cooling-Tower-D,88.27,4.12,417.94,90.24,55.52,0,NONE
2026-05-19 00:50:58.283160,Cooling-Tower-D,88.0,5.84,408.45,127.91,76.91,0,NONE
2026-05-19 00:52:58.283160,Cooling-Tower-D,91.22,3.33,414.96,127.91,78.14,0,NONE
2026-05-19 00:54:58.283160,Induction-Furnace-A,73.61,5.45,413.44,110.44,67.22,0,NONE
2026-05-19 00:56:58.283160,Induction-Furnace-A,95.39,5.04,418.31,122.22,75.27,0,NONE
2026-05-19 00:58:58.283160,Induction-Furnace-A,84.24,3.13,416.14,82.03,50.25,0,NONE
2026-05-19 01:00:58.283160,Stamping-Press-C,91.7,6.67,421.73,130.6,81.09,0,NONE
2026-05-19 01:02:58.283160,Induction-Furnace-A,74.28,4.45,411.99,123.75,75.06,0,NONE
2026-05-19 01:04:58.283160,Induction-Furnace-A,69.46,3.8,418.55,119.32,73.52,0,NONE
2026-05-19 01:06:58.283160,Induction-Furnace-A,93.18,3.37,415.81,120.31,73.65,0,NONE
2026-05-19 01:08:58.283160,Stamping-Press-C,88.76,4.32,406.82,127.4,76.3,0,NONE
2026-05-19 01:10:58.283160,Induction-Furnace-A,75.98,4.4,410.41,119.57,72.24,0,NONE
2026-05-19 01:12:58.283160,Cooling-Tower-D,76.3,4.58,414.25,91.89,56.04,0,NONE
2026-05-19 01:14:58.283160,Induction-Furnace-A,96.25,4.26,420.56,152.94,94.7,0,NONE
2026-05-19 01:16:58.283160,Cooling-Tower-D,73.11,5.01,417.32,138.01,84.79,0,NONE
2026-05-19 01:18:58.283160,Cooling-Tower-D,101.43,4.19,409.16,100.73,60.67,0,NONE
2026-05-19 01:20:58.283160,Cooling-Tower-D,75.99,2.95,414.3,114.82,70.03,0,NONE
2026-05-19 01:22:58.283160,Stamping-Press-C,91.38,4.38,425.09,116.46,72.88,0,NONE
2026-05-19 01:24:58.283160,Stamping-Press-C,81.71,2.61,415.56,136.18,83.31,0,NONE
2026-05-19 01:26:58.283160,Stamping-Press-C,91.03,4.78,413.36,87.61,53.32,0,NONE
2026-05-19 01:28:58.283160,Induction-Furnace-A,79.56,3.72,417.46,112.51,69.15,0,NONE
2026-05-19 01:30:58.283160,Cooling-Tower-D,83.37,4.63,418.82,93.59,57.71,0,NONE
2026-05-19 01:32:58.283160,Stamping-Press-C,125.41,5.55,412.72,195.72,118.92,1,ERR-TEMP-HIGH
2026-05-19 01:34:58.283160,Stamping-Press-C,74.98,3.74,417.51,112.91,69.4,0,NONE
2026-05-19 01:36:58.283160,Induction-Furnace-A,92.41,5.35,413.36,121.2,73.75,0,NONE
2026-05-19 01:38:58.283160,Stamping-Press-C,79.87,4.15,418.6,110.93,68.36,0,NONE
2026-05-19 01:40:58.283160,Induction-Furnace-A,82.71,5.9,415.85,108.73,66.57,0,NONE
2026-05-19 01:42:58.283160,Heavy-Extruder-B,75.06,4.21,417.41,129.29,79.45,0,NONE
2026-05-19 01:44:58.283160,Stamping-Press-C,59.38,3.83,411.2,126.82,76.77,0,NONE
2026-05-19 01:46:58.283160,Heavy-Extruder-B,83.09,5.05,410.89,128.27,77.59,0,NONE
2026-05-19 01:48:58.283160,Induction-Furnace-A,109.13,4.15,419.73,117.35,72.51,0,NONE
2026-05-19 01:50:58.283160,Cooling-Tower-D,92.85,3.83,414.6,111.42,68.01,0,NONE
2026-05-19 01:52:58.283160,Stamping-Press-C,84.81,4.12,416.43,118.22,72.47,0,NONE
2026-05-19 01:54:58.283160,Induction-Furnace-A,82.37,4.46,413.47,127.52,77.62,0,NONE
2026-05-19 01:56:58.283160,Cooling-Tower-D,85.22,5.57,419.49,87.35,53.94,0,NONE
2026-05-19 01:58:58.283160,Cooling-Tower-D,90.47,2.95,411.96,125.91,76.36,0,NONE
2026-05-19 02:00:58.283160,Heavy-Extruder-B,73.19,4.52,414.32,124.64,76.02,0,NONE
2026-05-19 02:02:58.283160,Induction-Furnace-A,96.14,5.0,418.93,120.93,74.58,0,NONE
2026-05-19 02:04:58.283160,Cooling-Tower-D,92.15,4.65,420.86,117.76,72.96,0,NONE
2026-05-19 02:06:58.283160,Stamping-Press-C,92.18,5.55,412.38,81.51,49.48,0,NONE
2026-05-19 02:08:58.283160,Stamping-Press-C,89.38,4.44,424.8,113.4,70.92,0,NONE
2026-05-19 02:10:58.283160,Heavy-Extruder-B,85.2,4.35,416.57,146.84,90.05,0,NONE
2026-05-19 02:12:58.283160,Cooling-Tower-D,91.73,4.97,409.79,120.19,72.51,0,NONE
2026-05-19 02:14:58.283160,Induction-Furnace-A,90.92,4.58,416.85,115.39,70.81,0,NONE
2026-05-19 02:16:58.283160,Stamping-Press-C,81.46,4.19,413.09,120.25,73.13,0,NONE
2026-05-19 02:18:58.283160,Cooling-Tower-D,79.26,4.91,417.17,125.32,76.97,0,NONE
2026-05-19 02:20:58.283160,Cooling-Tower-D,86.02,3.98,414.79,129.88,79.31,0,NONE
2026-05-19 02:22:58.283160,Heavy-Extruder-B,100.49,4.01,415.37,116.57,71.28,0,NONE
2026-05-19 02:24:58.283160,Stamping-Press-C,72.61,4.08,410.44,126.37,76.36,0,NONE
2026-05-19 02:26:58.283160,Stamping-Press-C,70.32,5.58,419.95,145.15,89.74,0,NONE
2026-05-19 02:28:58.283160,Induction-Furnace-A,86.65,1.92,409.22,135.09,81.39,0,NONE
2026-05-19 02:30:58.283160,Stamping-Press-C,85.51,4.82,409.46,155.1,93.5,0,NONE
2026-05-19 02:32:58.283160,Induction-Furnace-A,86.73,4.53,416.84,110.15,67.59,0,NONE
2026-05-19 02:34:58.283160,Stamping-Press-C,87.44,3.16,423.01,145.14,90.39,0,NONE
2026-05-19 02:36:58.283160,Heavy-Extruder-B,82.77,4.75,413.24,108.14,65.79,0,NONE
2026-05-19 02:38:58.283160,Stamping-Press-C,99.9,4.88,418.5,125.3,77.2,0,NONE
2026-05-19 02:40:58.283160,Induction-Furnace-A,68.99,4.97,420.37,130.99,81.06,0,NONE
2026-05-19 02:42:58.283160,Induction-Furnace-A,76.72,2.38,419.07,112.34,69.31,0,NONE
2026-05-19 02:44:58.283160,Heavy-Extruder-B,83.97,5.59,413.44,121.32,73.84,0,NONE
2026-05-19 02:46:58.283160,Stamping-Press-C,68.57,3.91,409.54,133.66,80.59,0,NONE
2026-05-19 02:48:58.283160,Stamping-Press-C,83.24,5.05,403.96,109.35,65.03,0,NONE
2026-05-19 02:50:58.283160,Heavy-Extruder-B,101.61,5.09,413.69,145.04,88.33,0,NONE
2026-05-19 02:52:58.283160,Stamping-Press-C,85.21,3.8,420.89,99.23,61.49,0,NONE
2026-05-19 02:54:58.283160,Stamping-Press-C,87.31,5.03,409.38,149.1,89.86,0,NONE
2026-05-19 02:56:58.283160,Induction-Furnace-A,72.4,4.19,418.5,135.02,83.19,0,NONE
2026-05-19 02:58:58.283160,Stamping-Press-C,78.84,2.84,410.25,118.65,71.66,0,NONE
2026-05-19 03:00:58.283160,Stamping-Press-C,81.25,5.43,415.53,113.96,69.71,0,NONE
2026-05-19 03:02:58.283160,Heavy-Extruder-B,81.82,3.88,418.54,112.39,69.25,0,NONE
2026-05-19 03:04:58.283160,Heavy-Extruder-B,97.82,3.82,411.7,117.96,71.5,0,NONE
2026-05-19 03:06:58.283160,Cooling-Tower-D,90.58,4.18,415.85,119.27,73.02,0,NONE
2026-05-19 03:08:58.283160,Induction-Furnace-A,73.89,4.72,412.92,138.83,84.39,0,NONE
2026-05-19 03:10:58.283160,Stamping-Press-C,87.47,4.45,418.53,149.53,92.13,0,NONE
2026-05-19 03:12:58.283160,Stamping-Press-C,89.98,4.94,416.18,122.99,75.36,0,NONE
2026-05-19 03:14:58.283160,Cooling-Tower-D,96.4,3.43,415.28,107.32,65.61,0,NONE
2026-05-19 03:16:58.283160,Stamping-Press-C,100.81,3.91,422.79,111.81,69.6,0,NONE
2026-05-19 03:18:58.283160,Induction-Furnace-A,74.85,4.41,418.31,117.25,72.21,0,NONE
2026-05-19 03:20:58.283160,Cooling-Tower-D,76.89,6.02,411.55,104.55,63.34,0,NONE
2026-05-19 03:22:58.283160,Induction-Furnace-A,72.42,4.41,414.57,102.32,62.45,0,NONE
2026-05-19 03:24:58.283160,Cooling-Tower-D,82.66,5.37,414.62,151.46,92.45,0,NONE
2026-05-19 03:26:58.283160,Cooling-Tower-D,89.66,4.53,415.4,124.54,76.16,0,NONE
2026-05-19 03:28:58.283160,Heavy-Extruder-B,94.87,4.11,427.62,107.5,67.68,0,NONE
2026-05-19 03:30:58.283160,Induction-Furnace-A,84.24,4.3,416.85,132.25,81.16,0,NONE
2026-05-19 03:32:58.283160,Stamping-Press-C,81.8,4.37,404.82,102.32,60.98,0,NONE
2026-05-19 03:34:58.283160,Stamping-Press-C,86.52,4.98,412.29,103.56,62.86,0,NONE
2026-05-19 03:36:58.283160,Induction-Furnace-A,76.65,5.6,405.34,107.95,64.42,0,NONE
2026-05-19 03:38:58.283160,Stamping-Press-C,105.9,4.79,413.35,144.82,88.13,0,NONE
2026-05-19 03:40:58.283160,Stamping-Press-C,68.92,5.45,405.06,116.21,69.3,0,NONE
2026-05-19 03:42:58.283160,Induction-Furnace-A,86.85,3.73,410.64,83.37,50.4,0,NONE
2026-05-19 03:44:58.283160,Cooling-Tower-D,105.24,4.17,407.4,138.15,82.86,0,NONE
2026-05-19 03:46:58.283160,Induction-Furnace-A,85.07,3.92,416.92,115.4,70.83,0,NONE
2026-05-19 03:48:58.283160,Cooling-Tower-D,83.1,4.75,415.0,92.26,56.37,0,NONE
2026-05-19 03:50:58.283160,Stamping-Press-C,81.43,4.21,416.51,115.25,70.67,0,NONE
2026-05-19 03:52:58.283160,Stamping-Press-C,83.2,11.58,414.48,127.82,77.99,1,ERR-VIB-WARN
2026-05-19 03:54:58.283160,Stamping-Press-C,98.73,3.76,408.03,126.06,75.72,0,NONE
2026-05-19 03:56:58.283160,Heavy-Extruder-B,62.88,4.53,417.57,146.98,90.35,0,NONE
2026-05-19 03:58:58.283160,Cooling-Tower-D,100.33,5.05,424.61,107.21,67.02,0,NONE
2026-05-19 04:00:58.283160,Heavy-Extruder-B,70.76,2.85,417.05,120.7,74.11,0,NONE
2026-05-19 04:02:58.283160,Heavy-Extruder-B,82.33,6.2,412.87,109.51,66.56,0,NONE
2026-05-19 04:04:58.283160,Induction-Furnace-A,80.71,4.27,407.86,96.87,58.16,0,NONE
2026-05-19 04:06:58.283160,Heavy-Extruder-B,90.89,2.88,410.46,133.28,80.54,0,NONE
2026-05-19 04:08:58.283160,Induction-Furnace-A,69.02,4.63,417.27,126.95,77.98,0,NONE
2026-05-19 04:10:58.283160,Induction-Furnace-A,89.62,4.53,420.37,124.26,76.9,0,NONE
2026-05-19 04:12:58.283160,Heavy-Extruder-B,105.24,4.43,416.3,126.4,77.47,0,NONE
2026-05-19 04:14:58.283160,Cooling-Tower-D,71.37,5.29,419.0,109.72,67.68,0,NONE
2026-05-19 04:16:58.283160,Cooling-Tower-D,86.9,5.1,418.54,104.91,64.65,0,NONE
2026-05-19 04:18:58.283160,Cooling-Tower-D,78.38,4.74,417.53,120.56,74.11,0,NONE
2026-05-19 04:20:58.283160,Cooling-Tower-D,89.26,4.86,411.71,137.42,83.29,0,NONE
2026-05-19 04:22:58.283160,Cooling-Tower-D,85.19,4.42,415.87,144.12,88.24,0,NONE
2026-05-19 04:24:58.283160,Heavy-Extruder-B,78.59,5.92,410.76,131.93,79.78,0,NONE
2026-05-19 04:26:58.283160,Heavy-Extruder-B,89.88,3.32,415.09,120.44,73.6,0,NONE
2026-05-19 04:28:58.283160,Stamping-Press-C,103.04,4.61,416.65,124.05,76.09,0,NONE
2026-05-19 04:30:58.283160,Cooling-Tower-D,83.09,4.55,423.39,120.17,74.91,0,NONE
2026-05-19 04:32:58.283160,Heavy-Extruder-B,92.2,5.15,408.45,104.61,62.9,0,NONE
2026-05-19 04:34:58.283160,Stamping-Press-C,72.07,3.82,417.41,120.37,73.97,0,NONE
2026-05-19 04:36:58.283160,Cooling-Tower-D,75.44,3.11,422.41,99.98,62.17,0,NONE
2026-05-19 04:38:58.283160,Induction-Furnace-A,89.72,4.63,418.79,118.14,72.84,0,NONE
2026-05-19 04:40:58.283160,Stamping-Press-C,99.84,4.72,419.16,144.54,89.2,0,NONE
2026-05-19 04:42:58.283160,Heavy-Extruder-B,88.56,5.69,417.94,132.34,81.43,0,NONE
2026-05-19 04:44:58.283160,Induction-Furnace-A,81.87,3.48,421.49,106.15,65.87,0,NONE
2026-05-19 04:46:58.283160,Induction-Furnace-A,84.99,5.42,409.56,118.91,71.7,0,NONE
2026-05-19 04:48:58.283160,Induction-Furnace-A,72.5,6.39,408.07,107.48,64.57,0,NONE
2026-05-19 04:50:58.283160,Stamping-Press-C,91.05,4.2,414.97,119.06,72.74,0,NONE
2026-05-19 04:52:58.283160,Heavy-Extruder-B,93.82,3.47,404.19,135.62,80.7,0,NONE
2026-05-19 04:54:58.283160,Induction-Furnace-A,80.48,4.17,421.15,129.8,80.48,0,NONE
2026-05-19 04:56:58.283160,Cooling-Tower-D,80.3,4.51,421.1,157.26,97.49,0,NONE
2026-05-19 04:58:58.283160,Induction-Furnace-A,87.66,4.95,412.83,137.89,83.8,0,NONE
2026-05-19 05:00:58.283160,Induction-Furnace-A,80.63,4.03,413.15,123.06,74.85,0,NONE
2026-05-19 05:02:58.283160,Stamping-Press-C,84.34,5.74,414.64,130.16,79.45,0,NONE
2026-05-19 05:04:58.283160,Stamping-Press-C,106.0,3.61,415.26,116.96,71.51,0,NONE
2026-05-19 05:06:58.283160,Heavy-Extruder-B,82.53,3.11,415.64,103.09,63.08,0,NONE
2026-05-19 05:08:58.283160,Cooling-Tower-D,81.42,5.39,417.79,139.59,85.86,0,NONE
2026-05-19 05:10:58.283160,Stamping-Press-C,78.52,2.68,414.14,135.13,82.39,0,NONE
2026-05-19 05:12:58.283160,Induction-Furnace-A,92.44,4.34,419.72,116.38,71.91,0,NONE
2026-05-19 05:14:58.283160,Heavy-Extruder-B,83.19,6.99,417.23,124.11,76.23,0,NONE
2026-05-19 05:16:58.283160,Induction-Furnace-A,78.51,4.49,411.97,138.61,84.07,0,NONE
2026-05-19 05:18:58.283160,Induction-Furnace-A,98.21,3.6,421.68,132.7,82.38,0,NONE
2026-05-19 05:20:58.283160,Stamping-Press-C,99.2,4.45,408.21,98.05,58.93,0,NONE
2026-05-19 05:22:58.283160,Heavy-Extruder-B,79.0,4.46,414.54,123.65,75.46,0,NONE
2026-05-19 05:24:58.283160,Cooling-Tower-D,66.33,4.63,419.83,117.49,72.62,0,NONE
2026-05-19 05:26:58.283160,Cooling-Tower-D,95.08,5.03,411.38,136.7,82.79,0,NONE
2026-05-19 05:28:58.283160,Stamping-Press-C,78.15,3.67,416.55,135.47,83.07,0,NONE
2026-05-19 05:30:58.283160,Stamping-Press-C,92.91,5.85,417.72,139.78,85.96,0,NONE
2026-05-19 05:32:58.283160,Heavy-Extruder-B,65.3,4.7,410.7,103.23,62.42,0,NONE
2026-05-19 05:34:58.283160,Cooling-Tower-D,93.93,5.08,414.64,108.24,66.07,0,NONE
2026-05-19 05:36:58.283160,Cooling-Tower-D,72.89,4.0,414.22,136.71,83.37,0,NONE
2026-05-19 05:38:58.283160,Cooling-Tower-D,92.31,5.53,412.24,111.13,67.44,0,NONE
2026-05-19 05:40:58.283160,Induction-Furnace-A,85.14,4.29,426.51,97.18,61.02,0,NONE
2026-05-19 05:42:58.283160,Cooling-Tower-D,75.46,4.72,411.18,127.99,77.48,0,NONE
2026-05-19 05:44:58.283160,Induction-Furnace-A,80.93,3.75,420.02,111.79,69.13,0,NONE
2026-05-19 05:46:58.283160,Heavy-Extruder-B,91.86,3.7,413.04,146.85,89.29,0,NONE
2026-05-19 05:48:58.283160,Induction-Furnace-A,86.06,5.05,409.57,124.44,75.03,0,NONE
2026-05-19 05:50:58.283160,Heavy-Extruder-B,90.84,4.15,415.51,122.4,74.88,0,NONE
2026-05-19 05:52:58.283160,Cooling-Tower-D,104.76,3.82,418.25,114.46,70.48,0,NONE
2026-05-19 05:54:58.283160,Cooling-Tower-D,69.36,3.99,419.6,143.86,88.87,0,NONE
2026-05-19 05:56:58.283160,Heavy-Extruder-B,101.17,5.06,422.81,125.38,78.04,0,NONE
2026-05-19 05:58:58.283160,Stamping-Press-C,86.04,4.0,429.73,113.87,72.04,0,NONE
2026-05-19 06:00:58.283160,Heavy-Extruder-B,76.01,4.41,416.25,108.09,66.24,0,NONE
2026-05-19 06:02:58.283160,Stamping-Press-C,71.7,4.51,411.68,118.9,72.06,0,NONE
2026-05-19 06:04:58.283160,Induction-Furnace-A,83.11,2.97,417.26,105.34,64.71,0,NONE
2026-05-19 06:06:58.283160,Induction-Furnace-A,94.22,3.32,413.67,135.43,82.48,0,NONE
2026-05-19 06:08:58.283160,Induction-Furnace-A,83.72,4.77,419.63,92.87,57.38,0,NONE
2026-05-19 06:10:58.283160,Cooling-Tower-D,100.11,3.91,408.51,117.91,70.91,0,NONE
2026-05-19 06:12:58.283160,Induction-Furnace-A,70.49,5.35,426.84,129.15,81.16,0,NONE
2026-05-19 06:14:58.283160,Stamping-Press-C,84.88,5.27,419.28,125.13,77.24,0,NONE
2026-05-19 06:16:58.283160,Induction-Furnace-A,72.48,5.08,406.58,109.24,65.39,0,NONE
2026-05-19 06:18:58.283160,Heavy-Extruder-B,88.64,5.96,411.45,129.9,78.69,0,NONE
2026-05-19 06:20:58.283160,Heavy-Extruder-B,93.87,4.43,419.08,106.71,65.84,0,NONE
2026-05-19 06:22:58.283160,Cooling-Tower-D,80.79,5.02,420.88,119.66,74.15,0,NONE
2026-05-19 06:24:58.283160,Heavy-Extruder-B,58.96,4.03,408.64,129.78,78.07,0,NONE
2026-05-19 06:26:58.283160,Stamping-Press-C,86.99,6.46,418.57,126.94,78.22,0,NONE
2026-05-19 06:28:58.283160,Induction-Furnace-A,89.37,6.09,405.26,109.87,65.55,0,NONE
2026-05-19 06:30:58.283160,Cooling-Tower-D,89.04,4.51,414.55,137.96,84.2,0,NONE
2026-05-19 06:32:58.283160,Induction-Furnace-A,137.36,4.81,420.56,201.3,124.63,1,ERR-TEMP-HIGH
2026-05-19 06:34:58.283160,Induction-Furnace-A,74.29,5.59,412.24,131.14,79.59,0,NONE
2026-05-19 06:36:58.283160,Stamping-Press-C,91.8,4.38,407.47,142.94,85.74,0,NONE
2026-05-19 06:38:58.283160,Heavy-Extruder-B,96.93,3.97,415.73,136.76,83.7,0,NONE
2026-05-19 06:40:58.283160,Heavy-Extruder-B,67.21,5.2,411.98,136.8,82.97,0,NONE
2026-05-19 06:42:58.283160,Induction-Furnace-A,88.2,4.56,418.15,122.89,75.65,0,NONE
2026-05-19 06:44:58.283160,Cooling-Tower-D,79.96,4.65,410.57,131.91,79.73,0,NONE
2026-05-19 06:46:58.283160,Heavy-Extruder-B,84.18,3.83,411.14,123.2,74.57,0,NONE
2026-05-19 06:48:58.283160,Cooling-Tower-D,88.48,3.13,404.89,101.86,60.72,0,NONE
2026-05-19 06:50:58.283160,Heavy-Extruder-B,80.13,4.69,415.85,124.54,76.25,0,NONE
2026-05-19 06:52:58.283160,Cooling-Tower-D,78.24,5.22,414.2,123.85,75.52,0,NONE
2026-05-19 06:54:58.283160,Stamping-Press-C,85.34,4.32,409.06,128.76,77.54,0,NONE
2026-05-19 06:56:58.283160,Cooling-Tower-D,74.13,5.65,415.97,118.08,72.31,0,NONE
2026-05-19 06:58:58.283160,Stamping-Press-C,74.14,3.94,420.14,108.58,67.16,0,NONE
2026-05-19 07:00:58.283160,Stamping-Press-C,91.79,3.66,413.92,129.85,79.13,0,NONE
2026-05-19 07:02:58.283160,Cooling-Tower-D,73.51,4.45,416.34,100.3,61.48,0,NONE
2026-05-19 07:04:58.283160,Stamping-Press-C,91.66,4.43,416.37,141.88,86.97,0,NONE
2026-05-19 07:06:58.283160,Induction-Furnace-A,89.63,5.12,408.98,116.53,70.16,0,NONE
2026-05-19 07:08:58.283160,Stamping-Press-C,67.74,3.88,425.28,123.68,77.44,0,NONE
2026-05-19 07:10:58.283160,Heavy-Extruder-B,78.22,5.59,412.65,128.38,77.99,0,NONE
2026-05-19 07:12:58.283160,Cooling-Tower-D,96.94,6.07,418.28,128.86,79.35,0,NONE
2026-05-19 07:14:58.283160,Induction-Furnace-A,75.19,4.47,418.85,98.87,60.96,0,NONE
2026-05-19 07:16:58.283160,Cooling-Tower-D,80.36,5.5,414.3,132.36,80.73,0,NONE
2026-05-19 07:18:58.283160,Heavy-Extruder-B,89.62,3.65,418.03,124.55,76.65,0,NONE
2026-05-19 07:20:58.283160,Heavy-Extruder-B,92.83,5.36,416.23,110.47,67.69,0,NONE
2026-05-19 07:22:58.283160,Heavy-Extruder-B,82.48,5.34,407.91,108.75,65.31,0,NONE
2026-05-19 07:24:58.283160,Stamping-Press-C,79.02,5.19,413.34,114.99,69.97,0,NONE
2026-05-19 07:26:58.283160,Stamping-Press-C,99.22,4.49,411.94,100.52,60.96,0,NONE
2026-05-19 07:28:58.283160,Cooling-Tower-D,102.39,2.14,412.69,145.83,88.6,0,NONE
2026-05-19 07:30:58.283160,Cooling-Tower-D,94.79,3.99,408.48,142.29,85.57,0,NONE
2026-05-19 07:32:58.283160,Induction-Furnace-A,85.85,4.0,420.63,126.78,78.51,0,NONE
2026-05-19 07:34:58.283160,Induction-Furnace-A,76.92,3.72,423.01,116.65,72.64,0,NONE
2026-05-19 07:36:58.283160,Cooling-Tower-D,76.7,4.6,419.89,117.04,72.35,0,NONE
2026-05-19 07:38:58.283160,Stamping-Press-C,90.23,4.16,421.35,131.37,81.49,0,NONE
2026-05-19 07:40:58.283160,Heavy-Extruder-B,89.18,3.84,413.28,146.37,89.05,0,NONE
2026-05-19 07:42:58.283160,Cooling-Tower-D,99.02,3.65,411.82,111.44,67.57,0,NONE
2026-05-19 07:44:58.283160,Induction-Furnace-A,91.5,3.93,411.11,103.24,62.48,0,NONE
2026-05-19 07:46:58.283160,Stamping-Press-C,69.97,5.4,418.22,143.21,88.18,0,NONE
2026-05-19 07:48:58.283160,Cooling-Tower-D,95.52,3.97,416.14,93.19,57.09,0,NONE
2026-05-19 07:50:58.283160,Cooling-Tower-D,75.02,4.09,414.61,104.87,64.01,0,NONE
2026-05-19 07:52:58.283160,Stamping-Press-C,81.16,4.13,421.48,116.3,72.16,0,NONE
2026-05-19 07:54:58.283160,Cooling-Tower-D,87.5,4.77,417.02,96.59,59.3,0,NONE
2026-05-19 07:56:58.283160,Stamping-Press-C,104.96,4.86,410.81,136.68,82.66,0,NONE
2026-05-19 07:58:58.283160,Heavy-Extruder-B,116.1,2.06,411.6,132.85,80.5,1,ERR-TEMP-HIGH
2026-05-19 08:00:58.283160,Stamping-Press-C,91.07,5.32,418.41,111.38,68.61,0,NONE
2026-05-19 08:02:58.283160,Stamping-Press-C,83.17,5.65,420.21,139.19,86.11,0,NONE
2026-05-19 08:04:58.283160,Stamping-Press-C,90.35,3.66,417.76,141.74,87.17,0,NONE
2026-05-19 08:06:58.283160,Cooling-Tower-D,93.88,3.72,424.48,118.3,73.93,0,NONE
2026-05-19 08:08:58.283160,Cooling-Tower-D,81.79,4.14,423.18,113.24,70.55,0,NONE
2026-05-19 08:10:58.283160,Stamping-Press-C,102.95,3.9,417.21,153.89,94.52,0,NONE
2026-05-19 08:12:58.283160,Cooling-Tower-D,87.3,4.68,410.81,130.82,79.12,0,NONE
2026-05-19 08:14:58.283160,Induction-Furnace-A,89.98,2.94,408.45,123.84,74.47,0,NONE
2026-05-19 08:16:58.283160,Induction-Furnace-A,91.66,3.61,413.06,140.45,85.41,0,NONE
2026-05-19 08:18:58.283160,Cooling-Tower-D,89.22,5.73,418.77,124.53,76.77,0,NONE
2026-05-19 08:20:58.283160,Cooling-Tower-D,93.39,3.76,424.13,112.42,70.19,0,NONE
2026-05-19 08:22:58.283160,Stamping-Press-C,78.83,5.49,417.09,121.2,74.42,0,NONE
2026-05-19 08:24:58.283160,Heavy-Extruder-B,79.42,4.78,420.84,135.58,84.0,0,NONE
2026-05-19 08:26:58.283160,Cooling-Tower-D,74.0,3.05,413.77,90.12,54.9,0,NONE
2026-05-19 08:28:58.283160,Induction-Furnace-A,89.4,5.01,418.11,115.68,71.21,0,NONE
2026-05-19 08:30:58.283160,Stamping-Press-C,92.79,4.41,419.12,140.75,86.84,0,NONE
2026-05-19 08:32:58.283160,Cooling-Tower-D,89.58,4.14,405.1,112.32,66.99,0,NONE
2026-05-19 08:34:58.283160,Induction-Furnace-A,101.74,4.7,412.93,143.19,87.05,0,NONE
2026-05-19 08:36:58.283160,Induction-Furnace-A,84.94,4.88,419.75,141.22,87.27,0,NONE
2026-05-19 08:38:58.283160,Heavy-Extruder-B,91.69,5.07,416.37,119.02,72.96,0,NONE
2026-05-19 08:40:58.283160,Stamping-Press-C,74.08,5.44,409.02,111.47,67.12,0,NONE
2026-05-19 08:42:58.283160,Stamping-Press-C,81.13,4.83,402.85,115.69,68.61,0,NONE
2026-05-19 08:44:58.283160,Heavy-Extruder-B,91.96,3.4,413.17,159.97,97.3,0,NONE
2026-05-19 08:46:58.283160,Heavy-Extruder-B,93.49,4.12,414.64,148.12,90.42,0,NONE
2026-05-19 08:48:58.283160,Stamping-Press-C,82.06,6.85,410.58,121.88,73.67,0,NONE
2026-05-19 08:50:58.283160,Stamping-Press-C,84.28,5.08,415.72,110.88,67.86,0,NONE
2026-05-19 08:52:58.283160,Cooling-Tower-D,69.82,6.4,417.53,121.76,74.84,0,NONE
2026-05-19 08:54:58.283160,Cooling-Tower-D,81.43,5.62,418.35,123.66,76.16,0,NONE
2026-05-19 08:56:58.283160,Heavy-Extruder-B,93.9,4.69,403.22,101.35,60.16,0,NONE
2026-05-19 08:58:58.283160,Cooling-Tower-D,90.75,4.74,408.43,121.2,72.88,0,NONE
2026-05-19 09:00:58.283160,Induction-Furnace-A,90.01,4.47,413.48,139.84,85.12,0,NONE
2026-05-19 09:02:58.283160,Cooling-Tower-D,85.5,3.11,417.86,93.01,57.22,0,NONE
2026-05-19 09:04:58.283160,Cooling-Tower-D,85.07,4.51,417.45,132.4,81.37,0,NONE
2026-05-19 09:06:58.283160,Induction-Furnace-A,78.4,5.47,417.36,140.62,86.4,0,NONE
2026-05-19 09:08:58.283160,Heavy-Extruder-B,91.99,4.02,413.08,111.59,67.86,0,NONE
2026-05-19 09:10:58.283160,Induction-Furnace-A,89.21,4.83,413.36,145.41,88.49,0,NONE
2026-05-19 09:12:58.283160,Cooling-Tower-D,89.92,5.18,411.36,109.64,66.4,0,NONE
2026-05-19 09:14:58.283160,Heavy-Extruder-B,79.74,3.77,418.84,126.62,78.07,0,NONE
2026-05-19 09:16:58.283160,Cooling-Tower-D,63.47,4.14,410.4,115.4,69.72,0,NONE
2026-05-19 09:18:58.283160,Induction-Furnace-A,95.97,3.69,419.25,115.4,71.22,0,NONE
2026-05-19 09:20:58.283160,Induction-Furnace-A,80.21,3.84,416.04,110.74,67.83,0,NONE
2026-05-19 09:22:58.283160,Cooling-Tower-D,76.37,3.47,414.77,130.48,79.67,0,NONE
2026-05-19 09:24:58.283160,Stamping-Press-C,91.93,3.78,411.72,132.73,80.45,0,NONE
2026-05-19 09:26:58.283160,Stamping-Press-C,81.08,5.64,408.22,119.03,71.54,0,NONE
2026-05-19 09:28:58.283160,Induction-Furnace-A,95.6,3.77,411.76,99.6,60.38,0,NONE
2026-05-19 09:30:58.283160,Induction-Furnace-A,91.17,4.6,413.35,126.05,76.7,0,NONE
2026-05-19 09:32:58.283160,Stamping-Press-C,91.84,4.1,403.15,126.33,74.98,0,NONE
2026-05-19 09:34:58.283160,Stamping-Press-C,71.34,5.44,414.01,116.75,71.16,0,NONE
2026-05-19 09:36:58.283160,Cooling-Tower-D,97.12,5.55,419.62,148.01,91.43,0,NONE
2026-05-19 09:38:58.283160,Cooling-Tower-D,87.61,5.19,417.84,96.54,59.39,0,NONE
2026-05-19 09:40:58.283160,Stamping-Press-C,81.31,4.74,412.52,86.74,52.68,0,NONE
2026-05-19 09:42:58.283160,Cooling-Tower-D,86.43,4.32,415.23,109.04,66.66,0,NONE
2026-05-19 09:44:58.283160,Cooling-Tower-D,67.24,3.55,412.22,130.66,79.29,0,NONE
2026-05-19 09:46:58.283160,Heavy-Extruder-B,89.09,6.05,415.74,104.16,63.75,0,NONE
2026-05-19 09:48:58.283160,Cooling-Tower-D,74.71,3.89,422.7,105.29,65.52,0,NONE
2026-05-19 09:50:58.283160,Induction-Furnace-A,71.47,5.03,419.84,134.27,82.99,0,NONE
2026-05-19 09:52:58.283160,Cooling-Tower-D,69.78,5.35,417.6,126.94,78.04,0,NONE
2026-05-19 09:54:58.283160,Cooling-Tower-D,96.13,4.06,412.54,125.66,76.32,0,NONE
2026-05-19 09:56:58.283160,Stamping-Press-C,78.71,5.33,418.75,131.72,81.2,0,NONE
2026-05-19 09:58:58.283160,Induction-Furnace-A,100.34,5.11,406.57,113.62,68.01,0,NONE
2026-05-19 10:00:58.283160,Cooling-Tower-D,79.64,5.88,413.74,114.32,69.63,0,NONE
2026-05-19 10:02:58.283160,Cooling-Tower-D,67.93,4.12,417.92,132.15,81.3,0,NONE
2026-05-19 10:04:58.283160,Heavy-Extruder-B,73.83,3.47,418.7,99.83,61.53,0,NONE
2026-05-19 10:06:58.283160,Cooling-Tower-D,97.36,4.1,418.35,87.86,54.11,0,NONE
2026-05-19 10:08:58.283160,Cooling-Tower-D,83.44,4.67,416.47,113.5,69.59,0,NONE
2026-05-19 10:10:58.283160,Heavy-Extruder-B,79.52,4.55,414.02,133.96,81.65,0,NONE
2026-05-19 10:12:58.283160,Stamping-Press-C,86.6,4.19,417.69,123.83,76.15,0,NONE
2026-05-19 10:14:58.283160,Cooling-Tower-D,90.02,2.97,410.24,132.86,80.24,0,NONE
2026-05-19 10:16:58.283160,Heavy-Extruder-B,96.17,4.88,410.78,89.76,54.28,0,NONE
2026-05-19 10:18:58.283160,Induction-Furnace-A,99.48,6.08,415.31,124.73,76.26,0,NONE
2026-05-19 10:20:58.283160,Stamping-Press-C,81.4,4.87,415.87,129.81,79.47,0,NONE
2026-05-19 10:22:58.283160,Induction-Furnace-A,71.74,4.99,405.87,99.74,59.6,0,NONE
2026-05-19 10:24:58.283160,Induction-Furnace-A,80.87,4.96,417.28,132.93,81.66,0,NONE
2026-05-19 10:26:58.283160,Heavy-Extruder-B,87.6,4.82,418.86,118.33,72.97,0,NONE
2026-05-19 10:28:58.283160,Cooling-Tower-D,75.36,5.25,414.61,166.07,101.37,0,NONE
2026-05-19 10:30:58.283160,Heavy-Extruder-B,75.43,4.82,426.87,87.34,54.89,0,NONE
2026-05-19 10:32:58.283160,Heavy-Extruder-B,88.44,4.25,411.59,140.54,85.16,0,NONE
2026-05-19 10:34:58.283160,Heavy-Extruder-B,84.51,3.86,413.19,114.09,69.4,0,NONE
2026-05-19 10:36:58.283160,Heavy-Extruder-B,85.33,4.3,413.02,95.74,58.22,0,NONE
2026-05-19 10:38:58.283160,Stamping-Press-C,77.42,4.75,414.62,112.1,68.42,0,NONE
2026-05-19 10:40:58.283160,Cooling-Tower-D,82.7,4.25,413.36,124.16,75.56,0,NONE
2026-05-19 10:42:58.283160,Induction-Furnace-A,75.76,4.75,407.97,135.56,81.42,0,NONE
2026-05-19 10:44:58.283160,Induction-Furnace-A,93.9,4.85,412.27,145.83,88.51,0,NONE
2026-05-19 10:46:58.283160,Cooling-Tower-D,95.35,5.17,414.51,141.33,86.24,0,NONE
2026-05-19 10:48:58.283160,Induction-Furnace-A,66.54,5.53,421.14,105.52,65.42,0,NONE
2026-05-19 10:50:58.283160,Cooling-Tower-D,75.7,4.56,426.01,136.95,85.89,0,NONE
2026-05-19 10:52:58.283160,Induction-Furnace-A,70.03,3.45,421.68,125.87,78.14,0,NONE
2026-05-19 10:54:58.283160,Heavy-Extruder-B,78.5,4.22,411.12,110.18,66.69,0,NONE
2026-05-19 10:56:58.283160,Induction-Furnace-A,84.17,4.54,411.52,116.82,70.78,0,NONE
2026-05-19 10:58:58.283160,Cooling-Tower-D,70.5,3.03,414.2,109.35,66.68,0,NONE
2026-05-19 11:00:58.283160,Cooling-Tower-D,75.78,5.61,423.92,120.56,75.24,0,NONE
2026-05-19 11:02:58.283160,Cooling-Tower-D,74.96,4.61,414.17,109.06,66.5,0,NONE
2026-05-19 11:04:58.283160,Cooling-Tower-D,87.07,4.81,408.36,104.58,62.87,0,NONE
2026-05-19 11:06:58.283160,Cooling-Tower-D,85.69,5.59,412.49,127.19,77.24,0,NONE
2026-05-19 11:08:58.283160,Stamping-Press-C,77.78,4.0,418.79,129.43,79.8,0,NONE
2026-05-19 11:10:58.283160,Stamping-Press-C,86.77,4.96,418.45,117.19,72.19,0,NONE
2026-05-19 11:12:58.283160,Induction-Furnace-A,79.53,10.91,414.0,140.51,85.64,1,ERR-VIB-WARN
2026-05-19 11:14:58.283160,Cooling-Tower-D,82.28,4.35,418.42,116.09,71.51,0,NONE
2026-05-19 11:16:58.283160,Induction-Furnace-A,101.73,3.88,403.63,115.46,68.61,0,NONE
2026-05-19 11:18:58.283160,Cooling-Tower-D,98.4,5.83,415.52,129.91,79.47,0,NONE
2026-05-19 11:20:58.283160,Cooling-Tower-D,72.0,4.2,419.3,118.01,72.85,0,NONE
2026-05-19 11:22:58.283160,Stamping-Press-C,93.3,5.06,410.84,121.27,73.35,0,NONE
2026-05-19 11:24:58.283160,Stamping-Press-C,93.11,3.0,410.82,82.19,49.71,0,NONE
2026-05-19 11:26:58.283160,Heavy-Extruder-B,73.52,5.44,405.67,120.25,71.82,0,NONE
2026-05-19 11:28:58.283160,Stamping-Press-C,93.19,5.34,422.95,92.59,57.65,0,NONE
2026-05-19 11:30:58.283160,Heavy-Extruder-B,100.38,4.58,411.4,101.69,61.59,0,NONE
2026-05-19 11:32:58.283160,Heavy-Extruder-B,113.77,4.32,416.21,179.97,110.27,1,ERR-TEMP-HIGH
2026-05-19 11:34:58.283160,Heavy-Extruder-B,75.82,4.82,418.02,104.36,64.22,0,NONE
2026-05-19 11:36:58.283160,Heavy-Extruder-B,95.18,6.33,422.56,111.77,69.53,0,NONE
2026-05-19 11:38:58.283160,Heavy-Extruder-B,87.71,3.09,414.23,112.7,68.73,0,NONE
2026-05-19 11:40:58.283160,Induction-Furnace-A,90.51,5.13,412.3,129.96,78.89,0,NONE
2026-05-19 11:42:58.283160,Stamping-Press-C,88.41,3.77,415.87,123.34,75.51,0,NONE
2026-05-19 11:44:58.283160,Heavy-Extruder-B,88.91,4.48,421.42,91.48,56.76,0,NONE
2026-05-19 11:46:58.283160,Cooling-Tower-D,71.74,4.3,414.15,121.25,73.93,0,NONE
2026-05-19 11:48:58.283160,Stamping-Press-C,95.47,4.16,410.23,124.77,75.36,0,NONE
2026-05-19 11:50:58.283160,Stamping-Press-C,96.7,4.49,407.3,115.07,69.0,0,NONE
2026-05-19 11:52:58.283160,Heavy-Extruder-B,82.71,3.59,408.89,119.09,71.69,0,NONE
2026-05-19 11:54:58.283160,Induction-Furnace-A,84.57,5.32,419.32,122.85,75.84,0,NONE
2026-05-19 11:56:58.283160,Heavy-Extruder-B,69.69,3.06,413.4,131.47,80.01,0,NONE
2026-05-19 11:58:58.283160,Induction-Furnace-A,90.14,4.93,411.96,96.38,58.45,0,NONE
2026-05-19 12:00:58.283160,Cooling-Tower-D,90.72,4.24,411.42,116.34,70.46,0,NONE
2026-05-19 12:02:58.283160,Stamping-Press-C,84.38,3.56,415.43,142.63,87.23,0,NONE
2026-05-19 12:04:58.283160,Cooling-Tower-D,96.24,4.66,413.8,141.25,86.05,0,NONE
2026-05-19 12:06:58.283160,Induction-Furnace-A,81.66,3.25,413.63,132.76,80.85,0,NONE
2026-05-19 12:08:58.283160,Induction-Furnace-A,90.65,4.53,421.75,128.05,79.51,0,NONE
2026-05-19 12:10:58.283160,Cooling-Tower-D,74.8,3.36,422.69,144.82,90.12,0,NONE
2026-05-19 12:12:58.283160,Induction-Furnace-A,84.76,4.87,406.95,148.77,89.13,0,NONE
2026-05-19 12:14:58.283160,Cooling-Tower-D,83.26,3.76,416.64,118.06,72.42,0,NONE
2026-05-19 12:16:58.283160,Stamping-Press-C,87.25,4.14,411.12,105.46,63.83,0,NONE
2026-05-19 12:18:58.283160,Cooling-Tower-D,81.3,4.74,413.76,115.95,70.63,0,NONE
2026-05-19 12:20:58.283160,Stamping-Press-C,83.69,3.88,416.55,166.45,102.07,0,NONE
2026-05-19 12:22:58.283160,Cooling-Tower-D,93.26,4.45,413.94,96.46,58.78,0,NONE
2026-05-19 12:24:58.283160,Induction-Furnace-A,80.63,3.29,416.15,112.94,69.19,0,NONE
2026-05-19 12:26:58.283160,Cooling-Tower-D,68.93,5.0,418.36,98.81,60.86,0,NONE
2026-05-19 12:28:58.283160,Induction-Furnace-A,102.5,5.91,416.47,121.87,74.72,0,NONE
2026-05-19 12:30:58.283160,Cooling-Tower-D,98.81,6.73,411.77,101.96,61.81,0,NONE
2026-05-19 12:32:58.283160,Cooling-Tower-D,72.08,4.57,411.85,118.37,71.77,0,NONE
2026-05-19 12:34:58.283160,Heavy-Extruder-B,91.9,5.13,407.8,90.75,54.48,0,NONE
2026-05-19 12:36:58.283160,Induction-Furnace-A,79.97,3.08,410.73,129.26,78.16,0,NONE
2026-05-19 12:38:58.283160,Heavy-Extruder-B,87.63,5.7,424.81,138.34,86.52,0,NONE
2026-05-19 12:40:58.283160,Induction-Furnace-A,87.94,5.12,411.04,114.24,69.13,0,NONE
2026-05-19 12:42:58.283160,Heavy-Extruder-B,82.66,4.11,409.03,117.97,71.04,0,NONE
2026-05-19 12:44:58.283160,Stamping-Press-C,77.16,5.49,416.6,117.55,72.09,0,NONE
2026-05-19 12:46:58.283160,Cooling-Tower-D,78.09,4.3,414.45,122.71,74.87,0,NONE
2026-05-19 12:48:58.283160,Induction-Furnace-A,75.84,4.13,414.02,119.43,72.79,0,NONE
2026-05-19 12:50:58.283160,Induction-Furnace-A,76.68,4.88,422.05,131.52,81.72,0,NONE
2026-05-19 12:52:58.283160,Cooling-Tower-D,84.33,3.65,417.75,138.5,85.18,0,NONE
2026-05-19 12:54:58.283160,Induction-Furnace-A,77.84,5.32,412.35,107.79,65.43,0,NONE
2026-05-19 12:56:58.283160,Induction-Furnace-A,91.82,3.66,412.88,115.36,70.12,0,NONE
2026-05-19 12:58:58.283160,Heavy-Extruder-B,99.87,3.66,412.49,133.52,81.08,0,NONE
2026-05-19 13:00:58.283160,Induction-Furnace-A,79.2,3.77,419.37,98.67,60.92,0,NONE
2026-05-19 13:02:58.283160,Stamping-Press-C,87.39,5.11,413.46,90.44,55.05,0,NONE
2026-05-19 13:04:58.283160,Stamping-Press-C,90.0,4.01,406.03,123.39,73.76,0,NONE
2026-05-19 13:06:58.283160,Cooling-Tower-D,89.72,3.42,414.76,127.45,77.82,0,NONE
2026-05-19 13:08:58.283160,Induction-Furnace-A,85.76,4.02,407.31,109.17,65.46,0,NONE
2026-05-19 13:10:58.283160,Cooling-Tower-D,92.43,4.47,425.92,111.32,69.8,0,NONE
2026-05-19 13:12:58.283160,Stamping-Press-C,89.82,3.56,410.17,108.6,65.58,0,NONE
2026-05-19 13:14:58.283160,Induction-Furnace-A,72.62,3.58,414.19,107.0,65.24,0,NONE
2026-05-19 13:16:58.283160,Induction-Furnace-A,93.69,6.19,416.29,130.4,79.92,0,NONE
2026-05-19 13:18:58.283160,Cooling-Tower-D,93.87,3.81,413.56,102.29,62.28,0,NONE
2026-05-19 13:20:58.283160,Stamping-Press-C,77.37,4.24,413.55,116.02,70.63,0,NONE
2026-05-19 13:22:58.283160,Induction-Furnace-A,85.38,4.21,417.11,106.42,65.35,0,NONE
2026-05-19 13:24:58.283160,Cooling-Tower-D,91.83,4.16,422.63,98.17,61.08,0,NONE
2026-05-19 13:26:58.283160,Stamping-Press-C,82.91,5.0,418.84,133.05,82.04,0,NONE
2026-05-19 13:28:58.283160,Cooling-Tower-D,95.73,5.26,422.39,112.2,69.77,0,NONE
2026-05-19 13:30:58.283160,Heavy-Extruder-B,108.64,4.26,409.77,122.83,74.1,0,NONE
2026-05-19 13:32:58.283160,Induction-Furnace-A,77.14,3.51,416.59,97.38,59.72,0,NONE
2026-05-19 13:34:58.283160,Heavy-Extruder-B,71.19,5.52,415.78,108.87,66.64,0,NONE
2026-05-19 13:36:58.283160,Stamping-Press-C,88.04,4.42,416.76,131.34,80.58,0,NONE
2026-05-19 13:38:58.283160,Heavy-Extruder-B,92.22,5.88,421.88,158.81,98.64,0,NONE
2026-05-19 13:40:58.283160,Heavy-Extruder-B,82.69,2.7,413.9,90.36,55.06,0,NONE
2026-05-19 13:42:58.283160,Stamping-Press-C,99.53,4.66,412.97,116.98,71.12,0,NONE
2026-05-19 13:44:58.283160,Cooling-Tower-D,71.61,6.03,417.67,126.18,77.59,0,NONE
2026-05-19 13:46:58.283160,Heavy-Extruder-B,91.93,4.22,406.11,110.76,66.22,0,NONE
2026-05-19 13:48:58.283160,Cooling-Tower-D,78.94,4.32,413.82,132.74,80.87,0,NONE
2026-05-19 13:50:58.283160,Heavy-Extruder-B,102.19,4.74,414.33,107.0,65.27,0,NONE
2026-05-19 13:52:58.283160,Cooling-Tower-D,104.93,4.05,410.4,122.31,73.9,0,NONE
2026-05-19 13:54:58.283160,Stamping-Press-C,77.33,4.25,420.29,112.17,69.4,0,NONE
2026-05-19 13:56:58.283160,Heavy-Extruder-B,79.5,4.23,409.69,138.29,83.41,0,NONE
2026-05-19 13:58:58.283160,Stamping-Press-C,93.6,4.0,414.32,109.85,67.01,0,NONE
2026-05-19 14:00:58.283160,Heavy-Extruder-B,81.13,5.48,416.47,114.72,70.34,0,NONE
2026-05-19 14:02:58.283160,Stamping-Press-C,84.55,4.87,421.77,134.19,83.32,0,NONE
2026-05-19 14:04:58.283160,Stamping-Press-C,85.25,4.7,414.95,104.58,63.89,0,NONE
2026-05-19 14:06:58.283160,Heavy-Extruder-B,65.8,5.15,419.68,121.03,74.78,0,NONE
2026-05-19 14:08:58.283160,Heavy-Extruder-B,84.86,4.29,418.5,92.66,57.09,0,NONE
2026-05-19 14:10:58.283160,Heavy-Extruder-B,78.1,3.88,415.62,103.68,63.44,0,NONE
2026-05-19 14:12:58.283160,Induction-Furnace-A,80.07,4.02,409.55,125.73,75.81,0,NONE
2026-05-19 14:14:58.283160,Cooling-Tower-D,99.44,4.5,407.83,105.14,63.13,0,NONE
2026-05-19 14:16:58.283160,Induction-Furnace-A,72.43,3.65,415.53,111.83,68.41,0,NONE
2026-05-19 14:18:58.283160,Induction-Furnace-A,93.13,4.1,412.29,127.4,77.33,0,NONE
2026-05-19 14:20:58.283160,Stamping-Press-C,82.21,4.09,419.6,111.31,68.76,0,NONE
2026-05-19 14:22:58.283160,Heavy-Extruder-B,82.2,6.2,418.73,132.34,81.58,0,NONE
2026-05-19 14:24:58.283160,Cooling-Tower-D,92.9,2.28,414.08,123.23,75.12,0,NONE
2026-05-19 14:26:58.283160,Stamping-Press-C,88.4,4.36,409.21,126.54,76.23,0,NONE
2026-05-19 14:28:58.283160,Induction-Furnace-A,90.71,5.88,417.55,138.61,85.21,0,NONE
2026-05-19 14:30:58.283160,Heavy-Extruder-B,94.68,4.6,409.91,124.8,75.31,0,NONE
2026-05-19 14:32:58.283160,Stamping-Press-C,81.69,5.1,411.21,143.08,86.62,0,NONE
2026-05-19 14:34:58.283160,Heavy-Extruder-B,78.88,4.58,410.1,133.67,80.7,0,NONE
2026-05-19 14:36:58.283160,Stamping-Press-C,74.15,3.97,414.31,112.15,68.4,0,NONE
2026-05-19 14:38:58.283160,Heavy-Extruder-B,76.75,2.71,420.85,139.4,86.37,0,NONE
2026-05-19 14:40:58.283160,Induction-Furnace-A,114.49,4.66,414.97,123.96,75.73,1,ERR-TEMP-HIGH
2026-05-19 14:42:58.283160,Cooling-Tower-D,97.45,3.88,412.78,114.08,69.33,0,NONE
2026-05-19 14:44:58.283160,Induction-Furnace-A,71.49,3.86,407.37,124.18,74.47,0,NONE
2026-05-19 14:46:58.283160,Cooling-Tower-D,71.78,4.1,417.76,136.68,84.06,0,NONE
2026-05-19 14:48:58.283160,Heavy-Extruder-B,89.82,5.9,411.1,126.83,76.76,0,NONE
2026-05-19 14:50:58.283160,Stamping-Press-C,90.47,6.42,415.59,147.34,90.14,0,NONE
2026-05-19 14:52:58.283160,Induction-Furnace-A,90.49,4.67,413.23,136.3,82.92,0,NONE
2026-05-19 14:54:58.283160,Cooling-Tower-D,82.45,4.13,419.19,127.85,78.9,0,NONE
2026-05-19 14:56:58.283160,Induction-Furnace-A,83.75,3.56,414.21,104.61,63.79,0,NONE
2026-05-19 14:58:58.283160,Cooling-Tower-D,88.28,4.87,414.71,117.3,71.62,0,NONE
2026-05-19 15:00:58.283160,Induction-Furnace-A,85.86,5.93,417.43,121.07,74.41,0,NONE
2026-05-19 15:02:58.283160,Cooling-Tower-D,62.81,4.3,425.53,130.45,81.72,0,NONE
2026-05-19 15:04:58.283160,Cooling-Tower-D,82.7,2.6,419.44,129.56,80.0,0,NONE
2026-05-19 15:06:58.283160,Heavy-Extruder-B,76.49,5.04,414.56,122.54,74.79,0,NONE
2026-05-19 15:08:58.283160,Cooling-Tower-D,86.75,5.29,415.02,121.81,74.42,0,NONE
2026-05-19 15:10:58.283160,Heavy-Extruder-B,114.85,3.23,412.38,130.81,79.41,1,ERR-TEMP-HIGH
2026-05-19 15:12:58.283160,Cooling-Tower-D,88.67,4.64,410.25,107.12,64.7,0,NONE
2026-05-19 15:14:58.283160,Stamping-Press-C,81.86,4.86,412.24,145.43,88.26,0,NONE
2026-05-19 15:16:58.283160,Stamping-Press-C,94.22,4.44,411.14,89.29,54.05,0,NONE
2026-05-19 15:18:58.283160,Stamping-Press-C,89.83,3.87,418.27,141.83,87.34,0,NONE
2026-05-19 15:20:58.283160,Cooling-Tower-D,89.2,5.31,409.64,119.32,71.96,0,NONE
2026-05-19 15:22:58.283160,Heavy-Extruder-B,91.07,4.18,421.67,135.04,83.83,0,NONE
2026-05-19 15:24:58.283160,Heavy-Extruder-B,105.57,3.31,418.76,125.46,77.34,0,NONE
2026-05-19 15:26:58.283160,Cooling-Tower-D,73.69,2.86,415.1,125.19,76.51,0,NONE
2026-05-19 15:28:58.283160,Stamping-Press-C,89.74,5.51,415.0,128.31,78.4,0,NONE
2026-05-19 15:30:58.283160,Stamping-Press-C,75.74,4.99,412.21,132.14,80.19,0,NONE
2026-05-19 15:32:58.283160,Heavy-Extruder-B,90.56,4.57,416.35,115.07,70.53,0,NONE
2026-05-19 15:34:58.283160,Stamping-Press-C,75.81,4.15,420.44,135.52,83.88,0,NONE
2026-05-19 15:36:58.283160,Induction-Furnace-A,80.83,4.08,411.48,103.73,62.84,0,NONE
2026-05-19 15:38:58.283160,Heavy-Extruder-B,82.05,3.64,407.33,119.92,71.91,0,NONE
2026-05-19 15:40:58.283160,Stamping-Press-C,94.76,4.15,418.52,132.54,81.66,0,NONE
2026-05-19 15:42:58.283160,Heavy-Extruder-B,94.18,2.8,416.62,134.93,82.76,0,NONE
2026-05-19 15:44:58.283160,Induction-Furnace-A,72.54,3.91,409.4,126.91,76.49,0,NONE
2026-05-19 15:46:58.283160,Heavy-Extruder-B,85.55,4.25,411.33,114.1,69.09,0,NONE
2026-05-19 15:48:58.283160,Heavy-Extruder-B,77.9,4.99,410.7,133.45,80.69,0,NONE
2026-05-19 15:50:58.283160,Heavy-Extruder-B,72.41,4.47,411.38,109.96,66.59,0,NONE
2026-05-19 15:52:58.283160,Heavy-Extruder-B,82.83,5.14,413.38,146.27,89.02,0,NONE
2026-05-19 15:54:58.283160,Induction-Furnace-A,81.92,5.58,413.67,118.73,72.31,0,NONE
2026-05-19 15:56:58.283160,Cooling-Tower-D,109.27,5.35,411.75,96.91,58.74,0,NONE
2026-05-19 15:58:58.283160,Heavy-Extruder-B,89.33,4.88,411.21,102.08,61.8,0,NONE
2026-05-19 16:00:58.283160,Heavy-Extruder-B,71.22,4.51,413.86,120.65,73.51,0,NONE
2026-05-19 16:02:58.283160,Stamping-Press-C,79.35,3.72,415.84,122.1,74.75,0,NONE
2026-05-19 16:04:58.283160,Heavy-Extruder-B,95.21,5.09,413.42,149.54,91.02,0,NONE
2026-05-19 16:06:58.283160,Stamping-Press-C,105.88,5.84,420.79,104.42,64.69,0,NONE
2026-05-19 16:08:58.283160,Cooling-Tower-D,69.14,4.77,417.54,120.59,74.13,0,NONE
2026-05-19 16:10:58.283160,Induction-Furnace-A,66.2,6.03,407.05,104.11,62.39,0,NONE
2026-05-19 16:12:58.283160,Induction-Furnace-A,103.71,3.28,417.62,112.61,69.23,0,NONE
2026-05-19 16:14:58.283160,Cooling-Tower-D,88.9,3.58,418.03,145.26,89.4,0,NONE
2026-05-19 16:16:58.283160,Induction-Furnace-A,76.32,5.18,412.83,102.95,62.57,0,NONE
2026-05-19 16:18:58.283160,Cooling-Tower-D,90.35,4.71,407.52,128.81,77.28,0,NONE
2026-05-19 16:20:58.283160,Cooling-Tower-D,58.64,5.55,415.04,125.89,76.92,0,NONE
2026-05-19 16:22:58.283160,Cooling-Tower-D,85.03,4.49,414.96,119.64,73.09,0,NONE
2026-05-19 16:24:58.283160,Induction-Furnace-A,88.28,3.81,409.39,127.79,77.02,0,NONE
2026-05-19 16:26:58.283160,Stamping-Press-C,94.24,4.33,407.74,102.6,61.59,0,NONE
2026-05-19 16:28:58.283160,Cooling-Tower-D,74.86,3.27,414.56,144.84,88.4,0,NONE
2026-05-19 16:30:58.283160,Heavy-Extruder-B,85.86,3.6,413.83,148.87,90.7,0,NONE
2026-05-19 16:32:58.283160,Induction-Furnace-A,115.75,5.28,412.91,200.71,122.01,1,ERR-TEMP-HIGH
2026-05-19 16:34:58.283160,Cooling-Tower-D,87.55,5.2,414.58,156.35,95.43,0,NONE
2026-05-19 16:36:58.283160,Cooling-Tower-D,76.05,4.79,409.49,114.01,68.73,0,NONE
2026-05-19 16:38:58.283160,Heavy-Extruder-B,80.92,3.12,412.83,126.01,76.58,0,NONE
2026-05-19 16:40:58.283160,Stamping-Press-C,75.04,4.21,417.67,141.48,86.99,0,NONE
2026-05-19 16:42:58.283160,Stamping-Press-C,91.51,3.52,413.25,113.11,68.82,0,NONE
2026-05-19 16:44:58.283160,Stamping-Press-C,93.58,5.44,406.64,99.28,59.43,0,NONE
2026-05-19 16:46:58.283160,Cooling-Tower-D,82.65,4.03,412.64,95.82,58.21,0,NONE
2026-05-19 16:48:58.283160,Cooling-Tower-D,85.38,3.63,409.65,150.91,91.01,0,NONE
2026-05-19 16:50:58.283160,Cooling-Tower-D,70.51,4.52,416.34,112.06,68.69,0,NONE
2026-05-19 16:52:58.283160,Induction-Furnace-A,82.0,3.99,416.59,117.21,71.89,0,NONE
2026-05-19 16:54:58.283160,Heavy-Extruder-B,84.5,5.69,406.71,103.31,61.86,0,NONE
2026-05-19 16:56:58.283160,Cooling-Tower-D,111.21,3.91,418.8,134.23,82.76,1,ERR-TEMP-HIGH
2026-05-19 16:58:58.283160,Heavy-Extruder-B,73.88,3.38,409.44,108.28,65.27,0,NONE
2026-05-19 17:00:58.283160,Heavy-Extruder-B,99.64,2.78,422.8,112.63,70.11,0,NONE
2026-05-19 17:02:58.283160,Stamping-Press-C,94.97,4.48,414.76,124.49,76.02,0,NONE
2026-05-19 17:04:58.283160,Induction-Furnace-A,87.81,4.05,408.77,104.04,62.61,0,NONE
2026-05-19 17:06:58.283160,Cooling-Tower-D,102.59,3.36,409.29,117.32,70.69,0,NONE
2026-05-19 17:08:58.283160,Stamping-Press-C,88.72,5.45,416.74,141.03,86.53,0,NONE
2026-05-19 17:10:58.283160,Stamping-Press-C,88.89,5.03,413.04,126.42,76.88,0,NONE
2026-05-19 17:12:58.283160,Cooling-Tower-D,84.47,4.48,414.52,121.96,74.43,0,NONE
2026-05-19 17:14:58.283160,Heavy-Extruder-B,97.24,5.59,423.06,123.22,76.75,0,NONE
2026-05-19 17:16:58.283160,Stamping-Press-C,95.96,5.03,411.5,114.16,69.16,0,NONE
2026-05-19 17:18:58.283160,Heavy-Extruder-B,78.74,3.84,415.3,149.94,91.68,0,NONE
2026-05-19 17:20:58.283160,Induction-Furnace-A,71.81,3.67,422.1,107.82,67.0,0,NONE
2026-05-19 17:22:58.283160,Heavy-Extruder-B,82.97,5.15,416.35,123.16,75.49,0,NONE
2026-05-19 17:24:58.283160,Induction-Furnace-A,77.0,4.82,406.97,121.73,72.93,0,NONE
2026-05-19 17:26:58.283160,Heavy-Extruder-B,84.36,4.64,417.53,135.13,83.06,0,NONE
2026-05-19 17:28:58.283160,Stamping-Press-C,97.37,3.82,409.18,136.55,82.26,0,NONE
2026-05-19 17:30:58.283160,Stamping-Press-C,80.43,4.99,422.03,119.52,74.26,0,NONE
2026-05-19 17:32:58.283160,Induction-Furnace-A,84.57,3.9,410.89,124.36,75.23,0,NONE
2026-05-19 17:34:58.283160,Cooling-Tower-D,85.58,4.42,429.85,124.93,79.06,0,NONE
2026-05-19 17:36:58.283160,Induction-Furnace-A,93.48,5.66,422.34,85.92,53.42,0,NONE
2026-05-19 17:38:58.283160,Induction-Furnace-A,62.53,3.97,411.02,96.17,58.19,0,NONE
2026-05-19 17:40:58.283160,Heavy-Extruder-B,78.93,3.24,415.1,110.92,67.79,0,NONE
2026-05-19 17:42:58.283160,Heavy-Extruder-B,87.11,3.66,418.77,111.58,68.79,0,NONE
2026-05-19 17:44:58.283160,Induction-Furnace-A,97.0,5.3,418.92,102.01,62.91,0,NONE
2026-05-19 17:46:58.283160,Stamping-Press-C,80.08,4.7,417.21,131.24,80.61,0,NONE
2026-05-19 17:48:58.283160,Heavy-Extruder-B,66.23,4.4,421.26,120.03,74.44,0,NONE
2026-05-19 17:50:58.283160,Cooling-Tower-D,91.2,4.09,414.39,116.78,71.24,0,NONE
2026-05-19 17:52:58.283160,Heavy-Extruder-B,78.65,4.89,413.17,101.16,61.53,0,NONE
2026-05-19 17:54:58.283160,Heavy-Extruder-B,73.1,3.82,413.27,119.33,72.6,0,NONE
2026-05-19 17:56:58.283160,Cooling-Tower-D,78.76,4.74,419.29,80.6,49.75,0,NONE
2026-05-19 17:58:58.283160,Induction-Furnace-A,83.15,3.91,416.83,117.56,72.14,0,NONE
2026-05-19 18:00:58.283160,Cooling-Tower-D,78.95,3.78,416.46,120.95,74.15,0,NONE
2026-05-19 18:02:58.283160,Induction-Furnace-A,62.94,3.99,418.98,123.63,76.26,0,NONE
2026-05-19 18:04:58.283160,Induction-Furnace-A,93.97,4.2,404.74,96.54,57.52,0,NONE
2026-05-19 18:06:58.283160,Induction-Furnace-A,97.75,4.46,416.55,123.37,75.66,0,NONE
2026-05-19 18:08:58.283160,Cooling-Tower-D,91.52,4.69,416.09,104.38,63.94,0,NONE
2026-05-19 18:10:58.283160,Induction-Furnace-A,73.62,1.55,423.34,107.81,67.19,0,NONE
2026-05-19 18:12:58.283160,Stamping-Press-C,82.99,3.85,407.36,130.77,78.42,0,NONE
2026-05-19 18:14:58.283160,Cooling-Tower-D,84.93,4.19,422.79,150.21,93.5,0,NONE
2026-05-19 18:16:58.283160,Stamping-Press-C,90.99,5.7,415.38,120.77,73.85,0,NONE
2026-05-19 18:18:58.283160,Induction-Furnace-A,91.68,3.64,417.44,107.74,66.22,0,NONE
2026-05-19 18:20:58.283160,Heavy-Extruder-B,77.66,4.63,423.38,122.83,76.56,0,NONE
2026-05-19 18:22:58.283160,Induction-Furnace-A,85.82,5.7,417.8,134.09,82.47,0,NONE
2026-05-19 18:24:58.283160,Stamping-Press-C,89.57,3.45,417.0,129.31,79.39,0,NONE
2026-05-19 18:26:58.283160,Stamping-Press-C,99.56,4.82,416.21,161.15,98.74,0,NONE
2026-05-19 18:28:58.283160,Cooling-Tower-D,92.05,3.86,412.58,109.27,66.37,0,NONE
2026-05-19 18:30:58.283160,Heavy-Extruder-B,92.89,4.1,414.86,123.78,75.6,0,NONE
2026-05-19 18:32:58.283160,Cooling-Tower-D,85.84,10.36,411.42,143.23,86.76,1,ERR-VIB-WARN
2026-05-19 18:34:58.283160,Stamping-Press-C,99.1,3.91,414.78,142.29,86.89,0,NONE
2026-05-19 18:36:58.283160,Induction-Furnace-A,89.1,6.68,403.32,90.75,53.88,0,NONE
2026-05-19 18:38:58.283160,Heavy-Extruder-B,76.39,5.18,417.15,119.95,73.66,0,NONE
2026-05-19 18:40:58.283160,Induction-Furnace-A,99.03,5.38,414.39,142.27,86.79,0,NONE
2026-05-19 18:42:58.283160,Induction-Furnace-A,91.98,4.89,413.32,163.36,99.4,0,NONE
2026-05-19 18:44:58.283160,Heavy-Extruder-B,80.57,3.21,416.1,130.56,79.98,0,NONE
2026-05-19 18:46:58.283160,Cooling-Tower-D,80.21,4.82,407.83,114.48,68.74,0,NONE
2026-05-19 18:48:58.283160,Induction-Furnace-A,87.97,5.36,424.65,104.86,65.56,0,NONE
2026-05-19 18:50:58.283160,Stamping-Press-C,89.63,3.82,414.49,153.28,93.53,0,NONE
2026-05-19 18:52:58.283160,Induction-Furnace-A,86.97,5.27,414.27,130.93,79.85,0,NONE
2026-05-19 18:54:58.283160,Heavy-Extruder-B,88.11,5.06,410.17,107.28,64.78,0,NONE
2026-05-19 18:56:58.283160,Heavy-Extruder-B,102.0,5.98,415.12,116.95,71.47,0,NONE
2026-05-19 18:58:58.283160,Heavy-Extruder-B,95.72,4.17,421.93,124.65,77.43,0,NONE
2026-05-19 19:00:58.283160,Cooling-Tower-D,86.91,3.62,420.18,128.16,79.28,0,NONE
2026-05-19 19:02:58.283160,Induction-Furnace-A,94.41,4.21,419.27,106.51,65.74,0,NONE
2026-05-19 19:04:58.283160,Cooling-Tower-D,74.67,5.65,417.73,110.79,68.13,0,NONE
2026-05-19 19:06:58.283160,Cooling-Tower-D,88.98,3.04,413.21,95.21,57.92,0,NONE
2026-05-19 19:08:58.283160,Heavy-Extruder-B,103.09,2.85,407.75,135.6,81.4,0,NONE
2026-05-19 19:10:58.283160,Heavy-Extruder-B,82.82,4.57,413.99,114.88,70.01,0,NONE
2026-05-19 19:12:58.283160,Cooling-Tower-D,76.52,4.15,413.82,126.99,77.37,0,NONE
2026-05-19 19:14:58.283160,Induction-Furnace-A,78.48,4.51,420.24,141.33,87.44,0,NONE
2026-05-19 19:16:58.283160,Stamping-Press-C,74.1,5.26,416.55,123.3,75.61,0,NONE
2026-05-19 19:18:58.283160,Cooling-Tower-D,77.15,4.06,423.06,118.31,73.68,0,NONE
2026-05-19 19:20:58.283160,Induction-Furnace-A,81.29,3.0,420.99,122.91,76.18,0,NONE
2026-05-19 19:22:58.283160,Heavy-Extruder-B,70.94,6.14,412.72,120.95,73.49,0,NONE
2026-05-19 19:24:58.283160,Heavy-Extruder-B,85.16,3.7,406.02,138.69,82.9,0,NONE
2026-05-19 19:26:58.283160,Induction-Furnace-A,94.02,3.65,421.93,124.66,77.44,0,NONE
2026-05-19 19:28:58.283160,Stamping-Press-C,75.92,5.38,421.8,111.83,69.45,0,NONE
2026-05-19 19:30:58.283160,Heavy-Extruder-B,100.19,4.19,408.17,135.72,81.55,0,NONE
2026-05-19 19:32:58.283160,Heavy-Extruder-B,90.11,4.45,422.55,138.46,86.13,0,NONE
2026-05-19 19:34:58.283160,Heavy-Extruder-B,95.31,4.89,416.91,99.93,61.33,0,NONE
2026-05-19 19:36:58.283160,Induction-Furnace-A,78.42,5.37,415.8,142.99,87.53,0,NONE
2026-05-19 19:38:58.283160,Cooling-Tower-D,93.55,4.23,423.07,125.47,78.15,0,NONE
2026-05-19 19:40:58.283160,Heavy-Extruder-B,74.08,5.72,421.72,124.25,77.14,0,NONE
2026-05-19 19:42:58.283160,Cooling-Tower-D,93.9,2.79,418.26,135.1,83.19,0,NONE
2026-05-19 19:44:58.283160,Stamping-Press-C,86.72,5.11,417.37,111.5,68.51,0,NONE
2026-05-19 19:46:58.283160,Heavy-Extruder-B,90.53,3.83,418.08,134.31,82.67,0,NONE
2026-05-19 19:48:58.283160,Heavy-Extruder-B,73.24,5.6,413.0,114.35,69.53,0,NONE
2026-05-19 19:50:58.283160,Stamping-Press-C,76.05,4.61,414.72,97.88,59.76,0,NONE
2026-05-19 19:52:58.283160,Heavy-Extruder-B,90.97,3.96,410.49,105.03,63.47,0,NONE
2026-05-19 19:54:58.283160,Cooling-Tower-D,75.52,5.03,413.33,128.51,78.2,0,NONE
2026-05-19 19:56:58.283160,Induction-Furnace-A,89.63,5.21,413.17,105.82,64.37,0,NONE
2026-05-19 19:58:58.283160,Cooling-Tower-D,71.33,5.01,411.82,144.15,87.4,0,NONE
2026-05-19 20:00:58.283160,Induction-Furnace-A,93.48,3.68,415.68,137.84,84.35,0,NONE
2026-05-19 20:02:58.283160,Induction-Furnace-A,72.67,4.11,413.38,140.0,85.2,0,NONE
2026-05-19 20:04:58.283160,Cooling-Tower-D,90.52,4.5,417.51,121.87,74.91,0,NONE
2026-05-19 20:06:58.283160,Cooling-Tower-D,91.26,4.47,406.89,123.87,74.2,0,NONE
2026-05-19 20:08:58.283160,Cooling-Tower-D,78.03,5.1,414.43,102.09,62.29,0,NONE
2026-05-19 20:10:58.283160,Cooling-Tower-D,90.82,2.89,415.66,134.94,82.57,0,NONE
2026-05-19 20:12:58.283160,Stamping-Press-C,87.6,4.77,413.45,125.7,76.51,0,NONE
2026-05-19 20:14:58.283160,Heavy-Extruder-B,79.61,4.27,414.14,128.51,78.35,0,NONE
2026-05-19 20:16:58.283160,Induction-Furnace-A,74.91,3.83,407.07,145.32,87.09,0,NONE
2026-05-19 20:18:58.283160,Cooling-Tower-D,65.37,3.91,416.78,110.91,68.05,0,NONE
2026-05-19 20:20:58.283160,Cooling-Tower-D,88.5,4.33,418.24,118.11,72.72,0,NONE
2026-05-19 20:22:58.283160,Cooling-Tower-D,69.35,1.62,417.47,124.9,76.76,0,NONE
2026-05-19 20:24:58.283160,Stamping-Press-C,85.95,3.94,420.19,105.97,65.55,0,NONE
2026-05-19 20:26:58.283160,Cooling-Tower-D,82.37,3.8,416.01,117.19,71.77,0,NONE
2026-05-19 20:28:58.283160,Cooling-Tower-D,91.79,4.93,417.39,127.39,78.28,0,NONE
2026-05-19 20:30:58.283160,Cooling-Tower-D,81.98,3.86,415.78,115.12,70.47,0,NONE
2026-05-19 20:32:58.283160,Heavy-Extruder-B,81.71,4.33,418.44,139.63,86.02,0,NONE
2026-05-19 20:34:58.283160,Stamping-Press-C,92.32,5.73,407.11,97.34,58.34,0,NONE
2026-05-19 20:36:58.283160,Cooling-Tower-D,88.35,5.3,410.53,136.84,82.71,0,NONE
2026-05-19 20:38:58.283160,Induction-Furnace-A,88.16,5.22,422.93,129.92,80.89,0,NONE
2026-05-19 20:40:58.283160,Induction-Furnace-A,89.69,4.1,402.7,111.47,66.08,0,NONE
2026-05-19 20:42:58.283160,Induction-Furnace-A,69.64,4.93,414.3,106.13,64.73,0,NONE
2026-05-19 20:44:58.283160,Stamping-Press-C,92.57,4.31,420.86,88.8,55.02,0,NONE
2026-05-19 20:46:58.283160,Stamping-Press-C,91.12,4.34,414.53,108.07,65.95,0,NONE
2026-05-19 20:48:58.283160,Induction-Furnace-A,74.83,4.83,412.97,135.71,82.51,0,NONE
2026-05-19 20:50:58.283160,Cooling-Tower-D,82.56,4.02,415.65,119.16,72.92,0,NONE
2026-05-19 20:52:58.283160,Stamping-Press-C,84.61,5.69,413.23,137.44,83.62,0,NONE
2026-05-19 20:54:58.283160,Induction-Furnace-A,83.66,4.37,415.15,110.7,67.66,0,NONE
2026-05-19 20:56:58.283160,Induction-Furnace-A,88.34,4.99,411.58,130.61,79.14,0,NONE
2026-05-19 20:58:58.283160,Cooling-Tower-D,99.31,5.66,420.54,109.24,67.63,0,NONE
2026-05-19 21:00:58.283160,Heavy-Extruder-B,95.82,5.33,422.12,105.52,65.57,0,NONE
2026-05-19 21:02:58.283160,Stamping-Press-C,71.88,3.37,414.33,118.39,72.22,0,NONE
2026-05-19 21:04:58.283160,Cooling-Tower-D,91.22,4.86,408.07,110.03,66.1,0,NONE
2026-05-19 21:06:58.283160,Induction-Furnace-A,98.29,5.18,412.38,96.86,58.8,0,NONE
2026-05-19 21:08:58.283160,Induction-Furnace-A,88.87,5.21,414.08,117.27,71.49,0,NONE
2026-05-19 21:10:58.283160,Cooling-Tower-D,95.91,3.61,417.53,121.6,74.74,0,NONE
2026-05-19 21:12:58.283160,Stamping-Press-C,105.12,3.97,409.96,139.03,83.91,0,NONE
2026-05-19 21:14:58.283160,Heavy-Extruder-B,95.24,5.3,411.15,134.05,81.14,0,NONE
2026-05-19 21:16:58.283160,Heavy-Extruder-B,87.49,3.89,417.55,138.3,85.02,0,NONE
2026-05-19 21:18:58.283160,Induction-Furnace-A,95.45,4.26,419.69,130.81,80.82,0,NONE
2026-05-19 21:20:58.283160,Stamping-Press-C,86.45,5.76,411.89,124.99,75.79,0,NONE
2026-05-19 21:22:58.283160,Heavy-Extruder-B,85.24,4.46,408.33,101.57,61.06,0,NONE
2026-05-19 21:24:58.283160,Stamping-Press-C,81.49,3.92,431.42,122.25,77.64,0,NONE
2026-05-19 21:26:58.283160,Stamping-Press-C,100.63,3.8,418.92,128.95,79.53,0,NONE
2026-05-19 21:28:58.283160,Induction-Furnace-A,76.82,4.77,413.66,141.86,86.39,0,NONE
2026-05-19 21:30:58.283160,Heavy-Extruder-B,100.32,3.43,419.35,130.29,80.44,0,NONE
2026-05-19 21:32:58.283160,Cooling-Tower-D,130.0,4.3,414.38,218.61,133.36,1,ERR-TEMP-HIGH
2026-05-19 21:34:58.283160,Induction-Furnace-A,71.01,4.77,419.34,104.52,64.53,0,NONE
2026-05-19 21:36:58.283160,Heavy-Extruder-B,88.68,5.54,415.8,115.1,70.46,0,NONE
2026-05-19 21:38:58.283160,Heavy-Extruder-B,64.0,5.03,415.46,126.44,77.34,0,NONE
2026-05-19 21:40:58.283160,Heavy-Extruder-B,91.26,3.93,414.43,137.41,83.84,0,NONE
2026-05-19 21:42:58.283160,Heavy-Extruder-B,93.85,5.44,407.76,117.82,70.73,0,NONE
2026-05-19 21:44:58.283160,Heavy-Extruder-B,79.08,4.26,424.69,118.76,74.25,0,NONE
2026-05-19 21:46:58.283160,Stamping-Press-C,86.24,3.51,410.29,130.31,78.71,0,NONE
2026-05-19 21:48:58.283160,Induction-Furnace-A,104.54,4.36,408.2,103.11,61.97,0,NONE
2026-05-19 21:50:58.283160,Stamping-Press-C,79.94,5.65,413.94,144.11,87.82,0,NONE
2026-05-19 21:52:58.283160,Cooling-Tower-D,74.41,4.63,410.19,106.81,64.5,0,NONE
2026-05-19 21:54:58.283160,Heavy-Extruder-B,99.82,4.51,414.74,91.22,55.7,0,NONE
2026-05-19 21:56:58.283160,Induction-Furnace-A,104.63,5.81,418.44,120.15,74.02,0,NONE
2026-05-19 21:58:58.283160,Heavy-Extruder-B,85.04,3.35,419.98,145.48,89.95,0,NONE
2026-05-19 22:00:58.283160,Induction-Furnace-A,95.11,3.47,419.07,128.8,79.46,0,NONE
2026-05-19 22:02:58.283160,Stamping-Press-C,98.41,3.21,413.47,131.27,79.9,0,NONE
2026-05-19 22:04:58.283160,Induction-Furnace-A,77.58,4.8,415.25,120.62,73.74,0,NONE
2026-05-19 22:06:58.283160,Cooling-Tower-D,80.15,4.63,417.04,117.71,72.27,0,NONE
2026-05-19 22:08:58.283160,Cooling-Tower-D,97.31,5.73,406.21,96.83,57.9,0,NONE
2026-05-19 22:10:58.283160,Induction-Furnace-A,101.85,4.69,417.85,86.11,52.97,0,NONE
2026-05-19 22:12:58.283160,Induction-Furnace-A,90.63,4.18,407.71,122.94,73.8,0,NONE
2026-05-19 22:14:58.283160,Induction-Furnace-A,76.2,4.5,425.2,139.69,87.44,0,NONE
2026-05-19 22:16:58.283160,Induction-Furnace-A,104.87,4.59,412.98,125.16,76.1,0,NONE
2026-05-19 22:18:58.283160,Cooling-Tower-D,79.69,3.16,414.08,129.35,78.85,0,NONE
2026-05-19 22:20:58.283160,Heavy-Extruder-B,81.65,6.67,411.15,143.76,87.01,0,NONE
2026-05-19 22:22:58.283160,Induction-Furnace-A,88.42,4.92,411.85,124.93,75.75,0,NONE
2026-05-19 22:24:58.283160,Induction-Furnace-A,100.54,4.67,426.37,118.16,74.17,0,NONE
2026-05-19 22:26:58.283160,Cooling-Tower-D,93.54,4.99,419.7,107.72,66.56,0,NONE
2026-05-19 22:28:58.283160,Cooling-Tower-D,89.15,5.07,407.25,150.33,90.13,0,NONE
2026-05-19 22:30:58.283160,Stamping-Press-C,89.63,4.39,422.52,127.9,79.56,0,NONE
2026-05-19 22:32:58.283160,Induction-Furnace-A,85.44,4.0,420.97,105.85,65.6,0,NONE
2026-05-19 22:34:58.283160,Stamping-Press-C,90.58,4.98,413.59,102.43,62.37,0,NONE
2026-05-19 22:36:58.283160,Cooling-Tower-D,59.7,4.81,416.53,138.8,85.11,0,NONE
2026-05-19 22:38:58.283160,Cooling-Tower-D,82.03,3.85,414.93,104.44,63.8,0,NONE
2026-05-19 22:40:58.283160,Heavy-Extruder-B,87.41,5.64,424.86,147.81,92.45,0,NONE
2026-05-19 22:42:58.283160,Induction-Furnace-A,73.49,4.73,411.02,78.65,47.59,0,NONE
2026-05-19 22:44:58.283160,Stamping-Press-C,88.86,5.08,415.73,141.34,86.5,0,NONE
2026-05-19 22:46:58.283160,Cooling-Tower-D,82.96,5.61,412.86,127.3,77.38,0,NONE
2026-05-19 22:48:58.283160,Cooling-Tower-D,102.55,4.52,407.83,121.78,73.12,0,NONE
2026-05-19 22:50:58.283160,Stamping-Press-C,100.73,4.75,425.96,117.37,73.6,0,NONE
2026-05-19 22:52:58.283160,Heavy-Extruder-B,80.34,5.15,409.09,148.36,89.35,0,NONE
2026-05-19 22:54:58.283160,Cooling-Tower-D,83.49,3.92,416.1,130.61,80.01,0,NONE
2026-05-19 22:56:58.283160,Induction-Furnace-A,84.26,4.54,406.3,106.45,63.67,0,NONE
2026-05-19 22:58:58.283160,Cooling-Tower-D,80.48,4.6,413.0,94.22,57.29,0,NONE
2026-05-19 23:00:58.283160,Induction-Furnace-A,86.95,3.74,417.11,122.66,75.32,0,NONE
2026-05-19 23:02:58.283160,Stamping-Press-C,77.42,6.35,410.88,119.98,72.58,0,NONE
2026-05-19 23:04:58.283160,Induction-Furnace-A,73.69,3.37,417.93,97.2,59.81,0,NONE
2026-05-19 23:06:58.283160,Stamping-Press-C,91.23,3.46,413.65,119.17,72.57,0,NONE
2026-05-19 23:08:58.283160,Induction-Furnace-A,91.3,5.55,420.8,111.39,69.01,0,NONE
2026-05-19 23:10:58.283160,Stamping-Press-C,76.96,5.07,421.81,120.14,74.6,0,NONE
2026-05-19 23:12:58.283160,Induction-Furnace-A,93.95,3.68,412.07,130.89,79.4,0,NONE
2026-05-19 23:14:58.283160,Heavy-Extruder-B,78.68,4.99,415.38,142.39,87.07,0,NONE
2026-05-19 23:16:58.283160,Induction-Furnace-A,87.53,5.67,415.92,133.63,81.83,0,NONE
2026-05-19 23:18:58.283160,Induction-Furnace-A,93.2,4.48,418.1,109.18,67.2,0,NONE
2026-05-19 23:20:58.283160,Heavy-Extruder-B,84.66,6.58,415.07,125.53,76.71,0,NONE
2026-05-19 23:22:58.283160,Cooling-Tower-D,89.55,3.12,415.95,120.95,74.06,0,NONE
2026-05-19 23:24:58.283160,Cooling-Tower-D,79.84,5.06,413.78,100.02,60.93,0,NONE
2026-05-19 23:26:58.283160,Induction-Furnace-A,83.04,5.43,415.58,125.97,77.07,0,NONE
2026-05-19 23:28:58.283160,Heavy-Extruder-B,82.94,5.21,421.49,147.85,91.74,0,NONE
2026-05-19 23:30:58.283160,Induction-Furnace-A,77.53,4.34,418.23,120.49,74.19,0,NONE
2026-05-19 23:32:58.283160,Stamping-Press-C,83.23,4.27,418.51,96.09,59.2,0,NONE
2026-05-19 23:34:58.283160,Stamping-Press-C,69.51,4.86,418.62,120.45,74.23,0,NONE
2026-05-19 23:36:58.283160,Induction-Furnace-A,80.09,5.15,414.23,101.79,62.08,0,NONE
2026-05-19 23:38:58.283160,Cooling-Tower-D,82.15,4.98,416.59,132.95,81.54,0,NONE
2026-05-19 23:40:58.283160,Cooling-Tower-D,82.44,5.33,409.57,127.87,77.1,0,NONE
2026-05-19 23:42:58.283160,Induction-Furnace-A,82.59,3.68,421.34,117.44,72.85,0,NONE
2026-05-19 23:44:58.283160,Induction-Furnace-A,84.38,4.32,401.09,115.03,67.92,0,NONE
2026-05-19 23:46:58.283160,Stamping-Press-C,89.79,3.75,414.56,116.82,71.3,0,NONE
2026-05-19 23:48:58.283160,Cooling-Tower-D,93.75,4.19,420.7,120.12,74.4,0,NONE
2026-05-19 23:50:58.283160,Induction-Furnace-A,78.5,5.31,408.18,108.42,65.15,0,NONE
2026-05-19 23:52:58.283160,Stamping-Press-C,72.97,4.59,417.0,99.18,60.89,0,NONE
2026-05-19 23:54:58.283160,Cooling-Tower-D,74.58,6.59,411.6,137.08,83.06,0,NONE
2026-05-19 23:56:58.283160,Heavy-Extruder-B,80.13,4.65,413.16,114.22,69.47,0,NONE
2026-05-19 23:58:58.283160,Stamping-Press-C,81.48,4.55,419.73,122.51,75.7,0,NONE
2026-05-20 00:00:58.283160,Cooling-Tower-D,77.3,4.58,415.99,124.28,76.11,0,NONE
2026-05-20 00:02:58.283160,Cooling-Tower-D,72.04,3.99,404.83,124.83,74.4,0,NONE
2026-05-20 00:04:58.283160,Stamping-Press-C,80.44,4.45,410.12,102.39,61.82,0,NONE
2026-05-20 00:06:58.283160,Heavy-Extruder-B,86.81,5.4,419.88,94.86,58.64,0,NONE
2026-05-20 00:08:58.283160,Stamping-Press-C,90.95,4.59,417.24,111.17,68.29,0,NONE
2026-05-20 00:10:58.283160,Cooling-Tower-D,79.43,3.87,423.74,125.94,78.56,0,NONE
2026-05-20 00:12:58.283160,Induction-Furnace-A,80.87,3.76,423.41,109.08,68.0,0,NONE
2026-05-20 00:14:58.283160,Induction-Furnace-A,75.73,4.14,413.29,114.68,69.77,0,NONE
2026-05-20 00:16:58.283160,Stamping-Press-C,84.69,4.56,427.52,151.91,95.61,0,NONE
2026-05-20 00:18:58.283160,Cooling-Tower-D,76.52,5.45,415.12,92.32,56.42,0,NONE
2026-05-20 00:20:58.283160,Induction-Furnace-A,90.73,3.43,410.19,108.67,65.63,0,NONE
2026-05-20 00:22:58.283160,Cooling-Tower-D,67.14,4.24,411.83,148.45,90.0,0,NONE
2026-05-20 00:24:58.283160,Stamping-Press-C,81.4,4.62,403.72,119.33,70.92,0,NONE
2026-05-20 00:26:58.283160,Induction-Furnace-A,88.01,3.03,423.04,109.41,68.14,0,NONE
2026-05-20 00:28:58.283160,Cooling-Tower-D,86.84,3.83,422.97,137.53,85.64,0,NONE
2026-05-20 00:30:58.283160,Induction-Furnace-A,111.93,3.96,409.92,120.83,72.92,1,ERR-TEMP-HIGH
2026-05-20 00:32:58.283160,Stamping-Press-C,88.5,3.86,413.86,114.78,69.93,0,NONE
2026-05-20 00:34:58.283160,Cooling-Tower-D,74.96,4.65,415.48,122.89,75.16,0,NONE
2026-05-20 00:36:58.283160,Induction-Furnace-A,84.05,4.37,410.2,110.13,66.51,0,NONE
2026-05-20 00:38:58.283160,Stamping-Press-C,67.24,4.06,406.22,104.74,62.64,0,NONE
2026-05-20 00:40:58.283160,Induction-Furnace-A,84.19,4.84,413.95,118.3,72.09,0,NONE
2026-05-20 00:42:58.283160,Induction-Furnace-A,76.67,5.88,413.39,104.84,63.8,0,NONE
2026-05-20 00:44:58.283160,Heavy-Extruder-B,94.15,5.81,413.06,120.16,73.07,0,NONE
2026-05-20 00:46:58.283160,Heavy-Extruder-B,79.5,2.96,416.11,125.32,76.77,0,NONE
2026-05-20 00:48:58.283160,Stamping-Press-C,83.83,4.96,422.15,132.8,82.53,0,NONE
2026-05-20 00:50:58.283160,Heavy-Extruder-B,78.64,4.36,413.48,136.92,83.35,0,NONE
2026-05-20 00:52:58.283160,Stamping-Press-C,102.39,4.62,415.85,113.91,69.74,0,NONE
2026-05-20 00:54:58.283160,Heavy-Extruder-B,81.79,4.18,418.63,127.49,78.57,0,NONE
2026-05-20 00:56:58.283160,Induction-Furnace-A,103.33,4.59,417.77,127.39,78.35,0,NONE
2026-05-20 00:58:58.283160,Stamping-Press-C,93.14,4.62,411.93,124.92,75.75,0,NONE
2026-05-20 01:00:58.283160,Stamping-Press-C,89.82,4.04,415.48,112.81,69.0,0,NONE
2026-05-20 01:02:58.283160,Induction-Furnace-A,88.69,3.78,417.74,104.58,64.32,0,NONE
2026-05-20 01:04:58.283160,Stamping-Press-C,88.94,4.14,409.36,127.53,76.86,0,NONE
2026-05-20 01:06:58.283160,Stamping-Press-C,65.72,4.69,421.32,94.4,58.55,0,NONE
2026-05-20 01:08:58.283160,Heavy-Extruder-B,82.21,4.98,422.16,115.98,72.08,0,NONE
2026-05-20 01:10:58.283160,Stamping-Press-C,93.45,5.18,411.39,81.7,49.48,0,NONE
2026-05-20 01:12:58.283160,Cooling-Tower-D,84.51,4.1,415.97,99.95,61.21,0,NONE
2026-05-20 01:14:58.283160,Induction-Furnace-A,70.95,4.73,418.21,106.84,65.78,0,NONE
2026-05-20 01:16:58.283160,Heavy-Extruder-B,84.48,5.27,412.27,136.45,82.82,0,NONE
2026-05-20 01:18:58.283160,Heavy-Extruder-B,102.04,5.43,417.41,130.32,80.08,0,NONE
2026-05-20 01:20:58.283160,Cooling-Tower-D,97.47,4.45,415.82,111.69,68.37,0,NONE
2026-05-20 01:22:58.283160,Induction-Furnace-A,84.38,4.32,407.66,130.94,78.58,0,NONE
2026-05-20 01:24:58.283160,Induction-Furnace-A,94.51,4.65,417.3,133.31,81.9,0,NONE
2026-05-20 01:26:58.283160,Heavy-Extruder-B,81.33,3.58,409.5,117.59,70.89,0,NONE
2026-05-20 01:28:58.283160,Stamping-Press-C,67.96,4.35,419.7,99.23,61.31,0,NONE
2026-05-20 01:30:58.283160,Heavy-Extruder-B,75.76,5.1,411.64,116.88,70.83,0,NONE
2026-05-20 01:32:58.283160,Induction-Furnace-A,100.63,5.01,414.19,118.53,72.28,0,NONE
2026-05-20 01:34:58.283160,Cooling-Tower-D,82.26,4.28,421.86,101.51,63.05,0,NONE
2026-05-20 01:36:58.283160,Heavy-Extruder-B,82.57,4.67,417.48,125.51,77.14,0,NONE
2026-05-20 01:38:58.283160,Induction-Furnace-A,82.0,3.84,409.6,124.2,74.89,0,NONE
2026-05-20 01:40:58.283160,Heavy-Extruder-B,104.04,5.06,409.93,126.68,76.45,0,NONE
2026-05-20 01:42:58.283160,Stamping-Press-C,101.26,4.44,412.0,124.18,75.32,0,NONE
2026-05-20 01:44:58.283160,Heavy-Extruder-B,107.19,4.28,416.97,130.95,80.38,0,NONE
2026-05-20 01:46:58.283160,Heavy-Extruder-B,83.41,4.21,416.79,117.31,71.98,0,NONE
2026-05-20 01:48:58.283160,Induction-Furnace-A,87.96,4.45,410.78,123.03,74.4,0,NONE
2026-05-20 01:50:58.283160,Induction-Furnace-A,69.83,4.14,409.16,114.03,68.69,0,NONE
2026-05-20 01:52:58.283160,Induction-Furnace-A,99.77,11.53,416.41,111.23,68.19,1,ERR-VIB-WARN
2026-05-20 01:54:58.283160,Heavy-Extruder-B,73.32,4.18,414.09,140.07,85.39,0,NONE
2026-05-20 01:56:58.283160,Stamping-Press-C,87.17,5.77,425.79,89.34,56.0,0,NONE
2026-05-20 01:58:58.283160,Cooling-Tower-D,74.03,5.67,415.18,133.15,81.39,0,NONE
2026-05-20 02:00:58.283160,Cooling-Tower-D,79.11,3.79,424.07,110.69,69.11,0,NONE
2026-05-20 02:02:58.283160,Induction-Furnace-A,76.63,4.56,409.15,108.75,65.5,0,NONE
2026-05-20 02:04:58.283160,Induction-Furnace-A,78.92,3.98,407.13,123.92,74.28,0,NONE
2026-05-20 02:06:58.283160,Heavy-Extruder-B,79.61,4.24,409.4,97.66,58.86,0,NONE
2026-05-20 02:08:58.283160,Cooling-Tower-D,79.52,6.1,420.95,107.76,66.78,0,NONE
2026-05-20 02:10:58.283160,Induction-Furnace-A,93.33,4.25,423.78,107.26,66.92,0,NONE
2026-05-20 02:12:58.283160,Stamping-Press-C,73.95,4.79,411.09,116.68,70.61,0,NONE
2026-05-20 02:14:58.283160,Stamping-Press-C,87.21,4.93,412.7,107.94,65.58,0,NONE
2026-05-20 02:16:58.283160,Induction-Furnace-A,97.18,3.7,409.16,144.02,86.75,0,NONE
2026-05-20 02:18:58.283160,Induction-Furnace-A,79.87,3.82,405.94,146.96,87.82,0,NONE
2026-05-20 02:20:58.283160,Cooling-Tower-D,77.82,3.54,418.59,89.67,55.26,0,NONE
2026-05-20 02:22:58.283160,Cooling-Tower-D,82.69,3.79,416.12,128.16,78.51,0,NONE
2026-05-20 02:24:58.283160,Heavy-Extruder-B,96.8,2.22,415.05,132.88,81.19,0,NONE
2026-05-20 02:26:58.283160,Cooling-Tower-D,86.94,4.94,408.0,128.14,76.97,0,NONE
2026-05-20 02:28:58.283160,Stamping-Press-C,79.69,6.14,423.2,110.13,68.61,0,NONE
2026-05-20 02:30:58.283160,Stamping-Press-C,89.84,4.62,412.48,116.34,70.65,0,NONE
2026-05-20 02:32:58.283160,Induction-Furnace-A,113.98,3.37,417.67,188.78,116.08,1,ERR-TEMP-HIGH
2026-05-20 02:34:58.283160,Cooling-Tower-D,91.81,3.99,407.73,113.7,68.25,0,NONE
2026-05-20 02:36:58.283160,Heavy-Extruder-B,89.09,4.13,414.05,101.85,62.08,0,NONE
2026-05-20 02:38:58.283160,Stamping-Press-C,81.92,3.69,416.46,118.28,72.52,0,NONE
2026-05-20 02:40:58.283160,Stamping-Press-C,76.61,5.19,416.64,97.46,59.78,0,NONE
2026-05-20 02:42:58.283160,Heavy-Extruder-B,76.13,5.15,415.77,117.0,71.61,0,NONE
2026-05-20 02:44:58.283160,Heavy-Extruder-B,90.35,3.58,417.47,101.27,62.24,0,NONE
2026-05-20 02:46:58.283160,Stamping-Press-C,97.29,5.08,409.35,123.1,74.19,0,NONE
2026-05-20 02:48:58.283160,Stamping-Press-C,78.63,5.72,415.99,109.81,67.25,0,NONE
2026-05-20 02:50:58.283160,Heavy-Extruder-B,89.58,6.02,415.57,124.36,76.08,0,NONE
2026-05-20 02:52:58.283160,Stamping-Press-C,64.13,6.79,416.16,136.22,83.46,0,NONE
2026-05-20 02:54:58.283160,Induction-Furnace-A,79.15,3.78,415.36,143.84,87.96,0,NONE
2026-05-20 02:56:58.283160,Induction-Furnace-A,84.69,6.76,408.63,82.08,49.38,0,NONE
2026-05-20 02:58:58.283160,Heavy-Extruder-B,75.9,4.22,408.41,107.49,64.63,0,NONE
2026-05-20 03:00:58.283160,Cooling-Tower-D,75.63,4.03,403.93,115.45,68.66,0,NONE
2026-05-20 03:02:58.283160,Heavy-Extruder-B,78.32,4.76,419.09,126.9,78.3,0,NONE
2026-05-20 03:04:58.283160,Heavy-Extruder-B,87.92,4.03,419.14,95.24,58.77,0,NONE
2026-05-20 03:06:58.283160,Cooling-Tower-D,83.13,4.82,419.22,105.27,64.97,0,NONE
2026-05-20 03:08:58.283160,Cooling-Tower-D,62.62,3.44,416.53,121.96,74.79,0,NONE
2026-05-20 03:10:58.283160,Cooling-Tower-D,63.79,4.31,404.33,121.27,72.19,0,NONE
2026-05-20 03:12:58.283160,Induction-Furnace-A,78.93,5.53,409.87,125.66,75.83,0,NONE
2026-05-20 03:14:58.283160,Stamping-Press-C,89.58,4.45,415.85,126.66,77.54,0,NONE
2026-05-20 03:16:58.283160,Induction-Furnace-A,57.52,4.61,415.68,125.08,76.54,0,NONE
2026-05-20 03:18:58.283160,Stamping-Press-C,80.0,4.88,413.89,122.9,74.89,0,NONE
2026-05-20 03:20:58.283160,Induction-Furnace-A,79.74,5.44,416.84,120.84,74.15,0,NONE
2026-05-20 03:22:58.283160,Stamping-Press-C,98.88,3.18,415.06,129.97,79.42,0,NONE
2026-05-20 03:24:58.283160,Induction-Furnace-A,81.15,4.97,415.6,86.41,52.87,0,NONE
2026-05-20 03:26:58.283160,Cooling-Tower-D,88.83,4.29,411.8,143.17,86.8,0,NONE
2026-05-20 03:28:58.283160,Heavy-Extruder-B,86.41,4.63,419.91,86.93,53.74,0,NONE
2026-05-20 03:30:58.283160,Induction-Furnace-A,63.69,5.35,412.85,103.81,63.1,0,NONE
2026-05-20 03:32:58.283160,Stamping-Press-C,92.68,3.54,408.35,116.6,70.1,0,NONE
2026-05-20 03:34:58.283160,Cooling-Tower-D,87.15,3.69,411.15,130.09,78.74,0,NONE
2026-05-20 03:36:58.283160,Induction-Furnace-A,90.08,2.95,413.26,75.07,45.67,0,NONE
2026-05-20 03:38:58.283160,Induction-Furnace-A,124.26,4.06,419.97,119.58,73.93,1,ERR-TEMP-HIGH
2026-05-20 03:40:58.283160,Cooling-Tower-D,64.16,5.56,414.79,131.89,80.54,0,NONE
2026-05-20 03:42:58.283160,Induction-Furnace-A,102.25,4.4,414.07,134.92,82.24,0,NONE
2026-05-20 03:44:58.283160,Heavy-Extruder-B,82.13,3.43,408.76,109.54,65.92,0,NONE
2026-05-20 03:46:58.283160,Induction-Furnace-A,87.87,4.11,418.93,115.49,71.23,0,NONE
2026-05-20 03:48:58.283160,Heavy-Extruder-B,84.54,3.31,411.74,110.76,67.14,0,NONE
2026-05-20 03:50:58.283160,Heavy-Extruder-B,80.76,3.6,414.5,114.11,69.63,0,NONE
2026-05-20 03:52:58.283160,Cooling-Tower-D,79.3,4.81,422.4,104.52,65.0,0,NONE
2026-05-20 03:54:58.283160,Induction-Furnace-A,88.3,3.56,417.54,106.66,65.57,0,NONE
2026-05-20 03:56:58.283160,Cooling-Tower-D,69.83,5.39,406.86,126.52,75.78,0,NONE
2026-05-20 03:58:58.283160,Induction-Furnace-A,92.51,4.44,406.15,121.97,72.93,0,NONE
2026-05-20 04:00:58.283160,Induction-Furnace-A,80.84,4.57,414.68,127.37,77.76,0,NONE
2026-05-20 04:02:58.283160,Stamping-Press-C,73.7,4.28,408.94,123.21,74.18,0,NONE
2026-05-20 04:04:58.283160,Induction-Furnace-A,80.5,5.12,418.24,130.57,80.39,0,NONE
2026-05-20 04:06:58.283160,Cooling-Tower-D,97.57,5.13,415.21,133.17,81.41,0,NONE
2026-05-20 04:08:58.283160,Heavy-Extruder-B,79.65,4.77,415.83,93.87,57.47,0,NONE
2026-05-20 04:10:58.283160,Induction-Furnace-A,88.58,4.95,411.47,107.19,64.93,0,NONE
2026-05-20 04:12:58.283160,Stamping-Press-C,77.69,4.33,423.71,116.53,72.69,0,NONE
2026-05-20 04:14:58.283160,Cooling-Tower-D,92.58,4.93,429.21,119.66,75.61,0,NONE
2026-05-20 04:16:58.283160,Induction-Furnace-A,91.86,4.23,413.61,109.95,66.95,0,NONE
2026-05-20 04:18:58.283160,Cooling-Tower-D,103.49,4.5,416.77,133.68,82.02,0,NONE
2026-05-20 04:20:58.283160,Stamping-Press-C,83.24,4.28,415.49,149.7,91.57,0,NONE
2026-05-20 04:22:58.283160,Stamping-Press-C,91.69,4.13,413.7,122.79,74.79,0,NONE
2026-05-20 04:24:58.283160,Cooling-Tower-D,85.98,3.95,410.84,121.27,73.35,0,NONE
2026-05-20 04:26:58.283160,Induction-Furnace-A,97.96,4.87,409.58,132.74,80.04,0,NONE
2026-05-20 04:28:58.283160,Heavy-Extruder-B,77.81,5.55,409.32,92.01,55.45,0,NONE
2026-05-20 04:30:58.283160,Stamping-Press-C,92.45,5.44,417.03,120.43,73.94,0,NONE
2026-05-20 04:32:58.283160,Induction-Furnace-A,83.05,3.49,412.4,134.69,81.77,0,NONE
2026-05-20 04:34:58.283160,Induction-Furnace-A,84.36,5.53,402.11,110.35,65.33,0,NONE
2026-05-20 04:36:58.283160,Heavy-Extruder-B,85.92,4.25,417.22,101.6,62.41,0,NONE
2026-05-20 04:38:58.283160,Stamping-Press-C,87.52,4.98,414.81,117.21,71.58,0,NONE
2026-05-20 04:40:58.283160,Stamping-Press-C,83.84,3.78,421.73,119.09,73.94,0,NONE
2026-05-20 04:42:58.283160,Induction-Furnace-A,87.15,4.61,416.87,106.37,65.28,0,NONE
2026-05-20 04:44:58.283160,Induction-Furnace-A,100.78,4.75,407.61,151.44,90.88,0,NONE
2026-05-20 04:46:58.283160,Heavy-Extruder-B,94.85,3.31,403.85,112.82,67.08,0,NONE
2026-05-20 04:48:58.283160,Heavy-Extruder-B,93.69,4.99,411.4,102.7,62.2,0,NONE
2026-05-20 04:50:58.283160,Stamping-Press-C,80.44,5.58,411.87,118.6,71.91,0,NONE
2026-05-20 04:52:58.283160,Cooling-Tower-D,76.11,4.36,419.72,133.62,82.56,0,NONE
2026-05-20 04:54:58.283160,Stamping-Press-C,94.55,5.59,414.96,120.26,73.47,0,NONE
2026-05-20 04:56:58.283160,Induction-Furnace-A,93.76,4.35,420.67,127.28,78.83,0,NONE
2026-05-20 04:58:58.283160,Stamping-Press-C,99.73,5.18,408.38,106.93,64.29,0,NONE
2026-05-20 05:00:58.283160,Cooling-Tower-D,78.96,2.73,419.83,142.32,87.96,0,NONE
2026-05-20 05:02:58.283160,Heavy-Extruder-B,82.7,6.44,418.6,128.43,79.14,0,NONE
2026-05-20 05:04:58.283160,Cooling-Tower-D,68.61,5.7,404.91,135.72,80.9,0,NONE
2026-05-20 05:06:58.283160,Cooling-Tower-D,81.08,4.27,421.61,125.48,77.88,0,NONE
2026-05-20 05:08:58.283160,Cooling-Tower-D,94.97,2.92,415.47,132.37,80.97,0,NONE
2026-05-20 05:10:58.283160,Heavy-Extruder-B,80.34,4.73,416.96,106.9,65.62,0,NONE
2026-05-20 05:12:58.283160,Cooling-Tower-D,91.4,3.34,410.68,112.63,68.1,0,NONE
2026-05-20 05:14:58.283160,Cooling-Tower-D,83.09,4.86,421.38,140.2,86.97,0,NONE
2026-05-20 05:16:58.283160,Cooling-Tower-D,88.24,4.83,409.07,143.4,86.36,0,NONE
2026-05-20 05:18:58.283160,Induction-Furnace-A,73.52,3.75,419.16,102.79,63.43,0,NONE
2026-05-20 05:20:58.283160,Cooling-Tower-D,85.85,5.4,419.1,123.75,76.35,0,NONE
2026-05-20 05:22:58.283160,Heavy-Extruder-B,55.09,5.14,410.13,113.54,68.55,0,NONE
2026-05-20 05:24:58.283160,Cooling-Tower-D,83.13,5.28,424.92,109.54,68.53,0,NONE
2026-05-20 05:26:58.283160,Cooling-Tower-D,68.7,4.51,416.16,124.27,76.14,0,NONE
2026-05-20 05:28:58.283160,Heavy-Extruder-B,97.06,3.37,418.27,137.11,84.43,0,NONE
2026-05-20 05:30:58.283160,Cooling-Tower-D,92.77,5.28,407.36,126.77,76.03,0,NONE
2026-05-20 05:32:58.283160,Heavy-Extruder-B,89.67,4.28,425.59,115.21,72.18,0,NONE
2026-05-20 05:34:58.283160,Cooling-Tower-D,100.21,3.39,408.88,127.72,76.88,0,NONE
2026-05-20 05:36:58.283160,Heavy-Extruder-B,75.51,5.58,420.12,114.6,70.88,0,NONE
2026-05-20 05:38:58.283160,Cooling-Tower-D,102.47,6.18,410.03,126.18,76.17,0,NONE
2026-05-20 05:40:58.283160,Cooling-Tower-D,94.32,4.47,411.91,140.95,85.47,0,NONE
2026-05-20 05:42:58.283160,Induction-Furnace-A,82.63,6.23,418.94,88.84,54.8,0,NONE
2026-05-20 05:44:58.283160,Induction-Furnace-A,96.36,4.57,420.14,131.96,81.62,0,NONE
2026-05-20 05:46:58.283160,Cooling-Tower-D,73.94,4.2,408.64,96.91,58.3,0,NONE
2026-05-20 05:48:58.283160,Cooling-Tower-D,76.75,4.0,420.45,138.42,85.68,0,NONE
2026-05-20 05:50:58.283160,Stamping-Press-C,78.91,5.81,420.22,110.44,68.33,0,NONE
2026-05-20 05:52:58.283160,Heavy-Extruder-B,79.71,3.88,410.31,101.73,61.45,0,NONE
2026-05-20 05:54:58.283160,Stamping-Press-C,74.43,5.09,422.99,130.43,81.22,0,NONE
2026-05-20 05:56:58.283160,Induction-Furnace-A,97.23,4.05,407.72,125.46,75.31,0,NONE
2026-05-20 05:58:58.283160,Induction-Furnace-A,82.41,4.13,411.88,105.01,63.68,0,NONE
2026-05-20 06:00:58.283160,Induction-Furnace-A,88.53,5.32,417.4,101.21,62.19,0,NONE
2026-05-20 06:02:58.283160,Induction-Furnace-A,79.3,4.2,410.73,117.19,70.86,0,NONE
2026-05-20 06:04:58.283160,Cooling-Tower-D,66.79,4.18,416.32,101.94,62.48,0,NONE
2026-05-20 06:06:58.283160,Induction-Furnace-A,87.7,5.41,416.21,104.08,63.77,0,NONE
2026-05-20 06:08:58.283160,Cooling-Tower-D,65.88,5.78,414.06,121.73,74.21,0,NONE
2026-05-20 06:10:58.283160,Cooling-Tower-D,84.31,5.02,419.16,105.51,65.11,0,NONE
2026-05-20 06:12:58.283160,Induction-Furnace-A,71.32,3.98,413.86,126.4,77.01,0,NONE
2026-05-20 06:14:58.283160,Induction-Furnace-A,104.87,4.09,416.16,142.35,87.21,0,NONE
2026-05-20 06:16:58.283160,Heavy-Extruder-B,94.11,4.56,420.73,117.77,72.95,0,NONE
2026-05-20 06:18:58.283160,Stamping-Press-C,86.06,4.76,418.95,121.95,75.22,0,NONE
2026-05-20 06:20:58.283160,Induction-Furnace-A,97.64,3.71,418.93,150.27,92.68,0,NONE
2026-05-20 06:22:58.283160,Heavy-Extruder-B,76.54,5.08,409.25,102.19,61.57,0,NONE
2026-05-20 06:24:58.283160,Heavy-Extruder-B,90.43,4.57,417.62,137.87,84.77,0,NONE
2026-05-20 06:26:58.283160,Stamping-Press-C,87.0,3.13,410.61,136.06,82.25,0,NONE
2026-05-20 06:28:58.283160,Cooling-Tower-D,87.64,3.76,408.59,132.81,79.89,0,NONE
2026-05-20 06:30:58.283160,Induction-Furnace-A,97.72,4.1,414.64,139.38,85.08,0,NONE
2026-05-20 06:32:58.283160,Stamping-Press-C,92.32,4.44,410.48,124.21,75.06,0,NONE
2026-05-20 06:34:58.283160,Induction-Furnace-A,87.89,6.01,418.95,111.26,68.62,0,NONE
2026-05-20 06:36:58.283160,Heavy-Extruder-B,68.45,4.69,419.07,136.42,84.16,0,NONE
2026-05-20 06:38:58.283160,Heavy-Extruder-B,75.4,3.83,405.49,136.99,81.78,0,NONE
2026-05-20 06:40:58.283160,Cooling-Tower-D,83.77,4.68,410.86,136.58,82.61,0,NONE
2026-05-20 06:42:58.283160,Heavy-Extruder-B,85.93,4.22,407.7,120.67,72.43,0,NONE
2026-05-20 06:44:58.283160,Heavy-Extruder-B,73.7,4.76,412.69,109.26,66.38,0,NONE
2026-05-20 06:46:58.283160,Stamping-Press-C,109.12,4.96,417.28,122.87,75.48,0,NONE
2026-05-20 06:48:58.283160,Induction-Furnace-A,100.16,5.47,413.79,134.13,81.71,0,NONE
2026-05-20 06:50:58.283160,Induction-Furnace-A,91.02,4.48,412.05,135.37,82.12,0,NONE
2026-05-20 06:52:58.283160,Stamping-Press-C,85.72,5.81,421.5,113.55,70.46,0,NONE
2026-05-20 06:54:58.283160,Cooling-Tower-D,82.88,5.23,403.48,124.73,74.09,0,NONE
2026-05-20 06:56:58.283160,Induction-Furnace-A,75.48,3.93,421.18,100.37,62.24,0,NONE
2026-05-20 06:58:58.283160,Heavy-Extruder-B,85.77,6.27,412.28,134.77,81.8,0,NONE
2026-05-20 07:00:58.283160,Induction-Furnace-A,87.58,4.76,414.61,108.25,66.07,0,NONE
2026-05-20 07:02:58.283160,Heavy-Extruder-B,72.58,3.83,412.36,131.78,80.0,0,NONE
2026-05-20 07:04:58.283160,Cooling-Tower-D,88.34,5.82,422.71,102.76,63.95,0,NONE
2026-05-20 07:06:58.283160,Stamping-Press-C,83.45,6.16,408.85,135.47,81.54,0,NONE
2026-05-20 07:08:58.283160,Induction-Furnace-A,65.92,4.47,415.06,124.83,76.28,0,NONE
2026-05-20 07:10:58.283160,Stamping-Press-C,76.4,4.1,417.64,108.28,66.58,0,NONE
2026-05-20 07:12:58.283160,Induction-Furnace-A,80.86,4.36,406.94,130.37,78.11,0,NONE
2026-05-20 07:14:58.283160,Heavy-Extruder-B,103.88,5.07,410.4,111.14,67.15,0,NONE
2026-05-20 07:16:58.283160,Stamping-Press-C,90.57,5.52,414.26,131.24,80.04,0,NONE
2026-05-20 07:18:58.283160,Induction-Furnace-A,71.65,4.96,410.57,115.89,70.05,0,NONE
2026-05-20 07:20:58.283160,Heavy-Extruder-B,89.86,4.58,410.92,94.18,56.98,0,NONE
2026-05-20 07:22:58.283160,Stamping-Press-C,69.53,5.7,413.25,105.26,64.04,0,NONE
2026-05-20 07:24:58.283160,Stamping-Press-C,95.83,4.25,418.25,113.54,69.91,0,NONE
2026-05-20 07:26:58.283160,Induction-Furnace-A,80.29,5.32,413.29,140.52,85.5,0,NONE
2026-05-20 07:28:58.283160,Induction-Furnace-A,84.06,4.27,420.39,133.52,82.63,0,NONE
2026-05-20 07:30:58.283160,Induction-Furnace-A,98.26,4.84,410.01,144.36,87.14,0,NONE
2026-05-20 07:32:58.283160,Heavy-Extruder-B,112.13,4.41,408.74,224.8,135.28,1,ERR-TEMP-HIGH
2026-05-20 07:34:58.283160,Induction-Furnace-A,71.03,4.46,424.63,111.98,70.0,0,NONE
2026-05-20 07:36:58.283160,Stamping-Press-C,79.16,4.2,411.71,117.17,71.02,0,NONE
2026-05-20 07:38:58.283160,Stamping-Press-C,95.38,5.58,408.45,113.83,68.45,0,NONE
2026-05-20 07:40:58.283160,Induction-Furnace-A,69.81,3.91,406.29,109.93,65.75,0,NONE
2026-05-20 07:42:58.283160,Induction-Furnace-A,56.68,3.91,420.38,92.38,57.17,0,NONE
2026-05-20 07:44:58.283160,Cooling-Tower-D,80.49,6.2,413.29,119.78,72.88,0,NONE
2026-05-20 07:46:58.283160,Stamping-Press-C,90.52,5.28,413.73,100.72,61.35,0,NONE
2026-05-20 07:48:58.283160,Heavy-Extruder-B,97.0,2.59,414.2,119.49,72.86,0,NONE
2026-05-20 07:50:58.283160,Cooling-Tower-D,80.37,4.05,420.06,151.74,93.84,0,NONE
2026-05-20 07:52:58.283160,Induction-Furnace-A,80.89,3.05,414.1,112.36,68.5,0,NONE
2026-05-20 07:54:58.283160,Induction-Furnace-A,96.54,3.74,426.72,122.92,77.22,0,NONE
2026-05-20 07:56:58.283160,Stamping-Press-C,66.3,1.99,415.67,133.6,81.76,0,NONE
2026-05-20 07:58:58.283160,Induction-Furnace-A,81.11,4.39,420.31,124.2,76.86,0,NONE
2026-05-20 08:00:58.283160,Heavy-Extruder-B,86.9,3.59,419.03,124.39,76.73,0,NONE
2026-05-20 08:02:58.283160,Stamping-Press-C,89.49,4.55,414.82,114.56,69.96,0,NONE
2026-05-20 08:04:58.283160,Induction-Furnace-A,79.9,3.2,412.07,116.52,70.69,0,NONE
2026-05-20 08:06:58.283160,Stamping-Press-C,85.34,4.57,416.66,105.6,64.78,0,NONE
2026-05-20 08:08:58.283160,Induction-Furnace-A,60.12,4.17,417.55,132.69,81.57,0,NONE
2026-05-20 08:10:58.283160,Induction-Furnace-A,78.42,5.7,412.14,93.88,56.96,0,NONE
2026-05-20 08:12:58.283160,Induction-Furnace-A,89.54,5.63,415.83,134.57,82.38,0,NONE
2026-05-20 08:14:58.283160,Heavy-Extruder-B,75.18,5.13,421.18,98.94,61.35,0,NONE
2026-05-20 08:16:58.283160,Heavy-Extruder-B,85.59,4.24,425.35,134.44,84.19,0,NONE
2026-05-20 08:18:58.283160,Stamping-Press-C,89.47,6.09,419.27,114.69,70.79,0,NONE
2026-05-20 08:20:58.283160,Induction-Furnace-A,81.57,3.26,424.31,101.52,63.42,0,NONE
2026-05-20 08:22:58.283160,Induction-Furnace-A,86.7,3.38,411.85,128.69,78.03,0,NONE
2026-05-20 08:24:58.283160,Heavy-Extruder-B,75.37,4.43,418.51,133.93,82.52,0,NONE
2026-05-20 08:26:58.283160,Induction-Furnace-A,82.93,6.3,421.69,113.43,70.42,0,NONE
2026-05-20 08:28:58.283160,Heavy-Extruder-B,91.1,4.34,410.52,130.81,79.06,0,NONE
2026-05-20 08:30:58.283160,Induction-Furnace-A,86.57,4.35,412.57,85.72,52.07,0,NONE
2026-05-20 08:32:58.283160,Stamping-Press-C,79.13,3.35,423.69,100.19,62.49,0,NONE
2026-05-20 08:34:58.283160,Induction-Furnace-A,87.24,5.26,410.12,139.39,84.16,0,NONE
2026-05-20 08:36:58.283160,Induction-Furnace-A,92.15,5.26,408.29,116.64,70.11,0,NONE
2026-05-20 08:38:58.283160,Cooling-Tower-D,64.5,5.13,422.64,92.07,57.28,0,NONE
2026-05-20 08:40:58.283160,Heavy-Extruder-B,96.59,4.0,420.98,109.52,67.88,0,NONE
2026-05-20 08:42:58.283160,Induction-Furnace-A,81.64,3.93,417.16,106.15,65.19,0,NONE
2026-05-20 08:44:58.283160,Induction-Furnace-A,89.25,3.47,414.77,117.51,71.76,0,NONE
2026-05-20 08:46:58.283160,Cooling-Tower-D,96.97,4.57,412.81,114.44,69.55,0,NONE
2026-05-20 08:48:58.283160,Cooling-Tower-D,71.28,3.64,416.41,122.68,75.21,0,NONE
2026-05-20 08:50:58.283160,Heavy-Extruder-B,77.91,3.56,422.9,118.96,74.06,0,NONE
2026-05-20 08:52:58.283160,Cooling-Tower-D,82.11,4.16,416.19,140.4,86.02,0,NONE
2026-05-20 08:54:58.283160,Stamping-Press-C,77.16,4.11,425.83,126.37,79.22,0,NONE
2026-05-20 08:56:58.283160,Cooling-Tower-D,102.35,4.07,410.51,126.87,76.67,0,NONE
2026-05-20 08:58:58.283160,Stamping-Press-C,76.43,4.87,414.9,137.48,83.97,0,NONE
2026-05-20 09:00:58.283160,Heavy-Extruder-B,79.44,4.56,413.13,114.17,69.44,0,NONE
2026-05-20 09:02:58.283160,Heavy-Extruder-B,87.04,4.27,409.57,101.07,60.94,0,NONE
2026-05-20 09:04:58.283160,Heavy-Extruder-B,72.98,4.65,414.23,138.1,84.22,0,NONE
2026-05-20 09:06:58.283160,Heavy-Extruder-B,81.04,3.71,417.09,122.04,74.94,0,NONE
2026-05-20 09:08:58.283160,Heavy-Extruder-B,88.17,4.58,417.62,122.09,75.06,0,NONE
2026-05-20 09:10:58.283160,Stamping-Press-C,81.67,4.62,425.85,110.5,69.28,0,NONE
2026-05-20 09:12:58.283160,Stamping-Press-C,84.07,9.8,417.32,110.75,68.04,1,ERR-VIB-WARN
2026-05-20 09:14:58.283160,Heavy-Extruder-B,79.71,5.3,420.75,132.7,82.2,0,NONE
2026-05-20 09:16:58.283160,Cooling-Tower-D,69.86,3.79,415.33,134.77,82.4,0,NONE
2026-05-20 09:18:58.283160,Induction-Furnace-A,88.22,4.57,423.39,131.76,82.13,0,NONE
2026-05-20 09:20:58.283160,Heavy-Extruder-B,102.55,5.43,426.99,131.89,82.91,0,NONE
2026-05-20 09:22:58.283160,Cooling-Tower-D,85.18,5.24,417.66,128.54,79.03,0,NONE
2026-05-20 09:24:58.283160,Induction-Furnace-A,87.25,4.53,410.04,121.97,73.63,0,NONE
2026-05-20 09:26:58.283160,Heavy-Extruder-B,91.93,4.21,412.26,117.37,71.23,0,NONE
2026-05-20 09:28:58.283160,Heavy-Extruder-B,72.31,5.26,416.41,138.15,84.69,0,NONE
2026-05-20 09:30:58.283160,Stamping-Press-C,102.03,5.04,417.28,114.39,70.28,0,NONE
2026-05-20 09:32:58.283160,Induction-Furnace-A,87.02,4.01,418.49,125.55,77.35,0,NONE
2026-05-20 09:34:58.283160,Induction-Furnace-A,101.32,3.86,417.3,107.94,66.31,0,NONE
2026-05-20 09:36:58.283160,Cooling-Tower-D,77.67,2.84,415.03,110.11,67.28,0,NONE
2026-05-20 09:38:58.283160,Stamping-Press-C,103.18,4.62,411.82,116.46,70.61,0,NONE
2026-05-20 09:40:58.283160,Stamping-Press-C,92.75,4.43,417.01,107.94,66.27,0,NONE
2026-05-20 09:42:58.283160,Stamping-Press-C,90.53,5.41,424.27,131.97,82.43,0,NONE
2026-05-20 09:44:58.283160,Stamping-Press-C,87.34,4.79,420.1,99.78,61.71,0,NONE
2026-05-20 09:46:58.283160,Induction-Furnace-A,82.51,5.57,417.67,121.49,74.7,0,NONE
2026-05-20 09:48:58.283160,Induction-Furnace-A,97.01,3.94,420.15,121.99,75.45,0,NONE
2026-05-20 09:50:58.283160,Heavy-Extruder-B,86.4,5.41,413.14,92.84,56.47,0,NONE
2026-05-20 09:52:58.283160,Heavy-Extruder-B,65.33,4.08,412.46,113.38,68.85,0,NONE
2026-05-20 09:54:58.283160,Stamping-Press-C,73.83,5.12,411.26,123.84,74.98,0,NONE
2026-05-20 09:56:58.283160,Stamping-Press-C,83.14,3.33,414.37,126.43,77.13,0,NONE
2026-05-20 09:58:58.283160,Stamping-Press-C,88.1,4.69,412.89,116.94,71.08,0,NONE
2026-05-20 10:00:58.283160,Heavy-Extruder-B,84.43,2.91,421.04,130.15,80.68,0,NONE
2026-05-20 10:02:58.283160,Cooling-Tower-D,97.19,4.29,412.62,118.36,71.9,0,NONE
2026-05-20 10:04:58.283160,Cooling-Tower-D,65.49,4.85,410.99,120.2,72.73,0,NONE
2026-05-20 10:06:58.283160,Heavy-Extruder-B,86.44,4.08,424.71,123.77,77.39,0,NONE
2026-05-20 10:08:58.283160,Heavy-Extruder-B,66.82,3.66,412.74,133.9,81.37,0,NONE
2026-05-20 10:10:58.283160,Heavy-Extruder-B,92.6,5.18,415.77,109.86,67.25,0,NONE
2026-05-20 10:12:58.283160,Heavy-Extruder-B,84.06,4.42,417.26,112.7,69.23,0,NONE
2026-05-20 10:14:58.283160,Heavy-Extruder-B,89.2,4.11,409.32,109.97,66.27,0,NONE
2026-05-20 10:16:58.283160,Heavy-Extruder-B,76.36,4.53,421.18,115.02,71.32,0,NONE
2026-05-20 10:18:58.283160,Stamping-Press-C,97.79,6.61,418.19,141.39,87.05,0,NONE
2026-05-20 10:20:58.283160,Stamping-Press-C,95.42,5.42,422.79,128.59,80.04,0,NONE
2026-05-20 10:22:58.283160,Stamping-Press-C,90.84,5.43,411.6,103.03,62.43,0,NONE
2026-05-20 10:24:58.283160,Stamping-Press-C,83.7,4.85,415.5,110.99,67.89,0,NONE
2026-05-20 10:26:58.283160,Heavy-Extruder-B,90.8,4.63,415.2,125.59,76.77,0,NONE
2026-05-20 10:28:58.283160,Cooling-Tower-D,77.93,2.58,416.32,106.4,65.21,0,NONE
2026-05-20 10:30:58.283160,Induction-Furnace-A,93.56,3.96,407.73,109.12,65.5,0,NONE
2026-05-20 10:32:58.283160,Heavy-Extruder-B,101.49,4.12,415.55,140.17,85.76,0,NONE
2026-05-20 10:34:58.283160,Induction-Furnace-A,95.71,3.0,407.87,110.8,66.53,0,NONE
2026-05-20 10:36:58.283160,Cooling-Tower-D,77.7,3.57,416.79,134.32,82.42,0,NONE
2026-05-20 10:38:58.283160,Stamping-Press-C,88.61,2.92,404.36,138.83,82.64,0,NONE
2026-05-20 10:40:58.283160,Cooling-Tower-D,72.07,4.47,405.74,109.0,65.11,0,NONE
2026-05-20 10:42:58.283160,Heavy-Extruder-B,90.72,5.16,419.09,106.65,65.8,0,NONE
2026-05-20 10:44:58.283160,Stamping-Press-C,89.51,5.39,412.27,115.86,70.32,0,NONE
2026-05-20 10:46:58.283160,Heavy-Extruder-B,66.3,4.83,410.06,103.67,62.59,0,NONE
2026-05-20 10:48:58.283160,Stamping-Press-C,73.38,3.73,421.35,121.82,75.56,0,NONE
2026-05-20 10:50:58.283160,Induction-Furnace-A,82.17,2.95,416.64,116.92,71.71,0,NONE
2026-05-20 10:52:58.283160,Induction-Furnace-A,81.99,3.09,419.36,125.41,77.43,0,NONE
2026-05-20 10:54:58.283160,Induction-Furnace-A,72.91,3.48,414.17,140.95,85.95,0,NONE
2026-05-20 10:56:58.283160,Cooling-Tower-D,88.89,3.79,428.4,132.26,83.42,0,NONE
2026-05-20 10:58:58.283160,Heavy-Extruder-B,87.51,4.37,411.98,127.34,77.23,0,NONE
2026-05-20 11:00:58.283160,Cooling-Tower-D,83.06,3.69,423.72,90.51,56.46,0,NONE
2026-05-20 11:02:58.283160,Induction-Furnace-A,77.44,4.77,414.69,126.65,77.32,0,NONE
2026-05-20 11:04:58.283160,Heavy-Extruder-B,95.49,4.31,406.73,145.84,87.33,0,NONE
2026-05-20 11:06:58.283160,Induction-Furnace-A,101.55,4.51,417.41,74.84,45.99,0,NONE
2026-05-20 11:08:58.283160,Cooling-Tower-D,80.16,5.41,416.57,130.34,79.94,0,NONE
2026-05-20 11:10:58.283160,Cooling-Tower-D,78.88,3.56,409.74,117.61,70.94,0,NONE
2026-05-20 11:12:58.283160,Cooling-Tower-D,89.91,4.83,410.39,107.25,64.8,0,NONE
2026-05-20 11:14:58.283160,Induction-Furnace-A,81.42,4.49,414.88,132.02,80.63,0,NONE
2026-05-20 11:16:58.283160,Heavy-Extruder-B,83.61,4.23,416.75,145.65,89.36,0,NONE
2026-05-20 11:18:58.283160,Heavy-Extruder-B,92.4,5.21,402.65,131.63,78.03,0,NONE
2026-05-20 11:20:58.283160,Induction-Furnace-A,65.91,5.2,420.27,114.43,70.8,0,NONE
2026-05-20 11:22:58.283160,Heavy-Extruder-B,98.18,3.74,412.53,105.85,64.28,0,NONE
2026-05-20 11:24:58.283160,Induction-Furnace-A,85.73,4.35,408.34,122.17,73.44,0,NONE
2026-05-20 11:26:58.283160,Heavy-Extruder-B,80.89,4.72,419.71,133.1,82.24,0,NONE
2026-05-20 11:28:58.283160,Stamping-Press-C,84.11,4.28,414.88,114.19,69.75,0,NONE
2026-05-20 11:30:58.283160,Stamping-Press-C,84.62,4.97,421.08,115.64,71.69,0,NONE
2026-05-20 11:32:58.283160,Cooling-Tower-D,67.69,4.72,417.19,162.33,99.7,0,NONE
2026-05-20 11:34:58.283160,Stamping-Press-C,99.95,5.97,414.99,136.18,83.2,0,NONE
2026-05-20 11:36:58.283160,Stamping-Press-C,85.41,3.28,414.24,137.25,83.7,0,NONE
2026-05-20 11:38:58.283160,Stamping-Press-C,89.43,4.4,417.41,98.1,60.28,0,NONE
2026-05-20 11:40:58.283160,Induction-Furnace-A,94.52,3.77,412.93,109.39,66.5,0,NONE
2026-05-20 11:42:58.283160,Stamping-Press-C,74.79,4.98,410.74,121.12,73.24,0,NONE
2026-05-20 11:44:58.283160,Stamping-Press-C,89.73,3.21,418.05,104.98,64.61,0,NONE
2026-05-20 11:46:58.283160,Cooling-Tower-D,82.32,4.78,414.28,144.01,87.83,0,NONE
2026-05-20 11:48:58.283160,Stamping-Press-C,93.47,4.0,415.17,141.15,86.28,0,NONE
2026-05-20 11:50:58.283160,Stamping-Press-C,63.73,3.91,420.45,112.0,69.32,0,NONE
2026-05-20 11:52:58.283160,Heavy-Extruder-B,84.01,3.34,414.43,146.76,89.54,0,NONE
2026-05-20 11:54:58.283160,Cooling-Tower-D,78.97,4.13,415.08,119.94,73.29,0,NONE
2026-05-20 11:56:58.283160,Cooling-Tower-D,89.32,5.37,412.0,158.84,96.34,0,NONE
2026-05-20 11:58:58.283160,Cooling-Tower-D,89.7,4.48,417.15,122.17,75.03,0,NONE
2026-05-20 12:00:58.283160,Cooling-Tower-D,77.92,5.0,416.75,128.64,78.93,0,NONE
2026-05-20 12:02:58.283160,Cooling-Tower-D,77.88,5.83,419.5,141.0,87.08,0,NONE
2026-05-20 12:04:58.283160,Cooling-Tower-D,83.89,4.71,412.1,139.16,84.43,0,NONE
2026-05-20 12:06:58.283160,Induction-Furnace-A,76.03,4.05,412.71,127.66,77.57,0,NONE
2026-05-20 12:08:58.283160,Stamping-Press-C,93.42,4.87,418.96,117.88,72.71,0,NONE
2026-05-20 12:10:58.283160,Cooling-Tower-D,81.31,4.06,416.26,127.71,78.26,0,NONE
2026-05-20 12:12:58.283160,Stamping-Press-C,55.93,4.1,410.47,107.76,65.12,0,NONE
2026-05-20 12:14:58.283160,Stamping-Press-C,81.25,3.28,421.53,122.28,75.89,0,NONE
2026-05-20 12:16:58.283160,Induction-Furnace-A,74.61,5.24,406.51,103.36,61.86,0,NONE
2026-05-20 12:18:58.283160,Cooling-Tower-D,68.69,4.19,418.92,93.29,57.53,0,NONE
2026-05-20 12:20:58.283160,Heavy-Extruder-B,72.63,4.65,408.67,120.76,72.65,0,NONE
2026-05-20 12:22:58.283160,Induction-Furnace-A,86.09,3.67,424.43,138.93,86.81,0,NONE
2026-05-20 12:24:58.283160,Heavy-Extruder-B,98.29,4.85,407.28,133.89,80.28,0,NONE
2026-05-20 12:26:58.283160,Stamping-Press-C,88.13,3.89,420.76,118.77,73.57,0,NONE
2026-05-20 12:28:58.283160,Stamping-Press-C,78.93,4.39,414.59,146.2,89.24,0,NONE
2026-05-20 12:30:58.283160,Induction-Furnace-A,89.56,5.2,413.17,111.46,67.8,0,NONE
2026-05-20 12:32:58.283160,Induction-Furnace-A,120.41,5.13,415.93,171.23,104.85,1,ERR-TEMP-HIGH
2026-05-20 12:34:58.283160,Heavy-Extruder-B,78.05,4.48,418.16,87.27,53.72,0,NONE
2026-05-20 12:36:58.283160,Cooling-Tower-D,73.46,3.09,410.48,102.28,61.81,0,NONE
2026-05-20 12:38:58.283160,Heavy-Extruder-B,67.48,6.89,410.92,132.25,80.01,0,NONE
2026-05-20 12:40:58.283160,Induction-Furnace-A,81.1,5.9,418.25,110.48,68.03,0,NONE
2026-05-20 12:42:58.283160,Heavy-Extruder-B,86.58,5.08,406.46,126.91,75.94,0,NONE
2026-05-20 12:44:58.283160,Induction-Furnace-A,84.03,3.9,412.08,144.69,87.78,0,NONE
2026-05-20 12:46:58.283160,Heavy-Extruder-B,80.84,4.41,430.2,103.5,65.55,0,NONE
2026-05-20 12:48:58.283160,Induction-Furnace-A,75.54,4.07,410.16,127.18,76.79,0,NONE
2026-05-20 12:50:58.283160,Induction-Furnace-A,91.08,5.51,420.74,128.08,79.34,0,NONE
2026-05-20 12:52:58.283160,Induction-Furnace-A,71.83,4.71,412.07,107.09,64.97,0,NONE
2026-05-20 12:54:58.283160,Cooling-Tower-D,92.76,3.87,417.55,140.31,86.25,0,NONE
2026-05-20 12:56:58.283160,Heavy-Extruder-B,74.98,4.12,418.27,115.68,71.24,0,NONE
2026-05-20 12:58:58.283160,Heavy-Extruder-B,77.48,5.4,420.64,114.24,70.75,0,NONE
2026-05-20 13:00:58.283160,Heavy-Extruder-B,70.33,5.78,414.0,151.67,92.44,0,NONE
2026-05-20 13:02:58.283160,Induction-Furnace-A,79.99,5.72,424.94,127.84,79.98,0,NONE
2026-05-20 13:04:58.283160,Heavy-Extruder-B,94.75,5.11,412.05,133.88,81.21,0,NONE
2026-05-20 13:06:58.283160,Heavy-Extruder-B,90.16,4.3,416.17,140.32,85.97,0,NONE
2026-05-20 13:08:58.283160,Induction-Furnace-A,94.78,1.91,416.23,110.24,67.55,0,NONE
2026-05-20 13:10:58.283160,Stamping-Press-C,90.22,4.74,409.39,138.75,83.62,0,NONE
2026-05-20 13:12:58.283160,Induction-Furnace-A,73.96,4.5,413.57,112.47,68.48,0,NONE
2026-05-20 13:14:58.283160,Heavy-Extruder-B,81.69,4.61,415.81,111.83,68.46,0,NONE
2026-05-20 13:16:58.283160,Induction-Furnace-A,77.2,4.54,412.84,115.92,70.45,0,NONE
2026-05-20 13:18:58.283160,Stamping-Press-C,98.31,3.44,427.2,110.67,69.6,0,NONE
2026-05-20 13:20:58.283160,Induction-Furnace-A,73.03,4.95,410.81,132.33,80.03,0,NONE
2026-05-20 13:22:58.283160,Heavy-Extruder-B,93.94,5.01,420.9,124.01,76.84,0,NONE
2026-05-20 13:24:58.283160,Stamping-Press-C,93.93,5.05,419.28,112.63,69.52,0,NONE
2026-05-20 13:26:58.283160,Cooling-Tower-D,103.3,5.26,414.93,130.12,79.48,0,NONE
2026-05-20 13:28:58.283160,Heavy-Extruder-B,80.9,4.98,410.67,115.87,70.06,0,NONE
2026-05-20 13:30:58.283160,Stamping-Press-C,92.12,4.17,411.16,115.08,69.66,0,NONE
2026-05-20 13:32:58.283160,Stamping-Press-C,107.82,4.44,412.41,120.73,73.3,0,NONE
2026-05-20 13:34:58.283160,Cooling-Tower-D,78.82,4.57,406.07,126.95,75.89,0,NONE
2026-05-20 13:36:58.283160,Induction-Furnace-A,69.65,4.59,409.98,125.85,75.96,0,NONE
2026-05-20 13:38:58.283160,Induction-Furnace-A,66.2,5.3,407.59,114.55,68.74,0,NONE
2026-05-20 13:40:58.283160,Heavy-Extruder-B,92.13,5.01,421.73,132.71,82.39,0,NONE
2026-05-20 13:42:58.283160,Cooling-Tower-D,66.17,6.16,418.09,116.66,71.81,0,NONE
2026-05-20 13:44:58.283160,Induction-Furnace-A,81.28,6.27,418.93,110.18,67.95,0,NONE
2026-05-20 13:46:58.283160,Cooling-Tower-D,89.37,4.56,417.94,97.98,60.29,0,NONE
2026-05-20 13:48:58.283160,Induction-Furnace-A,86.85,1.43,415.83,134.75,82.49,0,NONE
2026-05-20 13:50:58.283160,Stamping-Press-C,89.25,5.49,422.3,120.19,74.72,0,NONE
2026-05-20 13:52:58.283160,Induction-Furnace-A,87.22,4.07,411.95,123.16,74.69,0,NONE
2026-05-20 13:54:58.283160,Cooling-Tower-D,97.79,3.86,415.53,135.69,83.01,0,NONE
2026-05-20 13:56:58.283160,Stamping-Press-C,75.48,4.18,418.74,112.84,69.56,0,NONE
2026-05-20 13:58:58.283160,Stamping-Press-C,78.23,4.14,408.39,99.38,59.75,0,NONE
2026-05-20 14:00:58.283160,Stamping-Press-C,77.27,4.99,430.48,121.05,76.71,0,NONE
2026-05-20 14:02:58.283160,Cooling-Tower-D,93.3,3.25,415.14,124.62,76.16,0,NONE
2026-05-20 14:04:58.283160,Heavy-Extruder-B,94.0,3.64,415.71,116.06,71.03,0,NONE
2026-05-20 14:06:58.283160,Heavy-Extruder-B,89.51,4.77,421.28,142.11,88.14,0,NONE
2026-05-20 14:08:58.283160,Heavy-Extruder-B,96.83,5.0,419.57,82.71,51.09,0,NONE
2026-05-20 14:10:58.283160,Cooling-Tower-D,73.22,5.01,415.19,136.8,83.62,0,NONE
2026-05-20 14:12:58.283160,Stamping-Press-C,101.67,3.87,415.65,131.87,80.69,0,NONE
2026-05-20 14:14:58.283160,Heavy-Extruder-B,100.23,3.72,407.48,126.85,76.1,0,NONE
2026-05-20 14:16:58.283160,Cooling-Tower-D,92.36,4.09,412.22,69.96,42.46,0,NONE
2026-05-20 14:18:58.283160,Heavy-Extruder-B,102.82,4.69,417.59,139.26,85.61,0,NONE
2026-05-20 14:20:58.283160,Induction-Furnace-A,68.43,5.69,417.22,104.6,64.25,0,NONE
2026-05-20 14:22:58.283160,Heavy-Extruder-B,79.76,2.86,421.11,112.38,69.67,0,NONE
2026-05-20 14:24:58.283160,Heavy-Extruder-B,77.65,4.32,414.4,117.44,71.65,0,NONE
2026-05-20 14:26:58.283160,Stamping-Press-C,92.21,3.43,408.06,126.11,75.76,0,NONE
2026-05-20 14:28:58.283160,Cooling-Tower-D,74.5,3.18,420.28,129.59,80.18,0,NONE
2026-05-20 14:30:58.283160,Stamping-Press-C,92.57,5.27,422.18,133.39,82.91,0,NONE
2026-05-20 14:32:58.283160,Stamping-Press-C,98.71,4.94,419.49,132.24,81.67,0,NONE
2026-05-20 14:34:58.283160,Stamping-Press-C,91.95,4.86,414.18,123.79,75.48,0,NONE
2026-05-20 14:36:58.283160,Stamping-Press-C,87.84,5.24,420.22,126.24,78.1,0,NONE
2026-05-20 14:38:58.283160,Stamping-Press-C,75.12,4.12,432.14,103.64,65.94,0,NONE
2026-05-20 14:40:58.283160,Heavy-Extruder-B,76.53,4.15,415.58,108.73,66.52,0,NONE
2026-05-20 14:42:58.283160,Stamping-Press-C,97.5,6.25,408.44,133.43,80.23,0,NONE
2026-05-20 14:44:58.283160,Stamping-Press-C,92.79,4.3,412.07,132.56,80.42,0,NONE
2026-05-20 14:46:58.283160,Cooling-Tower-D,84.61,5.09,418.13,130.86,80.55,0,NONE
2026-05-20 14:48:58.283160,Induction-Furnace-A,80.82,4.51,406.98,112.28,67.27,0,NONE
2026-05-20 14:50:58.283160,Heavy-Extruder-B,64.74,3.02,415.85,133.66,81.83,0,NONE
2026-05-20 14:52:58.283160,Heavy-Extruder-B,74.29,2.86,416.9,102.58,62.96,0,NONE
2026-05-20 14:54:58.283160,Heavy-Extruder-B,104.11,4.04,422.68,136.16,84.73,0,NONE
2026-05-20 14:56:58.283160,Stamping-Press-C,72.2,5.34,421.55,116.09,72.04,0,NONE
2026-05-20 14:58:58.283160,Stamping-Press-C,86.89,5.13,419.32,145.26,89.67,0,NONE
2026-05-20 15:00:58.283160,Stamping-Press-C,95.07,5.23,404.19,97.18,57.83,0,NONE
2026-05-20 15:02:58.283160,Cooling-Tower-D,72.45,3.71,419.61,146.45,90.47,0,NONE
2026-05-20 15:04:58.283160,Induction-Furnace-A,86.85,5.79,418.53,114.58,70.6,0,NONE
2026-05-20 15:06:58.283160,Stamping-Press-C,94.38,3.73,416.28,114.31,70.05,0,NONE
2026-05-20 15:08:58.283160,Induction-Furnace-A,85.12,4.67,406.35,122.92,73.54,0,NONE
2026-05-20 15:10:58.283160,Cooling-Tower-D,113.68,4.49,411.12,109.54,66.3,1,ERR-TEMP-HIGH
2026-05-20 15:12:58.283160,Heavy-Extruder-B,68.31,4.36,409.17,118.92,71.63,0,NONE
2026-05-20 15:14:58.283160,Stamping-Press-C,95.59,5.57,404.92,108.94,64.94,0,NONE
2026-05-20 15:16:58.283160,Induction-Furnace-A,83.27,3.94,414.99,109.48,66.89,0,NONE
2026-05-20 15:18:58.283160,Induction-Furnace-A,92.72,3.42,411.01,127.3,77.03,0,NONE
2026-05-20 15:20:58.283160,Stamping-Press-C,89.41,4.52,428.13,106.48,67.11,0,NONE
2026-05-20 15:22:58.283160,Heavy-Extruder-B,77.67,4.18,414.16,108.48,66.14,0,NONE
2026-05-20 15:24:58.283160,Heavy-Extruder-B,87.29,7.2,421.47,99.41,61.68,0,NONE
2026-05-20 15:26:58.283160,Heavy-Extruder-B,66.42,5.04,407.15,112.44,67.4,0,NONE
2026-05-20 15:28:58.283160,Cooling-Tower-D,91.03,4.17,412.35,139.67,84.79,0,NONE
2026-05-20 15:30:58.283160,Induction-Furnace-A,87.98,3.66,415.48,107.31,65.64,0,NONE
2026-05-20 15:32:58.283160,Induction-Furnace-A,91.39,3.0,410.46,109.03,65.88,0,NONE
2026-05-20 15:34:58.283160,Induction-Furnace-A,95.58,3.68,412.89,122.91,74.71,0,NONE
2026-05-20 15:36:58.283160,Cooling-Tower-D,88.68,4.59,413.91,114.44,69.73,0,NONE
2026-05-20 15:38:58.283160,Induction-Furnace-A,86.48,5.64,413.83,153.42,93.47,0,NONE
2026-05-20 15:40:58.283160,Cooling-Tower-D,76.19,5.4,424.28,117.56,73.43,0,NONE
2026-05-20 15:42:58.283160,Heavy-Extruder-B,77.88,4.68,416.89,125.03,76.74,0,NONE
2026-05-20 15:44:58.283160,Stamping-Press-C,96.87,4.24,417.4,134.16,82.44,0,NONE
2026-05-20 15:46:58.283160,Induction-Furnace-A,99.36,4.72,417.7,133.87,82.32,0,NONE
2026-05-20 15:48:58.283160,Induction-Furnace-A,82.62,4.09,418.06,123.5,76.01,0,NONE
2026-05-20 15:50:58.283160,Heavy-Extruder-B,85.46,5.87,414.59,117.58,71.77,0,NONE
2026-05-20 15:52:58.283160,Stamping-Press-C,75.95,4.35,413.4,150.36,91.51,0,NONE
2026-05-20 15:54:58.283160,Cooling-Tower-D,96.73,4.43,415.83,118.5,72.55,0,NONE
2026-05-20 15:56:58.283160,Stamping-Press-C,91.65,2.73,420.78,113.37,70.23,0,NONE
2026-05-20 15:58:58.283160,Heavy-Extruder-B,104.41,4.34,420.63,110.31,68.31,0,NONE
2026-05-20 16:00:58.283160,Heavy-Extruder-B,76.22,5.17,413.8,94.1,57.32,0,NONE
2026-05-20 16:02:58.283160,Stamping-Press-C,81.22,3.65,418.84,132.32,81.59,0,NONE
2026-05-20 16:04:58.283160,Cooling-Tower-D,87.31,3.9,414.03,84.78,51.68,0,NONE
2026-05-20 16:06:58.283160,Cooling-Tower-D,91.46,5.13,415.17,119.91,73.29,0,NONE
2026-05-20 16:08:58.283160,Induction-Furnace-A,82.84,3.32,412.63,116.93,71.03,0,NONE
2026-05-20 16:10:58.283160,Cooling-Tower-D,76.27,5.35,414.09,153.6,93.64,0,NONE
2026-05-20 16:12:58.283160,Stamping-Press-C,93.81,4.07,421.71,92.53,57.44,0,NONE
2026-05-20 16:14:58.283160,Heavy-Extruder-B,92.21,4.19,415.46,106.48,65.13,0,NONE
2026-05-20 16:16:58.283160,Induction-Furnace-A,75.84,3.6,415.68,117.96,72.19,0,NONE
2026-05-20 16:18:58.283160,Induction-Furnace-A,98.55,4.8,407.76,117.04,70.26,0,NONE
2026-05-20 16:20:58.283160,Heavy-Extruder-B,96.7,6.47,413.45,111.76,68.02,0,NONE
2026-05-20 16:22:58.283160,Cooling-Tower-D,86.34,5.13,413.79,118.79,72.36,0,NONE
2026-05-20 16:24:58.283160,Heavy-Extruder-B,85.8,3.81,410.85,101.11,61.16,0,NONE
2026-05-20 16:26:58.283160,Cooling-Tower-D,90.54,5.41,415.11,125.36,76.61,0,NONE
2026-05-20 16:28:58.283160,Heavy-Extruder-B,76.38,4.25,412.85,85.18,51.77,0,NONE
2026-05-20 16:30:58.283160,Stamping-Press-C,85.3,5.6,415.4,119.61,73.15,0,NONE
2026-05-20 16:32:58.283160,Cooling-Tower-D,63.48,11.65,415.61,110.99,67.91,1,ERR-VIB-WARN
2026-05-20 16:34:58.283160,Stamping-Press-C,93.76,2.15,410.22,135.24,81.68,0,NONE
2026-05-20 16:36:58.283160,Induction-Furnace-A,69.39,3.7,413.01,146.33,88.97,0,NONE
2026-05-20 16:38:58.283160,Heavy-Extruder-B,100.03,5.26,415.39,115.03,70.35,0,NONE
2026-05-20 16:40:58.283160,Induction-Furnace-A,81.7,4.62,420.92,140.86,87.29,0,NONE
2026-05-20 16:42:58.283160,Induction-Furnace-A,82.88,3.68,416.28,115.26,70.64,0,NONE
2026-05-20 16:44:58.283160,Induction-Furnace-A,78.72,3.99,411.69,105.51,63.95,0,NONE
2026-05-20 16:46:58.283160,Induction-Furnace-A,82.12,2.98,417.0,146.19,89.75,0,NONE
2026-05-20 16:48:58.283160,Heavy-Extruder-B,99.19,4.43,423.54,127.81,79.69,0,NONE
2026-05-20 16:50:58.283160,Induction-Furnace-A,60.12,6.27,419.58,120.07,74.17,0,NONE
2026-05-20 16:52:58.283160,Heavy-Extruder-B,97.77,5.14,417.74,130.31,80.14,0,NONE
2026-05-20 16:54:58.283160,Heavy-Extruder-B,88.38,6.25,418.63,124.11,76.49,0,NONE
2026-05-20 16:56:58.283160,Stamping-Press-C,72.93,5.21,422.2,118.96,73.94,0,NONE
2026-05-20 16:58:58.283160,Cooling-Tower-D,74.25,5.32,420.38,100.1,61.95,0,NONE
2026-05-20 17:00:58.283160,Cooling-Tower-D,101.76,6.08,417.83,115.94,71.32,0,NONE
2026-05-20 17:02:58.283160,Heavy-Extruder-B,75.54,4.8,420.34,129.35,80.04,0,NONE
2026-05-20 17:04:58.283160,Stamping-Press-C,73.47,4.35,409.59,118.16,71.25,0,NONE
2026-05-20 17:06:58.283160,Heavy-Extruder-B,96.37,5.33,407.49,133.53,80.11,0,NONE
2026-05-20 17:08:58.283160,Heavy-Extruder-B,88.39,5.66,415.79,125.75,76.98,0,NONE
2026-05-20 17:10:58.283160,Heavy-Extruder-B,75.62,4.12,415.34,106.83,65.32,0,NONE
2026-05-20 17:12:58.283160,Stamping-Press-C,87.17,3.92,412.28,100.21,60.82,0,NONE
2026-05-20 17:14:58.283160,Cooling-Tower-D,74.74,4.61,419.13,117.64,72.59,0,NONE
2026-05-20 17:16:58.283160,Stamping-Press-C,96.01,5.17,405.69,112.14,66.97,0,NONE
2026-05-20 17:18:58.283160,Induction-Furnace-A,95.61,5.14,412.33,125.04,75.91,0,NONE
2026-05-20 17:20:58.283160,Stamping-Press-C,90.32,3.36,412.58,109.23,66.34,0,NONE
2026-05-20 17:22:58.283160,Stamping-Press-C,88.62,6.03,406.82,110.77,66.34,0,NONE
2026-05-20 17:24:58.283160,Stamping-Press-C,102.61,3.99,422.47,135.8,84.46,0,NONE
2026-05-20 17:26:58.283160,Stamping-Press-C,85.0,4.29,408.2,122.22,73.45,0,NONE
2026-05-20 17:28:58.283160,Cooling-Tower-D,73.18,3.78,412.06,109.46,66.4,0,NONE
2026-05-20 17:30:58.283160,Induction-Furnace-A,89.49,6.66,419.54,120.26,74.28,0,NONE
2026-05-20 17:32:58.283160,Cooling-Tower-D,145.86,4.69,418.23,220.68,135.88,1,ERR-TEMP-HIGH
2026-05-20 17:34:58.283160,Cooling-Tower-D,74.85,3.82,409.46,124.41,74.99,0,NONE
2026-05-20 17:36:58.283160,Stamping-Press-C,81.39,5.19,418.41,128.89,79.4,0,NONE
2026-05-20 17:38:58.283160,Heavy-Extruder-B,89.16,5.12,416.45,108.72,66.65,0,NONE
2026-05-20 17:40:58.283160,Heavy-Extruder-B,84.46,4.35,426.67,135.4,85.05,0,NONE
2026-05-20 17:42:58.283160,Cooling-Tower-D,75.18,5.17,417.02,154.77,95.02,0,NONE
2026-05-20 17:44:58.283160,Cooling-Tower-D,96.22,3.84,414.29,108.13,65.95,0,NONE
2026-05-20 17:46:58.283160,Stamping-Press-C,108.2,4.11,410.72,102.27,61.84,0,NONE
2026-05-20 17:48:58.283160,Cooling-Tower-D,86.96,2.89,411.28,122.63,74.25,0,NONE
2026-05-20 17:50:58.283160,Stamping-Press-C,75.96,3.44,410.87,133.13,80.53,0,NONE
2026-05-20 17:52:58.283160,Heavy-Extruder-B,69.51,5.95,421.86,118.63,73.68,0,NONE
2026-05-20 17:54:58.283160,Heavy-Extruder-B,87.58,5.81,415.09,104.2,63.68,0,NONE
2026-05-20 17:56:58.283160,Induction-Furnace-A,96.04,4.55,417.83,118.37,72.81,0,NONE
2026-05-20 17:58:58.283160,Heavy-Extruder-B,89.75,5.83,422.57,128.97,80.23,0,NONE
2026-05-20 18:00:58.283160,Cooling-Tower-D,84.98,4.37,403.21,113.89,67.61,0,NONE
2026-05-20 18:02:58.283160,Heavy-Extruder-B,79.11,4.31,421.39,129.11,80.1,0,NONE
2026-05-20 18:04:58.283160,Stamping-Press-C,74.08,4.55,415.28,137.47,84.05,0,NONE
2026-05-20 18:06:58.283160,Heavy-Extruder-B,93.35,4.4,417.18,123.6,75.91,0,NONE
2026-05-20 18:08:58.283160,Induction-Furnace-A,94.14,4.33,410.86,119.58,72.33,0,NONE
2026-05-20 18:10:58.283160,Heavy-Extruder-B,69.54,5.41,411.22,132.44,80.18,0,NONE
2026-05-20 18:12:58.283160,Stamping-Press-C,100.9,4.62,417.44,107.16,65.86,0,NONE
2026-05-20 18:14:58.283160,Stamping-Press-C,90.74,5.07,426.92,105.68,66.42,0,NONE
2026-05-20 18:16:58.283160,Cooling-Tower-D,99.0,5.33,420.02,116.0,71.73,0,NONE
2026-05-20 18:18:58.283160,Heavy-Extruder-B,71.58,4.81,421.33,112.62,69.86,0,NONE
2026-05-20 18:20:58.283160,Stamping-Press-C,71.34,3.72,414.04,107.95,65.8,0,NONE
2026-05-20 18:22:58.283160,Induction-Furnace-A,83.51,3.42,412.0,147.46,89.44,0,NONE
2026-05-20 18:24:58.283160,Cooling-Tower-D,90.03,4.62,411.1,152.58,92.34,0,NONE
2026-05-20 18:26:58.283160,Induction-Furnace-A,102.96,4.36,412.56,114.69,69.66,0,NONE
2026-05-20 18:28:58.283160,Heavy-Extruder-B,92.06,4.57,404.74,121.38,72.32,0,NONE
2026-05-20 18:30:58.283160,Heavy-Extruder-B,82.57,4.49,411.38,117.18,70.97,0,NONE
2026-05-20 18:32:58.283160,Heavy-Extruder-B,74.74,6.57,412.2,136.61,82.9,0,NONE
2026-05-20 18:34:58.283160,Cooling-Tower-D,97.3,3.44,414.12,139.58,85.1,0,NONE
2026-05-20 18:36:58.283160,Stamping-Press-C,75.35,2.91,415.66,93.34,57.12,0,NONE
2026-05-20 18:38:58.283160,Cooling-Tower-D,101.28,4.77,416.81,127.14,78.02,0,NONE
2026-05-20 18:40:58.283160,Induction-Furnace-A,82.16,4.2,414.93,100.4,61.33,0,NONE
2026-05-20 18:42:58.283160,Cooling-Tower-D,100.91,4.75,412.09,146.37,88.8,0,NONE
2026-05-20 18:44:58.283160,Induction-Furnace-A,91.79,4.97,405.18,126.6,75.52,0,NONE
2026-05-20 18:46:58.283160,Cooling-Tower-D,83.63,5.53,412.12,107.65,65.31,0,NONE
2026-05-20 18:48:58.283160,Stamping-Press-C,79.81,3.29,410.14,116.38,70.27,0,NONE
2026-05-20 18:50:58.283160,Induction-Furnace-A,81.59,4.05,417.33,115.67,71.06,0,NONE
2026-05-20 18:52:58.283160,Heavy-Extruder-B,89.28,4.84,419.55,127.88,78.98,0,NONE
2026-05-20 18:54:58.283160,Heavy-Extruder-B,85.77,5.12,419.69,135.63,83.8,0,NONE
2026-05-20 18:56:58.283160,Cooling-Tower-D,79.06,6.25,418.78,102.78,63.37,0,NONE
2026-05-20 18:58:58.283160,Heavy-Extruder-B,83.34,5.26,414.33,147.58,90.02,0,NONE
2026-05-20 19:00:58.283160,Induction-Furnace-A,85.79,4.45,412.39,144.09,87.48,0,NONE
2026-05-20 19:02:58.283160,Heavy-Extruder-B,63.71,3.79,411.26,106.87,64.71,0,NONE
2026-05-20 19:04:58.283160,Stamping-Press-C,89.58,4.05,407.46,121.09,72.64,0,NONE
2026-05-20 19:06:58.283160,Stamping-Press-C,75.2,4.03,419.96,145.66,90.06,0,NONE
2026-05-20 19:08:58.283160,Cooling-Tower-D,73.47,5.02,414.13,138.49,84.44,0,NONE
2026-05-20 19:10:58.283160,Induction-Furnace-A,68.13,4.71,408.77,114.95,69.17,0,NONE
2026-05-20 19:12:58.283160,Stamping-Press-C,67.06,3.44,410.87,132.22,79.97,0,NONE
2026-05-20 19:14:58.283160,Stamping-Press-C,71.45,4.15,410.67,164.96,99.73,0,NONE
2026-05-20 19:16:58.283160,Induction-Furnace-A,77.91,5.2,415.22,121.58,74.32,0,NONE
2026-05-20 19:18:58.283160,Heavy-Extruder-B,104.53,4.78,420.34,110.51,68.39,0,NONE
2026-05-20 19:20:58.283160,Heavy-Extruder-B,79.74,4.95,413.26,122.59,74.58,0,NONE
2026-05-20 19:22:58.283160,Cooling-Tower-D,86.78,4.81,403.74,123.7,73.52,0,NONE
2026-05-20 19:24:58.283160,Heavy-Extruder-B,89.0,5.8,414.05,112.13,68.35,0,NONE
2026-05-20 19:26:58.283160,Induction-Furnace-A,86.31,4.69,414.22,126.62,77.22,0,NONE
2026-05-20 19:28:58.283160,Stamping-Press-C,84.23,4.19,413.88,101.18,61.65,0,NONE
2026-05-20 19:30:58.283160,Heavy-Extruder-B,73.05,3.77,411.86,110.02,66.71,0,NONE
2026-05-20 19:32:58.283160,Cooling-Tower-D,99.51,4.7,416.09,131.37,80.47,0,NONE
2026-05-20 19:34:58.283160,Heavy-Extruder-B,103.07,2.55,415.33,93.68,57.28,0,NONE
2026-05-20 19:36:58.283160,Induction-Furnace-A,68.17,4.35,414.88,133.55,81.57,0,NONE
2026-05-20 19:38:58.283160,Cooling-Tower-D,74.76,4.34,417.06,89.82,55.15,0,NONE
2026-05-20 19:40:58.283160,Heavy-Extruder-B,82.2,3.41,412.85,94.03,57.15,0,NONE
2026-05-20 19:42:58.283160,Cooling-Tower-D,75.35,3.76,412.57,112.52,68.34,0,NONE
2026-05-20 19:44:58.283160,Induction-Furnace-A,90.06,5.15,421.9,124.3,77.21,0,NONE
2026-05-20 19:46:58.283160,Stamping-Press-C,77.72,4.68,417.8,139.88,86.04,0,NONE
2026-05-20 19:48:58.283160,Induction-Furnace-A,106.65,4.58,419.13,120.86,74.58,0,NONE
2026-05-20 19:50:58.283160,Induction-Furnace-A,96.91,4.75,421.13,116.3,72.11,0,NONE
2026-05-20 19:52:58.283160,Induction-Furnace-A,87.13,4.57,417.63,128.69,79.13,0,NONE
2026-05-20 19:54:58.283160,Induction-Furnace-A,95.27,5.49,419.64,106.94,66.07,0,NONE
2026-05-20 19:56:58.283160,Stamping-Press-C,96.06,4.6,407.1,122.09,73.17,0,NONE
2026-05-20 19:58:58.283160,Stamping-Press-C,79.36,3.33,416.02,102.01,62.48,0,NONE
2026-05-20 20:00:58.283160,Cooling-Tower-D,76.84,5.8,414.09,121.24,73.91,0,NONE
2026-05-20 20:02:58.283160,Heavy-Extruder-B,85.78,4.8,423.39,118.05,73.58,0,NONE
2026-05-20 20:04:58.283160,Stamping-Press-C,93.62,4.03,419.64,107.94,66.68,0,NONE
2026-05-20 20:06:58.283160,Stamping-Press-C,86.39,3.5,411.85,122.48,74.26,0,NONE
2026-05-20 20:08:58.283160,Heavy-Extruder-B,69.23,4.82,416.86,122.38,75.1,0,NONE
2026-05-20 20:10:58.283160,Stamping-Press-C,76.97,4.41,415.84,137.63,84.26,0,NONE
2026-05-20 20:12:58.283160,Induction-Furnace-A,84.26,5.76,417.27,95.92,58.92,0,NONE
2026-05-20 20:14:58.283160,Induction-Furnace-A,84.24,4.22,409.91,118.86,71.73,0,NONE
2026-05-20 20:16:58.283160,Heavy-Extruder-B,104.73,3.83,416.8,108.6,66.64,0,NONE
2026-05-20 20:18:58.283160,Cooling-Tower-D,71.14,5.22,413.86,133.05,81.06,0,NONE
2026-05-20 20:20:58.283160,Cooling-Tower-D,90.06,5.24,416.41,131.31,80.5,0,NONE
2026-05-20 20:22:58.283160,Heavy-Extruder-B,99.89,4.63,411.38,127.62,77.29,0,NONE
2026-05-20 20:24:58.283160,Heavy-Extruder-B,107.71,5.04,412.07,109.44,66.39,0,NONE
2026-05-20 20:26:58.283160,Induction-Furnace-A,80.96,4.47,420.87,133.28,82.58,0,NONE
2026-05-20 20:28:58.283160,Cooling-Tower-D,89.91,4.69,409.74,97.05,58.54,0,NONE
2026-05-20 20:30:58.283160,Stamping-Press-C,90.7,5.43,410.11,93.97,56.74,0,NONE
2026-05-20 20:32:58.283160,Induction-Furnace-A,86.95,5.0,414.74,100.86,61.58,0,NONE
2026-05-20 20:34:58.283160,Heavy-Extruder-B,84.01,4.36,411.14,119.5,72.33,0,NONE
2026-05-20 20:36:58.283160,Cooling-Tower-D,89.36,5.58,410.57,130.13,78.66,0,NONE
2026-05-20 20:38:58.283160,Stamping-Press-C,59.68,2.61,415.53,75.36,46.1,0,NONE
2026-05-20 20:40:58.283160,Stamping-Press-C,91.82,6.14,407.47,139.84,83.89,0,NONE
2026-05-20 20:42:58.283160,Induction-Furnace-A,86.26,3.14,409.96,121.97,73.61,0,NONE
2026-05-20 20:44:58.283160,Cooling-Tower-D,82.78,4.0,425.27,96.48,60.41,0,NONE
2026-05-20 20:46:58.283160,Cooling-Tower-D,105.47,4.47,417.3,121.51,74.65,0,NONE
2026-05-20 20:48:58.283160,Heavy-Extruder-B,78.25,4.38,411.27,136.39,82.58,0,NONE
2026-05-20 20:50:58.283160,Cooling-Tower-D,80.97,5.31,417.09,128.99,79.21,0,NONE
2026-05-20 20:52:58.283160,Cooling-Tower-D,104.92,3.65,417.84,136.49,83.96,0,NONE
2026-05-20 20:54:58.283160,Induction-Furnace-A,76.68,4.71,419.97,99.51,61.52,0,NONE
2026-05-20 20:56:58.283160,Cooling-Tower-D,79.5,4.04,414.36,113.79,69.41,0,NONE
2026-05-20 20:58:58.283160,Stamping-Press-C,83.53,4.74,419.88,106.13,65.6,0,NONE
2026-05-20 21:00:58.283160,Induction-Furnace-A,93.41,4.45,404.81,145.76,86.87,0,NONE
2026-05-20 21:02:58.283160,Induction-Furnace-A,87.08,4.57,409.72,129.59,78.17,0,NONE
2026-05-20 21:04:58.283160,Heavy-Extruder-B,72.07,4.06,415.82,162.71,99.6,0,NONE
2026-05-20 21:06:58.283160,Cooling-Tower-D,79.68,4.09,416.65,112.99,69.3,0,NONE
2026-05-20 21:08:58.283160,Heavy-Extruder-B,78.93,4.73,410.44,109.13,65.94,0,NONE
2026-05-20 21:10:58.283160,Stamping-Press-C,84.23,5.25,416.3,117.86,72.23,0,NONE
2026-05-20 21:12:58.283160,Induction-Furnace-A,89.26,4.02,411.88,140.68,85.3,0,NONE
2026-05-20 21:14:58.283160,Induction-Furnace-A,89.18,3.8,413.62,114.51,69.73,0,NONE
2026-05-20 21:16:58.283160,Induction-Furnace-A,67.24,4.99,420.12,121.87,75.38,0,NONE
2026-05-20 21:18:58.283160,Stamping-Press-C,95.64,4.47,419.54,121.45,75.01,0,NONE
2026-05-20 21:20:58.283160,Stamping-Press-C,87.53,5.16,410.01,120.59,72.79,0,NONE
2026-05-20 21:22:58.283160,Heavy-Extruder-B,98.85,3.78,409.71,110.21,66.48,0,NONE
2026-05-20 21:24:58.283160,Heavy-Extruder-B,89.44,3.08,412.94,117.94,71.7,0,NONE
2026-05-20 21:26:58.283160,Heavy-Extruder-B,96.01,4.07,414.87,117.3,71.64,0,NONE
2026-05-20 21:28:58.283160,Cooling-Tower-D,89.67,3.89,411.71,119.89,72.67,0,NONE
2026-05-20 21:30:58.283160,Induction-Furnace-A,98.46,4.44,420.2,134.15,82.99,0,NONE
2026-05-20 21:32:58.283160,Induction-Furnace-A,90.22,3.99,416.74,146.41,89.83,0,NONE
2026-05-20 21:34:58.283160,Heavy-Extruder-B,84.02,5.09,417.03,107.39,65.93,0,NONE
2026-05-20 21:36:58.283160,Induction-Furnace-A,107.72,4.27,408.67,114.12,68.66,0,NONE
2026-05-20 21:38:58.283160,Heavy-Extruder-B,93.89,4.62,420.84,107.62,66.68,0,NONE
2026-05-20 21:40:58.283160,Cooling-Tower-D,90.74,4.63,400.9,122.81,72.48,0,NONE
2026-05-20 21:42:58.283160,Cooling-Tower-D,72.24,4.66,419.17,111.92,69.07,0,NONE
2026-05-20 21:44:58.283160,Stamping-Press-C,72.12,4.48,419.67,123.6,76.36,0,NONE
2026-05-20 21:46:58.283160,Cooling-Tower-D,87.93,4.91,412.84,136.55,83.0,0,NONE
2026-05-20 21:48:58.283160,Heavy-Extruder-B,86.46,3.86,421.36,82.11,50.94,0,NONE
2026-05-20 21:50:58.283160,Cooling-Tower-D,78.86,5.62,414.68,127.38,77.76,0,NONE
2026-05-20 21:52:58.283160,Stamping-Press-C,86.41,4.31,415.31,113.1,69.15,0,NONE
2026-05-20 21:54:58.283160,Induction-Furnace-A,100.89,3.45,416.7,126.91,77.85,0,NONE
2026-05-20 21:56:58.283160,Heavy-Extruder-B,91.95,4.65,430.93,106.55,67.6,0,NONE
2026-05-20 21:58:58.283160,Induction-Furnace-A,73.59,3.82,421.72,137.94,85.64,0,NONE
2026-05-20 22:00:58.283160,Stamping-Press-C,83.88,5.03,418.51,133.7,82.38,0,NONE
2026-05-20 22:02:58.283160,Stamping-Press-C,76.95,6.27,410.44,128.53,77.66,0,NONE
2026-05-20 22:04:58.283160,Stamping-Press-C,81.12,3.87,415.72,131.9,80.72,0,NONE
2026-05-20 22:06:58.283160,Induction-Furnace-A,80.86,4.77,410.93,108.82,65.83,0,NONE
2026-05-20 22:08:58.283160,Induction-Furnace-A,80.22,3.1,419.11,110.71,68.31,0,NONE
2026-05-20 22:10:58.283160,Induction-Furnace-A,72.45,4.86,415.7,131.29,80.35,0,NONE
2026-05-20 22:12:58.283160,Induction-Furnace-A,83.72,3.79,409.38,108.48,65.38,0,NONE
2026-05-20 22:14:58.283160,Stamping-Press-C,79.39,4.0,415.41,141.68,86.65,0,NONE
2026-05-20 22:16:58.283160,Stamping-Press-C,55.71,3.62,410.75,115.15,69.63,0,NONE
2026-05-20 22:18:58.283160,Heavy-Extruder-B,105.53,5.09,415.76,127.53,78.06,0,NONE
2026-05-20 22:20:58.283160,Heavy-Extruder-B,95.89,5.31,410.7,151.49,91.6,0,NONE
2026-05-20 22:22:58.283160,Induction-Furnace-A,81.24,4.52,415.14,109.41,66.87,0,NONE
2026-05-20 22:24:58.283160,Cooling-Tower-D,85.19,3.81,418.75,121.03,74.61,0,NONE
2026-05-20 22:26:58.283160,Cooling-Tower-D,73.28,5.77,414.73,135.81,82.92,0,NONE
2026-05-20 22:28:58.283160,Stamping-Press-C,101.96,3.9,413.05,134.27,81.65,0,NONE
2026-05-20 22:30:58.283160,Stamping-Press-C,103.97,2.77,416.02,115.08,70.48,0,NONE
2026-05-20 22:32:58.283160,Stamping-Press-C,126.57,4.87,418.49,192.25,118.44,1,ERR-TEMP-HIGH
2026-05-20 22:34:58.283160,Heavy-Extruder-B,95.24,3.62,409.46,116.5,70.23,0,NONE
2026-05-20 22:36:58.283160,Heavy-Extruder-B,86.75,5.29,416.3,141.72,86.86,0,NONE
2026-05-20 22:38:58.283160,Stamping-Press-C,71.63,4.2,421.59,115.81,71.88,0,NONE
2026-05-20 22:40:58.283160,Stamping-Press-C,80.88,4.98,417.87,121.17,74.54,0,NONE
2026-05-20 22:42:58.283160,Stamping-Press-C,86.32,5.62,415.29,113.6,69.45,0,NONE
2026-05-20 22:44:58.283160,Cooling-Tower-D,80.45,3.53,418.2,130.58,80.4,0,NONE
2026-05-20 22:46:58.283160,Heavy-Extruder-B,82.81,4.05,417.26,122.33,75.15,0,NONE
2026-05-20 22:48:58.283160,Cooling-Tower-D,84.09,4.44,418.77,104.95,64.7,0,NONE
2026-05-20 22:50:58.283160,Cooling-Tower-D,84.19,5.73,404.88,105.47,62.87,0,NONE
2026-05-20 22:52:58.283160,Stamping-Press-C,85.52,3.97,407.23,90.02,53.97,0,NONE
2026-05-20 22:54:58.283160,Stamping-Press-C,74.39,4.02,420.02,107.53,66.49,0,NONE
2026-05-20 22:56:58.283160,Induction-Furnace-A,77.83,4.88,407.47,131.91,79.13,0,NONE
2026-05-20 22:58:58.283160,Induction-Furnace-A,72.15,4.04,417.01,139.86,85.86,0,NONE
2026-05-20 23:00:58.283160,Cooling-Tower-D,94.78,4.62,413.24,130.28,79.26,0,NONE
2026-05-20 23:02:58.283160,Heavy-Extruder-B,63.94,3.26,410.02,128.32,77.46,0,NONE
2026-05-20 23:04:58.283160,Stamping-Press-C,96.54,6.27,416.75,118.1,72.46,0,NONE
2026-05-20 23:06:58.283160,Stamping-Press-C,98.86,3.42,416.01,131.62,80.61,0,NONE
2026-05-20 23:08:58.283160,Cooling-Tower-D,81.98,4.24,425.55,124.29,77.87,0,NONE
2026-05-20 23:10:58.283160,Induction-Furnace-A,58.97,4.47,411.88,147.07,89.18,0,NONE
2026-05-20 23:12:58.283160,Heavy-Extruder-B,81.39,6.03,422.2,118.52,73.67,0,NONE
2026-05-20 23:14:58.283160,Induction-Furnace-A,84.36,3.44,416.76,140.15,85.99,0,NONE
2026-05-20 23:16:58.283160,Induction-Furnace-A,74.89,6.09,411.69,133.11,80.68,0,NONE
2026-05-20 23:18:58.283160,Induction-Furnace-A,79.85,5.11,419.0,131.03,80.83,0,NONE
2026-05-20 23:20:58.283160,Induction-Furnace-A,100.3,4.83,417.83,89.83,55.26,0,NONE
2026-05-20 23:22:58.283160,Stamping-Press-C,91.65,3.71,415.18,133.94,81.87,0,NONE
2026-05-20 23:24:58.283160,Stamping-Press-C,75.75,4.96,416.33,118.09,72.38,0,NONE
2026-05-20 23:26:58.283160,Induction-Furnace-A,69.02,3.92,412.02,113.34,68.75,0,NONE
2026-05-20 23:28:58.283160,Heavy-Extruder-B,81.73,5.51,410.87,97.76,59.13,0,NONE
2026-05-20 23:30:58.283160,Cooling-Tower-D,82.87,3.72,418.8,119.92,73.93,0,NONE
2026-05-20 23:32:58.283160,Heavy-Extruder-B,89.96,4.41,413.88,120.5,73.42,0,NONE
2026-05-20 23:34:58.283160,Heavy-Extruder-B,79.65,4.06,414.6,100.45,61.32,0,NONE
2026-05-20 23:36:58.283160,Heavy-Extruder-B,90.11,3.71,416.4,97.9,60.02,0,NONE
2026-05-20 23:38:58.283160,Induction-Furnace-A,104.35,5.09,416.33,127.3,78.02,0,NONE
2026-05-20 23:40:58.283160,Stamping-Press-C,93.16,4.93,407.85,133.08,79.9,0,NONE
2026-05-20 23:42:58.283160,Heavy-Extruder-B,84.52,5.47,421.43,122.85,76.22,0,NONE
2026-05-20 23:44:58.283160,Induction-Furnace-A,83.17,3.08,415.61,137.26,83.98,0,NONE
2026-05-20 23:46:58.283160,Heavy-Extruder-B,81.43,5.35,413.99,118.7,72.35,0,NONE
2026-05-20 23:48:58.283160,Heavy-Extruder-B,96.81,6.5,417.15,119.18,73.2,0,NONE
2026-05-20 23:50:58.283160,Induction-Furnace-A,78.73,4.14,416.18,106.24,65.1,0,NONE
2026-05-20 23:52:58.283160,Stamping-Press-C,85.45,12.52,418.84,96.6,59.56,1,ERR-VIB-WARN
2026-05-20 23:54:58.283160,Stamping-Press-C,85.51,4.29,417.69,147.82,90.9,0,NONE
2026-05-20 23:56:58.283160,Cooling-Tower-D,79.98,3.4,418.59,136.97,84.41,0,NONE
2026-05-20 23:58:58.283160,Induction-Furnace-A,71.28,4.26,421.75,99.11,61.54,0,NONE
2026-05-21 00:00:58.283160,Cooling-Tower-D,88.23,5.34,419.42,122.34,75.54,0,NONE
2026-05-21 00:02:58.283160,Cooling-Tower-D,84.39,3.83,414.2,118.5,72.26,0,NONE
2026-05-21 00:04:58.283160,Cooling-Tower-D,90.0,4.02,409.39,115.89,69.85,0,NONE
2026-05-21 00:06:58.283160,Stamping-Press-C,79.66,4.97,423.34,113.86,70.97,0,NONE
2026-05-21 00:08:58.283160,Induction-Furnace-A,97.21,4.5,413.81,125.72,76.59,0,NONE
2026-05-21 00:10:58.283160,Cooling-Tower-D,76.23,4.97,412.63,132.27,80.35,0,NONE
2026-05-21 00:12:58.283160,Induction-Furnace-A,102.12,4.69,406.32,126.04,75.39,0,NONE
2026-05-21 00:14:58.283160,Induction-Furnace-A,67.52,4.88,416.69,118.19,72.51,0,NONE
2026-05-21 00:16:58.283160,Stamping-Press-C,89.35,4.15,415.74,117.64,72.0,0,NONE
2026-05-21 00:18:58.283160,Cooling-Tower-D,89.75,4.69,407.42,134.05,80.41,0,NONE
2026-05-21 00:20:58.283160,Cooling-Tower-D,77.04,3.76,417.27,126.95,77.99,0,NONE
2026-05-21 00:22:58.283160,Induction-Furnace-A,89.24,5.53,412.51,121.09,73.54,0,NONE
2026-05-21 00:24:58.283160,Heavy-Extruder-B,97.8,3.99,428.45,119.46,75.35,0,NONE
2026-05-21 00:26:58.283160,Stamping-Press-C,62.83,5.4,412.15,125.18,75.96,0,NONE
2026-05-21 00:28:58.283160,Stamping-Press-C,90.03,4.31,412.82,112.97,68.66,0,NONE
2026-05-21 00:30:58.283160,Stamping-Press-C,60.07,4.66,410.63,132.32,79.99,0,NONE
2026-05-21 00:32:58.283160,Stamping-Press-C,75.34,4.1,421.39,103.86,64.43,0,NONE
2026-05-21 00:34:58.283160,Cooling-Tower-D,101.29,3.69,413.14,113.83,69.23,0,NONE
2026-05-21 00:36:58.283160,Cooling-Tower-D,79.18,3.1,411.38,129.17,78.23,0,NONE
2026-05-21 00:38:58.283160,Heavy-Extruder-B,73.26,3.66,418.53,103.01,63.47,0,NONE
2026-05-21 00:40:58.283160,Stamping-Press-C,83.02,4.24,408.1,96.4,57.92,0,NONE
2026-05-21 00:42:58.283160,Stamping-Press-C,105.68,4.67,418.13,120.95,74.45,0,NONE
2026-05-21 00:44:58.283160,Induction-Furnace-A,66.68,5.31,423.91,94.55,59.01,0,NONE
2026-05-21 00:46:58.283160,Cooling-Tower-D,74.49,4.14,417.83,100.52,61.83,0,NONE
2026-05-21 00:48:58.283160,Stamping-Press-C,99.97,3.79,418.19,131.35,80.87,0,NONE
2026-05-21 00:50:58.283160,Heavy-Extruder-B,103.58,3.35,419.35,116.93,72.19,0,NONE
2026-05-21 00:52:58.283160,Heavy-Extruder-B,83.97,4.88,423.55,139.28,86.85,0,NONE
2026-05-21 00:54:58.283160,Cooling-Tower-D,72.61,5.61,421.05,101.93,63.18,0,NONE
2026-05-21 00:56:58.283160,Heavy-Extruder-B,105.96,5.51,417.2,118.59,72.84,0,NONE
2026-05-21 00:58:58.283160,Heavy-Extruder-B,100.94,5.07,419.52,125.99,77.82,0,NONE
2026-05-21 01:00:58.283160,Cooling-Tower-D,91.79,5.01,410.57,102.44,61.92,0,NONE
2026-05-21 01:02:58.283160,Stamping-Press-C,76.88,5.86,418.88,135.48,83.55,0,NONE
2026-05-21 01:04:58.283160,Stamping-Press-C,84.51,4.77,409.97,127.66,77.05,0,NONE
2026-05-21 01:06:58.283160,Heavy-Extruder-B,83.4,5.02,413.16,95.86,58.31,0,NONE
2026-05-21 01:08:58.283160,Heavy-Extruder-B,88.31,4.24,399.59,119.43,70.26,0,NONE
2026-05-21 01:10:58.283160,Stamping-Press-C,99.51,3.41,417.01,125.79,77.22,0,NONE
2026-05-21 01:12:58.283160,Cooling-Tower-D,93.79,3.95,411.78,111.15,67.38,0,NONE
2026-05-21 01:14:58.283160,Heavy-Extruder-B,74.23,4.49,420.56,97.8,60.55,0,NONE
2026-05-21 01:16:58.283160,Induction-Furnace-A,98.76,4.55,416.95,124.18,76.22,0,NONE
2026-05-21 01:18:58.283160,Cooling-Tower-D,88.13,6.04,420.62,153.17,94.85,0,NONE
2026-05-21 01:20:58.283160,Heavy-Extruder-B,91.87,4.57,409.58,114.2,68.86,0,NONE
2026-05-21 01:22:58.283160,Heavy-Extruder-B,99.67,5.44,420.19,143.54,88.79,0,NONE
2026-05-21 01:24:58.283160,Induction-Furnace-A,73.88,4.15,425.53,108.72,68.11,0,NONE
2026-05-21 01:26:58.283160,Induction-Furnace-A,84.64,4.25,418.82,123.23,75.98,0,NONE
2026-05-21 01:28:58.283160,Stamping-Press-C,79.69,3.44,418.95,131.57,81.15,0,NONE
2026-05-21 01:30:58.283160,Cooling-Tower-D,69.32,3.91,415.85,119.87,73.39,0,NONE
2026-05-21 01:32:58.283160,Cooling-Tower-D,88.47,4.92,412.38,115.53,70.14,0,NONE
2026-05-21 01:34:58.283160,Stamping-Press-C,110.12,4.51,418.81,130.89,80.7,1,ERR-TEMP-HIGH
2026-05-21 01:36:58.283160,Cooling-Tower-D,66.6,5.25,407.47,148.37,89.0,0,NONE
2026-05-21 01:38:58.283160,Cooling-Tower-D,84.68,4.65,412.91,124.51,75.69,0,NONE
2026-05-21 01:40:58.283160,Cooling-Tower-D,91.41,4.22,406.14,112.26,67.12,0,NONE
2026-05-21 01:42:58.283160,Cooling-Tower-D,86.23,6.22,411.48,117.15,70.97,0,NONE
2026-05-21 01:44:58.283160,Cooling-Tower-D,83.87,4.42,418.21,157.8,97.15,0,NONE
2026-05-21 01:46:58.283160,Induction-Furnace-A,72.01,5.43,417.53,122.02,75.01,0,NONE
2026-05-21 01:48:58.283160,Cooling-Tower-D,87.33,4.18,415.25,111.08,67.91,0,NONE
2026-05-21 01:50:58.283160,Induction-Furnace-A,77.43,5.07,415.85,102.82,62.95,0,NONE
2026-05-21 01:52:58.283160,Cooling-Tower-D,63.1,5.24,405.57,92.61,55.3,0,NONE
2026-05-21 01:54:58.283160,Stamping-Press-C,96.95,4.67,413.14,125.45,76.3,0,NONE
2026-05-21 01:56:58.283160,Heavy-Extruder-B,94.58,2.62,411.59,129.82,78.66,0,NONE
2026-05-21 01:58:58.283160,Induction-Furnace-A,85.52,4.51,411.7,114.05,69.13,0,NONE
2026-05-21 02:00:58.283160,Cooling-Tower-D,87.29,5.48,418.0,119.78,73.71,0,NONE
2026-05-21 02:02:58.283160,Stamping-Press-C,95.74,4.92,410.7,102.44,61.94,0,NONE
2026-05-21 02:04:58.283160,Heavy-Extruder-B,87.24,4.86,411.98,121.99,73.99,0,NONE
2026-05-21 02:06:58.283160,Induction-Furnace-A,94.04,3.12,404.56,127.22,75.77,0,NONE
2026-05-21 02:08:58.283160,Heavy-Extruder-B,82.03,3.92,413.53,111.97,68.17,0,NONE
2026-05-21 02:10:58.283160,Stamping-Press-C,98.12,4.83,409.56,145.36,87.64,0,NONE
2026-05-21 02:12:58.283160,Induction-Furnace-A,88.21,4.83,415.4,107.44,65.71,0,NONE
2026-05-21 02:14:58.283160,Heavy-Extruder-B,86.94,5.47,410.24,124.25,75.04,0,NONE
2026-05-21 02:16:58.283160,Cooling-Tower-D,72.3,4.38,415.52,132.72,81.19,0,NONE
2026-05-21 02:18:58.283160,Induction-Furnace-A,87.87,4.82,414.28,118.84,72.48,0,NONE
2026-05-21 02:20:58.283160,Heavy-Extruder-B,76.68,4.51,423.36,117.17,73.03,0,NONE
2026-05-21 02:22:58.283160,Stamping-Press-C,78.62,3.71,417.49,98.57,60.58,0,NONE
2026-05-21 02:24:58.283160,Stamping-Press-C,76.85,2.7,405.8,140.36,83.85,0,NONE
2026-05-21 02:26:58.283160,Induction-Furnace-A,74.34,4.84,408.68,117.45,70.67,0,NONE
2026-05-21 02:28:58.283160,Heavy-Extruder-B,106.25,4.64,415.28,128.06,78.29,0,NONE
2026-05-21 02:30:58.283160,Induction-Furnace-A,98.31,4.01,410.35,130.09,78.59,0,NONE
2026-05-21 02:32:58.283160,Induction-Furnace-A,104.2,3.2,400.16,110.58,65.14,0,NONE
2026-05-21 02:34:58.283160,Heavy-Extruder-B,72.77,5.0,421.75,117.04,72.67,0,NONE
2026-05-21 02:36:58.283160,Heavy-Extruder-B,85.71,4.29,418.6,140.02,86.29,0,NONE
2026-05-21 02:38:58.283160,Cooling-Tower-D,72.06,4.95,417.6,103.24,63.47,0,NONE
2026-05-21 02:40:58.283160,Heavy-Extruder-B,78.04,5.99,411.96,151.92,92.14,0,NONE
2026-05-21 02:42:58.283160,Stamping-Press-C,75.82,2.79,417.14,108.83,66.83,0,NONE
2026-05-21 02:44:58.283160,Induction-Furnace-A,97.4,3.94,411.48,102.31,61.98,0,NONE
2026-05-21 02:46:58.283160,Induction-Furnace-A,81.04,4.33,416.02,121.98,74.71,0,NONE
2026-05-21 02:48:58.283160,Stamping-Press-C,95.68,5.66,410.4,153.13,92.52,0,NONE
2026-05-21 02:50:58.283160,Heavy-Extruder-B,91.04,3.19,422.58,91.34,56.82,0,NONE
2026-05-21 02:52:58.283160,Stamping-Press-C,108.04,6.05,407.15,117.88,70.66,0,NONE
2026-05-21 02:54:58.283160,Stamping-Press-C,70.21,4.61,421.16,127.14,78.83,0,NONE
2026-05-21 02:56:58.283160,Cooling-Tower-D,97.59,4.42,415.19,120.5,73.66,0,NONE
2026-05-21 02:58:58.283160,Stamping-Press-C,96.46,4.34,412.55,125.73,76.36,0,NONE
2026-05-21 03:00:58.283160,Induction-Furnace-A,75.27,4.15,415.84,109.23,66.87,0,NONE
2026-05-21 03:02:58.283160,Stamping-Press-C,95.07,5.34,418.67,111.0,68.42,0,NONE
2026-05-21 03:04:58.283160,Induction-Furnace-A,88.36,3.65,421.83,117.77,73.14,0,NONE
2026-05-21 03:06:58.283160,Induction-Furnace-A,82.73,4.78,416.57,103.05,63.2,0,NONE
2026-05-21 03:08:58.283160,Induction-Furnace-A,76.76,4.19,410.55,119.33,72.12,0,NONE
2026-05-21 03:10:58.283160,Heavy-Extruder-B,77.81,3.89,415.28,114.17,69.8,0,NONE
2026-05-21 03:12:58.283160,Cooling-Tower-D,105.5,6.57,424.08,112.95,70.52,0,NONE
2026-05-21 03:14:58.283160,Induction-Furnace-A,85.01,4.84,421.74,124.81,77.49,0,NONE
2026-05-21 03:16:58.283160,Induction-Furnace-A,92.82,4.99,419.54,92.69,57.25,0,NONE
2026-05-21 03:18:58.283160,Heavy-Extruder-B,77.09,5.41,418.98,116.56,71.9,0,NONE
2026-05-21 03:20:58.283160,Induction-Furnace-A,77.2,3.36,418.5,154.76,95.35,0,NONE
2026-05-21 03:22:58.283160,Stamping-Press-C,95.82,5.9,420.79,103.71,64.25,0,NONE
2026-05-21 03:24:58.283160,Stamping-Press-C,71.5,2.49,412.72,139.28,84.63,0,NONE
2026-05-21 03:26:58.283160,Cooling-Tower-D,80.85,3.88,408.22,120.82,72.61,0,NONE
2026-05-21 03:28:58.283160,Induction-Furnace-A,85.34,4.13,415.35,110.96,67.85,0,NONE
2026-05-21 03:30:58.283160,Heavy-Extruder-B,86.11,4.97,410.91,100.19,60.61,0,NONE
2026-05-21 03:32:58.283160,Stamping-Press-C,123.21,4.67,409.72,202.1,121.9,1,ERR-TEMP-HIGH
2026-05-21 03:34:58.283160,Heavy-Extruder-B,88.96,4.37,411.4,141.8,85.88,0,NONE
2026-05-21 03:36:58.283160,Heavy-Extruder-B,91.93,4.49,427.43,114.16,71.84,0,NONE
2026-05-21 03:38:58.283160,Stamping-Press-C,92.35,3.72,415.68,118.79,72.69,0,NONE
2026-05-21 03:40:58.283160,Heavy-Extruder-B,75.14,3.3,416.81,135.16,82.94,0,NONE
2026-05-21 03:42:58.283160,Stamping-Press-C,82.16,5.08,408.89,125.11,75.31,0,NONE
2026-05-21 03:44:58.283160,Heavy-Extruder-B,96.95,5.05,405.78,96.42,57.6,0,NONE
2026-05-21 03:46:58.283160,Stamping-Press-C,93.95,5.77,410.9,121.48,73.49,0,NONE
2026-05-21 03:48:58.283160,Induction-Furnace-A,71.27,3.87,422.19,142.68,88.68,0,NONE
2026-05-21 03:50:58.283160,Cooling-Tower-D,88.51,5.05,416.67,119.45,73.27,0,NONE
2026-05-21 03:52:58.283160,Stamping-Press-C,65.22,4.27,417.99,78.88,48.54,0,NONE
2026-05-21 03:54:58.283160,Stamping-Press-C,85.47,5.45,418.69,125.82,77.56,0,NONE
2026-05-21 03:56:58.283160,Cooling-Tower-D,103.98,5.32,412.04,117.02,70.99,0,NONE
2026-05-21 03:58:58.283160,Stamping-Press-C,75.52,4.67,421.94,92.56,57.5,0,NONE
2026-05-21 04:00:58.283160,Stamping-Press-C,76.66,4.23,411.84,94.81,57.48,0,NONE
2026-05-21 04:02:58.283160,Heavy-Extruder-B,92.64,5.27,422.03,134.63,83.65,0,NONE
2026-05-21 04:04:58.283160,Cooling-Tower-D,69.57,5.02,417.21,109.01,66.96,0,NONE
2026-05-21 04:06:58.283160,Induction-Furnace-A,78.67,3.95,406.05,106.39,63.6,0,NONE
2026-05-21 04:08:58.283160,Stamping-Press-C,90.96,3.44,411.26,119.47,72.33,0,NONE
2026-05-21 04:10:58.283160,Cooling-Tower-D,78.66,4.27,406.08,110.34,65.96,0,NONE
2026-05-21 04:12:58.283160,Heavy-Extruder-B,82.64,5.71,420.82,121.5,75.27,0,NONE
2026-05-21 04:14:58.283160,Induction-Furnace-A,92.44,5.42,414.88,116.96,71.44,0,NONE
2026-05-21 04:16:58.283160,Cooling-Tower-D,89.22,3.61,403.86,102.0,60.65,0,NONE
2026-05-21 04:18:58.283160,Induction-Furnace-A,87.67,3.57,416.88,112.33,68.94,0,NONE
2026-05-21 04:20:58.283160,Induction-Furnace-A,81.61,5.52,412.31,126.64,76.87,0,NONE
2026-05-21 04:22:58.283160,Induction-Furnace-A,88.7,3.59,407.58,120.63,72.38,0,NONE
2026-05-21 04:24:58.283160,Stamping-Press-C,83.76,4.91,423.39,118.77,74.03,0,NONE
2026-05-21 04:26:58.283160,Stamping-Press-C,89.58,4.01,415.54,149.06,91.19,0,NONE
2026-05-21 04:28:58.283160,Heavy-Extruder-B,80.03,5.79,413.53,130.97,79.73,0,NONE
2026-05-21 04:30:58.283160,Heavy-Extruder-B,83.17,3.88,413.0,132.79,80.74,0,NONE
2026-05-21 04:32:58.283160,Cooling-Tower-D,75.1,5.41,407.43,117.51,70.49,0,NONE
2026-05-21 04:34:58.283160,Heavy-Extruder-B,84.65,4.65,408.48,123.3,74.15,0,NONE
2026-05-21 04:36:58.283160,Induction-Furnace-A,76.89,4.7,421.42,113.53,70.44,0,NONE
2026-05-21 04:38:58.283160,Induction-Furnace-A,73.86,2.92,412.63,131.66,79.98,0,NONE
2026-05-21 04:40:58.283160,Stamping-Press-C,87.59,2.74,415.11,118.34,72.32,0,NONE
2026-05-21 04:42:58.283160,Induction-Furnace-A,87.13,4.32,404.78,123.34,73.5,0,NONE
2026-05-21 04:44:58.283160,Cooling-Tower-D,92.83,4.7,408.41,122.41,73.6,0,NONE
2026-05-21 04:46:58.283160,Induction-Furnace-A,80.69,3.6,418.05,119.73,73.69,0,NONE
2026-05-21 04:48:58.283160,Induction-Furnace-A,89.08,3.63,416.89,164.07,100.7,0,NONE
2026-05-21 04:50:58.283160,Cooling-Tower-D,90.51,4.95,423.77,110.0,68.63,0,NONE
2026-05-21 04:52:58.283160,Heavy-Extruder-B,89.45,4.95,421.71,109.86,68.21,0,NONE
2026-05-21 04:54:58.283160,Heavy-Extruder-B,76.74,4.39,413.85,130.41,79.46,0,NONE
2026-05-21 04:56:58.283160,Cooling-Tower-D,86.49,5.12,417.36,111.07,68.25,0,NONE
2026-05-21 04:58:58.283160,Stamping-Press-C,88.64,3.56,413.42,115.63,70.38,0,NONE
2026-05-21 05:00:58.283160,Induction-Furnace-A,85.07,4.22,425.27,103.7,64.93,0,NONE
2026-05-21 05:02:58.283160,Cooling-Tower-D,64.14,5.82,420.75,127.37,78.9,0,NONE
2026-05-21 05:04:58.283160,Induction-Furnace-A,86.6,4.55,415.85,127.56,78.1,0,NONE
2026-05-21 05:06:58.283160,Stamping-Press-C,107.13,4.6,416.0,115.27,70.6,0,NONE
2026-05-21 05:08:58.283160,Induction-Furnace-A,81.4,6.34,422.22,130.72,81.26,0,NONE
2026-05-21 05:10:58.283160,Cooling-Tower-D,77.72,3.38,417.9,92.13,56.68,0,NONE
2026-05-21 05:12:58.283160,Induction-Furnace-A,88.73,5.14,422.79,109.4,68.09,0,NONE
2026-05-21 05:14:58.283160,Heavy-Extruder-B,88.12,5.83,404.03,117.45,69.86,0,NONE
2026-05-21 05:16:58.283160,Stamping-Press-C,96.93,4.24,417.31,102.42,62.92,0,NONE
2026-05-21 05:18:58.283160,Stamping-Press-C,72.42,5.19,412.42,93.77,56.93,0,NONE
2026-05-21 05:20:58.283160,Stamping-Press-C,92.31,3.71,423.78,115.38,71.99,0,NONE
2026-05-21 05:22:58.283160,Cooling-Tower-D,90.9,3.95,422.73,130.41,81.16,0,NONE
2026-05-21 05:24:58.283160,Stamping-Press-C,83.58,4.81,415.16,139.23,85.1,0,NONE
2026-05-21 05:26:58.283160,Heavy-Extruder-B,88.39,5.14,422.68,111.79,69.56,0,NONE
2026-05-21 05:28:58.283160,Cooling-Tower-D,95.29,5.4,423.92,131.0,81.75,0,NONE
2026-05-21 05:30:58.283160,Heavy-Extruder-B,93.72,5.76,415.37,129.55,79.22,0,NONE
2026-05-21 05:32:58.283160,Induction-Furnace-A,73.57,4.45,427.36,138.28,87.0,0,NONE
2026-05-21 05:34:58.283160,Induction-Furnace-A,93.2,5.45,414.84,114.75,70.08,0,NONE
2026-05-21 05:36:58.283160,Induction-Furnace-A,84.35,4.23,413.93,93.02,56.69,0,NONE
2026-05-21 05:38:58.283160,Induction-Furnace-A,85.73,5.22,419.33,121.05,74.73,0,NONE
2026-05-21 05:40:58.283160,Heavy-Extruder-B,85.73,4.67,413.23,104.79,63.75,0,NONE
2026-05-21 05:42:58.283160,Cooling-Tower-D,83.5,4.86,415.43,109.15,66.75,0,NONE
2026-05-21 05:44:58.283160,Cooling-Tower-D,96.92,4.84,422.05,115.48,71.75,0,NONE
2026-05-21 05:46:58.283160,Stamping-Press-C,84.16,3.22,415.1,114.92,70.23,0,NONE
2026-05-21 05:48:58.283160,Heavy-Extruder-B,73.8,3.6,406.52,122.12,73.09,0,NONE
2026-05-21 05:50:58.283160,Induction-Furnace-A,81.06,4.58,416.84,130.55,80.11,0,NONE
2026-05-21 05:52:58.283160,Heavy-Extruder-B,86.79,3.15,411.52,114.48,69.36,0,NONE
2026-05-21 05:54:58.283160,Stamping-Press-C,97.29,5.16,419.33,125.94,77.74,0,NONE
2026-05-21 05:56:58.283160,Stamping-Press-C,91.03,5.2,418.48,120.22,74.07,0,NONE
2026-05-21 05:58:58.283160,Heavy-Extruder-B,76.49,4.76,422.36,134.03,83.34,0,NONE
2026-05-21 06:00:58.283160,Heavy-Extruder-B,109.85,3.6,419.54,117.17,72.37,0,NONE
2026-05-21 06:02:58.283160,Heavy-Extruder-B,87.65,5.6,420.45,118.82,73.55,0,NONE
2026-05-21 06:04:58.283160,Cooling-Tower-D,97.75,6.13,411.65,114.38,69.32,0,NONE
2026-05-21 06:06:58.283160,Induction-Furnace-A,83.48,4.62,419.02,117.57,72.52,0,NONE
2026-05-21 06:08:58.283160,Heavy-Extruder-B,90.33,4.91,424.84,108.25,67.7,0,NONE
2026-05-21 06:10:58.283160,Heavy-Extruder-B,93.39,4.66,411.56,106.76,64.69,0,NONE
2026-05-21 06:12:58.283160,Heavy-Extruder-B,97.18,4.92,424.0,131.64,82.17,0,NONE
2026-05-21 06:14:58.283160,Stamping-Press-C,95.57,4.4,412.25,103.75,62.97,0,NONE
2026-05-21 06:16:58.283160,Stamping-Press-C,93.72,4.47,410.74,115.21,69.67,0,NONE
2026-05-21 06:18:58.283160,Cooling-Tower-D,81.85,5.22,416.48,135.23,82.92,0,NONE
2026-05-21 06:20:58.283160,Induction-Furnace-A,79.28,6.38,418.58,114.71,70.69,0,NONE
2026-05-21 06:22:58.283160,Cooling-Tower-D,88.33,3.38,419.56,132.43,81.8,0,NONE
2026-05-21 06:24:58.283160,Induction-Furnace-A,94.33,4.42,410.19,111.13,67.11,0,NONE
2026-05-21 06:26:58.283160,Stamping-Press-C,82.77,3.56,417.17,104.23,64.02,0,NONE
2026-05-21 06:28:58.283160,Stamping-Press-C,95.65,5.77,411.57,96.08,58.22,0,NONE
2026-05-21 06:30:58.283160,Stamping-Press-C,99.53,4.03,407.56,139.69,83.81,0,NONE
2026-05-21 06:32:58.283160,Cooling-Tower-D,75.84,3.35,410.36,102.95,62.19,0,NONE
2026-05-21 06:34:58.283160,Heavy-Extruder-B,76.63,5.01,411.25,131.21,79.44,0,NONE
2026-05-21 06:36:58.283160,Heavy-Extruder-B,83.6,5.9,417.61,105.0,64.55,0,NONE
2026-05-21 06:38:58.283160,Stamping-Press-C,88.08,5.03,420.76,139.76,86.57,0,NONE
2026-05-21 06:40:58.283160,Heavy-Extruder-B,79.75,4.66,407.63,153.1,91.88,0,NONE
2026-05-21 06:42:58.283160,Heavy-Extruder-B,98.52,4.83,416.76,94.7,58.1,0,NONE
2026-05-21 06:44:58.283160,Cooling-Tower-D,89.24,5.63,409.12,103.73,62.48,0,NONE
2026-05-21 06:46:58.283160,Induction-Furnace-A,85.39,3.8,418.15,131.6,81.01,0,NONE
2026-05-21 06:48:58.283160,Stamping-Press-C,70.64,4.41,411.89,127.7,77.43,0,NONE
2026-05-21 06:50:58.283160,Stamping-Press-C,71.84,4.14,409.74,131.65,79.42,0,NONE
2026-05-21 06:52:58.283160,Cooling-Tower-D,87.81,3.57,419.0,111.39,68.71,0,NONE
2026-05-21 06:54:58.283160,Cooling-Tower-D,63.67,4.24,412.07,149.81,90.88,0,NONE
2026-05-21 06:56:58.283160,Heavy-Extruder-B,95.13,5.39,413.42,121.77,74.11,0,NONE
2026-05-21 06:58:58.283160,Stamping-Press-C,83.42,4.95,403.9,101.75,60.5,0,NONE
2026-05-21 07:00:58.283160,Induction-Furnace-A,117.43,5.02,419.73,116.2,71.81,1,ERR-TEMP-HIGH
2026-05-21 07:02:58.283160,Cooling-Tower-D,108.08,4.62,419.1,101.95,62.9,0,NONE
2026-05-21 07:04:58.283160,Induction-Furnace-A,83.19,4.92,415.03,143.86,87.9,0,NONE
2026-05-21 07:06:58.283160,Induction-Furnace-A,83.94,3.86,407.36,110.1,66.03,0,NONE
2026-05-21 07:08:58.283160,Stamping-Press-C,94.96,4.25,421.05,127.39,78.96,0,NONE
2026-05-21 07:10:58.283160,Stamping-Press-C,102.03,4.65,411.67,112.94,68.45,0,NONE
2026-05-21 07:12:58.283160,Cooling-Tower-D,68.62,11.22,412.73,110.77,67.31,1,ERR-VIB-WARN
2026-05-21 07:14:58.283160,Stamping-Press-C,67.14,4.76,426.56,91.35,57.36,0,NONE
2026-05-21 07:16:58.283160,Stamping-Press-C,78.78,4.39,411.48,128.97,78.13,0,NONE
2026-05-21 07:18:58.283160,Stamping-Press-C,90.83,4.2,418.71,139.49,85.98,0,NONE
2026-05-21 07:20:58.283160,Induction-Furnace-A,89.97,7.03,417.81,106.26,65.36,0,NONE
2026-05-21 07:22:58.283160,Cooling-Tower-D,95.7,5.23,416.95,96.82,59.43,0,NONE
2026-05-21 07:24:58.283160,Heavy-Extruder-B,73.0,4.83,416.41,132.05,80.95,0,NONE
2026-05-21 07:26:58.283160,Induction-Furnace-A,61.84,4.31,416.88,95.31,58.49,0,NONE
2026-05-21 07:28:58.283160,Stamping-Press-C,93.58,4.14,416.36,138.29,84.77,0,NONE
2026-05-21 07:30:58.283160,Induction-Furnace-A,76.72,4.4,414.74,106.43,64.99,0,NONE
2026-05-21 07:32:58.283160,Stamping-Press-C,64.82,4.73,422.56,103.45,64.36,0,NONE
2026-05-21 07:34:58.283160,Stamping-Press-C,86.45,3.0,408.44,123.73,74.4,0,NONE
2026-05-21 07:36:58.283160,Induction-Furnace-A,92.93,3.24,420.11,104.43,64.59,0,NONE
2026-05-21 07:38:58.283160,Cooling-Tower-D,83.78,3.99,419.11,109.39,67.5,0,NONE
2026-05-21 07:40:58.283160,Stamping-Press-C,80.42,4.67,418.49,125.31,77.2,0,NONE
2026-05-21 07:42:58.283160,Cooling-Tower-D,83.41,4.31,420.58,83.56,51.74,0,NONE
2026-05-21 07:44:58.283160,Heavy-Extruder-B,81.29,5.68,414.54,144.64,88.27,0,NONE
2026-05-21 07:46:58.283160,Stamping-Press-C,71.52,3.31,405.66,120.65,72.06,0,NONE
2026-05-21 07:48:58.283160,Cooling-Tower-D,77.85,3.9,414.64,100.61,61.41,0,NONE
2026-05-21 07:50:58.283160,Cooling-Tower-D,90.21,5.72,410.04,104.74,63.23,0,NONE
2026-05-21 07:52:58.283160,Heavy-Extruder-B,88.22,4.6,411.34,134.87,81.68,0,NONE
2026-05-21 07:54:58.283160,Cooling-Tower-D,86.68,5.21,408.79,129.02,77.64,0,NONE
2026-05-21 07:56:58.283160,Cooling-Tower-D,75.05,6.14,412.61,140.8,85.53,0,NONE
2026-05-21 07:58:58.283160,Heavy-Extruder-B,83.18,3.94,412.02,109.76,66.58,0,NONE
2026-05-21 08:00:58.283160,Stamping-Press-C,63.23,4.42,403.11,124.45,73.86,0,NONE
2026-05-21 08:02:58.283160,Cooling-Tower-D,86.78,4.28,418.5,126.4,77.88,0,NONE
2026-05-21 08:04:58.283160,Cooling-Tower-D,99.29,2.94,426.1,130.43,81.82,0,NONE
2026-05-21 08:06:58.283160,Cooling-Tower-D,70.26,4.25,418.03,136.91,84.26,0,NONE
2026-05-21 08:08:58.283160,Induction-Furnace-A,79.14,5.2,413.99,109.24,66.58,0,NONE
2026-05-21 08:10:58.283160,Heavy-Extruder-B,88.29,4.93,414.73,118.29,72.22,0,NONE
2026-05-21 08:12:58.283160,Induction-Furnace-A,97.53,5.0,412.9,110.85,67.38,0,NONE
2026-05-21 08:14:58.283160,Heavy-Extruder-B,80.52,4.2,415.45,119.21,72.91,0,NONE
2026-05-21 08:16:58.283160,Stamping-Press-C,78.08,3.98,414.81,130.48,79.68,0,NONE
2026-05-21 08:18:58.283160,Stamping-Press-C,65.31,5.52,410.79,95.19,57.57,0,NONE
2026-05-21 08:20:58.283160,Cooling-Tower-D,86.03,4.1,423.41,136.64,85.18,0,NONE
2026-05-21 08:22:58.283160,Heavy-Extruder-B,105.42,4.74,407.56,102.91,61.75,0,NONE
2026-05-21 08:24:58.283160,Stamping-Press-C,87.77,4.63,418.59,115.39,71.11,0,NONE
2026-05-21 08:26:58.283160,Heavy-Extruder-B,84.78,5.67,414.49,138.66,84.61,0,NONE
2026-05-21 08:28:58.283160,Stamping-Press-C,88.22,5.28,424.5,124.92,78.07,0,NONE
2026-05-21 08:30:58.283160,Induction-Furnace-A,84.89,3.46,416.7,125.09,76.74,0,NONE
2026-05-21 08:32:58.283160,Stamping-Press-C,116.87,3.55,413.2,182.29,110.89,1,ERR-TEMP-HIGH
2026-05-21 08:34:58.283160,Induction-Furnace-A,93.23,4.96,413.76,104.34,63.56,0,NONE
2026-05-21 08:36:58.283160,Stamping-Press-C,87.26,4.45,415.2,134.12,81.98,0,NONE
2026-05-21 08:38:58.283160,Cooling-Tower-D,85.18,4.14,409.29,111.16,66.98,0,NONE
2026-05-21 08:40:58.283160,Induction-Furnace-A,75.25,5.31,411.17,112.58,68.14,0,NONE
2026-05-21 08:42:58.283160,Stamping-Press-C,98.04,4.65,406.08,134.46,80.38,0,NONE
2026-05-21 08:44:58.283160,Cooling-Tower-D,91.65,4.54,410.39,104.25,62.99,0,NONE
2026-05-21 08:46:58.283160,Induction-Furnace-A,79.47,5.12,415.47,124.04,75.87,0,NONE
2026-05-21 08:48:58.283160,Cooling-Tower-D,95.02,4.2,416.5,120.64,73.98,0,NONE
2026-05-21 08:50:58.283160,Heavy-Extruder-B,80.02,5.75,405.1,119.96,71.54,0,NONE
2026-05-21 08:52:58.283160,Heavy-Extruder-B,77.18,3.87,414.31,112.22,68.45,0,NONE
2026-05-21 08:54:58.283160,Induction-Furnace-A,77.4,5.03,417.82,111.3,68.46,0,NONE
2026-05-21 08:56:58.283160,Stamping-Press-C,67.29,5.65,414.19,103.82,63.31,0,NONE
2026-05-21 08:58:58.283160,Induction-Furnace-A,89.72,3.4,411.83,127.24,77.15,0,NONE
2026-05-21 09:00:58.283160,Cooling-Tower-D,66.69,4.23,412.94,109.98,66.86,0,NONE
2026-05-21 09:02:58.283160,Stamping-Press-C,72.72,5.41,412.3,134.53,81.66,0,NONE
2026-05-21 09:04:58.283160,Heavy-Extruder-B,64.24,5.43,411.82,116.63,70.71,0,NONE
2026-05-21 09:06:58.283160,Stamping-Press-C,84.14,4.36,415.87,104.12,63.75,0,NONE
2026-05-21 09:08:58.283160,Heavy-Extruder-B,83.5,3.91,426.54,116.43,73.11,0,NONE
2026-05-21 09:10:58.283160,Stamping-Press-C,81.73,5.26,411.28,113.84,68.93,0,NONE
2026-05-21 09:12:58.283160,Stamping-Press-C,74.57,5.45,413.41,135.14,82.25,0,NONE
2026-05-21 09:14:58.283160,Stamping-Press-C,73.28,3.57,414.74,114.46,69.89,0,NONE
2026-05-21 09:16:58.283160,Cooling-Tower-D,89.64,3.54,411.56,115.86,70.2,0,NONE
2026-05-21 09:18:58.283160,Cooling-Tower-D,79.49,4.68,420.49,141.17,87.39,0,NONE
2026-05-21 09:20:58.283160,Induction-Furnace-A,88.16,5.0,403.15,127.62,75.75,0,NONE
2026-05-21 09:22:58.283160,Induction-Furnace-A,76.15,4.26,412.34,144.94,87.99,0,NONE
2026-05-21 09:24:58.283160,Heavy-Extruder-B,86.81,5.04,419.09,138.89,85.69,0,NONE
2026-05-21 09:26:58.283160,Cooling-Tower-D,98.03,3.93,413.53,106.69,64.95,0,NONE
2026-05-21 09:28:58.283160,Heavy-Extruder-B,90.86,2.81,410.9,134.85,81.57,0,NONE
2026-05-21 09:30:58.283160,Induction-Furnace-A,80.88,4.16,417.2,142.88,87.76,0,NONE
2026-05-21 09:32:58.283160,Heavy-Extruder-B,87.57,4.55,419.53,142.99,88.32,0,NONE
2026-05-21 09:34:58.283160,Induction-Furnace-A,82.59,4.28,416.05,134.82,82.58,0,NONE
2026-05-21 09:36:58.283160,Cooling-Tower-D,85.08,3.57,410.99,134.51,81.39,0,NONE
2026-05-21 09:38:58.283160,Stamping-Press-C,81.74,3.05,417.28,115.46,70.93,0,NONE
2026-05-21 09:40:58.283160,Cooling-Tower-D,83.36,4.09,412.99,107.44,65.32,0,NONE
2026-05-21 09:42:58.283160,Heavy-Extruder-B,87.12,5.22,418.73,114.72,70.72,0,NONE
2026-05-21 09:44:58.283160,Heavy-Extruder-B,75.07,5.5,422.42,95.03,59.1,0,NONE
2026-05-21 09:46:58.283160,Cooling-Tower-D,74.84,5.45,401.97,140.14,82.93,0,NONE
2026-05-21 09:48:58.283160,Cooling-Tower-D,71.11,3.85,415.56,115.75,70.81,0,NONE
2026-05-21 09:50:58.283160,Induction-Furnace-A,69.0,3.58,406.32,139.37,83.37,0,NONE
2026-05-21 09:52:58.283160,Heavy-Extruder-B,72.83,4.9,427.21,101.53,63.85,0,NONE
2026-05-21 09:54:58.283160,Heavy-Extruder-B,86.59,5.01,412.66,136.24,82.77,0,NONE
2026-05-21 09:56:58.283160,Cooling-Tower-D,76.07,4.82,418.73,112.58,69.4,0,NONE
2026-05-21 09:58:58.283160,Stamping-Press-C,90.14,2.89,414.82,100.73,61.52,0,NONE
2026-05-21 10:00:58.283160,Heavy-Extruder-B,85.35,3.81,410.98,144.41,87.37,0,NONE
2026-05-21 10:02:58.283160,Stamping-Press-C,65.31,4.48,410.39,136.61,82.54,0,NONE
2026-05-21 10:04:58.283160,Cooling-Tower-D,91.55,4.89,422.93,123.18,76.69,0,NONE
2026-05-21 10:06:58.283160,Cooling-Tower-D,93.11,5.11,419.78,120.51,74.47,0,NONE
2026-05-21 10:08:58.283160,Induction-Furnace-A,75.06,4.62,424.72,126.59,79.15,0,NONE
2026-05-21 10:10:58.283160,Heavy-Extruder-B,89.2,4.76,415.28,122.92,75.15,0,NONE
2026-05-21 10:12:58.283160,Stamping-Press-C,76.44,4.57,416.44,108.12,66.28,0,NONE
2026-05-21 10:14:58.283160,Induction-Furnace-A,85.98,5.05,413.66,113.82,69.32,0,NONE
2026-05-21 10:16:58.283160,Heavy-Extruder-B,72.36,4.75,413.56,149.41,90.97,0,NONE
2026-05-21 10:18:58.283160,Induction-Furnace-A,67.07,4.55,409.79,160.08,96.58,0,NONE
2026-05-21 10:20:58.283160,Cooling-Tower-D,81.17,4.29,415.42,143.44,87.73,0,NONE
2026-05-21 10:22:58.283160,Heavy-Extruder-B,83.76,4.57,411.05,127.17,76.96,0,NONE
2026-05-21 10:24:58.283160,Induction-Furnace-A,81.02,4.89,417.21,114.93,70.59,0,NONE
2026-05-21 10:26:58.283160,Induction-Furnace-A,73.16,4.71,415.85,108.03,66.14,0,NONE
2026-05-21 10:28:58.283160,Stamping-Press-C,81.0,4.8,416.44,109.02,66.84,0,NONE
2026-05-21 10:30:58.283160,Induction-Furnace-A,87.69,5.57,423.38,111.7,69.62,0,NONE
2026-05-21 10:32:58.283160,Heavy-Extruder-B,84.55,4.71,414.81,152.27,92.99,0,NONE
2026-05-21 10:34:58.283160,Heavy-Extruder-B,86.83,3.98,418.78,147.09,90.69,0,NONE
2026-05-21 10:36:58.283160,Stamping-Press-C,78.3,5.21,425.26,131.19,82.14,0,NONE
2026-05-21 10:38:58.283160,Heavy-Extruder-B,96.72,3.41,421.53,105.59,65.53,0,NONE
2026-05-21 10:40:58.283160,Cooling-Tower-D,73.24,3.63,420.77,133.4,82.63,0,NONE
2026-05-21 10:42:58.283160,Heavy-Extruder-B,89.88,4.77,413.47,116.42,70.87,0,NONE
2026-05-21 10:44:58.283160,Heavy-Extruder-B,96.82,4.91,416.15,87.7,53.73,0,NONE
2026-05-21 10:46:58.283160,Induction-Furnace-A,89.81,3.5,408.41,124.31,74.74,0,NONE
2026-05-21 10:48:58.283160,Induction-Furnace-A,82.97,4.19,417.49,107.37,65.99,0,NONE
2026-05-21 10:50:58.283160,Heavy-Extruder-B,79.72,4.02,416.37,107.88,66.13,0,NONE
2026-05-21 10:52:58.283160,Stamping-Press-C,95.36,4.11,415.12,116.24,71.04,0,NONE
2026-05-21 10:54:58.283160,Induction-Furnace-A,70.77,5.25,420.14,112.53,69.6,0,NONE
2026-05-21 10:56:58.283160,Stamping-Press-C,75.3,5.07,408.96,119.49,71.94,0,NONE
2026-05-21 10:58:58.283160,Heavy-Extruder-B,81.02,4.48,423.17,118.77,73.99,0,NONE
2026-05-21 11:00:58.283160,Heavy-Extruder-B,97.38,4.06,419.51,91.86,56.73,0,NONE
2026-05-21 11:02:58.283160,Cooling-Tower-D,88.8,3.42,414.65,142.8,87.17,0,NONE
2026-05-21 11:04:58.283160,Induction-Furnace-A,75.32,5.64,414.26,105.25,64.19,0,NONE
2026-05-21 11:06:58.283160,Heavy-Extruder-B,81.9,4.97,417.4,105.71,64.96,0,NONE
2026-05-21 11:08:58.283160,Cooling-Tower-D,78.86,3.93,422.6,115.07,71.59,0,NONE
2026-05-21 11:10:58.283160,Induction-Furnace-A,77.9,5.08,415.51,118.37,72.41,0,NONE
2026-05-21 11:12:58.283160,Heavy-Extruder-B,94.79,4.44,415.72,141.88,86.84,0,NONE
2026-05-21 11:14:58.283160,Heavy-Extruder-B,71.28,4.27,415.09,124.04,75.8,0,NONE
2026-05-21 11:16:58.283160,Induction-Furnace-A,101.09,4.85,423.91,128.5,80.19,0,NONE
2026-05-21 11:18:58.283160,Induction-Furnace-A,93.28,3.91,413.16,124.12,75.49,0,NONE
2026-05-21 11:20:58.283160,Induction-Furnace-A,95.91,4.22,414.85,123.47,75.41,0,NONE
2026-05-21 11:22:58.283160,Heavy-Extruder-B,80.37,4.6,422.32,124.65,77.5,0,NONE
2026-05-21 11:24:58.283160,Heavy-Extruder-B,83.5,4.1,415.74,91.01,55.7,0,NONE
2026-05-21 11:26:58.283160,Cooling-Tower-D,70.67,5.04,420.69,116.25,72.0,0,NONE
2026-05-21 11:28:58.283160,Stamping-Press-C,79.75,6.0,410.44,137.43,83.05,0,NONE
2026-05-21 11:30:58.283160,Induction-Furnace-A,89.94,3.9,413.97,179.13,109.17,0,NONE
2026-05-21 11:32:58.283160,Heavy-Extruder-B,97.96,3.17,422.42,101.94,63.39,0,NONE
2026-05-21 11:34:58.283160,Heavy-Extruder-B,73.93,2.9,411.62,126.35,76.56,0,NONE
2026-05-21 11:36:58.283160,Induction-Furnace-A,81.34,4.38,414.24,111.43,67.96,0,NONE
2026-05-21 11:38:58.283160,Stamping-Press-C,83.49,3.97,416.28,150.71,92.37,0,NONE
2026-05-21 11:40:58.283160,Induction-Furnace-A,71.04,4.67,410.05,99.69,60.18,0,NONE
2026-05-21 11:42:58.283160,Stamping-Press-C,90.91,4.61,412.93,129.37,78.65,0,NONE
2026-05-21 11:44:58.283160,Heavy-Extruder-B,77.76,3.22,415.56,98.89,60.5,0,NONE
2026-05-21 11:46:58.283160,Stamping-Press-C,83.05,3.05,415.23,115.22,70.44,0,NONE
2026-05-21 11:48:58.283160,Cooling-Tower-D,80.48,4.74,421.4,119.49,74.13,0,NONE
2026-05-21 11:50:58.283160,Heavy-Extruder-B,77.11,4.61,422.71,136.05,84.66,0,NONE
2026-05-21 11:52:58.283160,Cooling-Tower-D,84.93,4.16,410.72,103.84,62.79,0,NONE
2026-05-21 11:54:58.283160,Induction-Furnace-A,82.84,3.17,415.56,129.95,79.5,0,NONE
2026-05-21 11:56:58.283160,Induction-Furnace-A,81.28,4.88,418.37,120.28,74.08,0,NONE
2026-05-21 11:58:58.283160,Induction-Furnace-A,77.72,5.52,422.58,124.09,77.2,0,NONE
2026-05-21 12:00:58.283160,Stamping-Press-C,88.2,4.72,418.59,134.37,82.81,0,NONE
2026-05-21 12:02:58.283160,Heavy-Extruder-B,101.54,3.82,416.45,100.76,61.78,0,NONE
2026-05-21 12:04:58.283160,Induction-Furnace-A,86.4,4.54,418.33,132.16,81.39,0,NONE
2026-05-21 12:06:58.283160,Induction-Furnace-A,94.96,3.41,418.37,111.47,68.65,0,NONE
2026-05-21 12:08:58.283160,Heavy-Extruder-B,71.1,5.35,410.36,136.44,82.43,0,NONE
2026-05-21 12:10:58.283160,Induction-Furnace-A,86.58,4.57,415.96,125.02,76.56,0,NONE
2026-05-21 12:12:58.283160,Cooling-Tower-D,74.03,3.09,422.3,116.86,72.65,0,NONE
2026-05-21 12:14:58.283160,Heavy-Extruder-B,70.23,4.26,413.96,111.15,67.74,0,NONE
2026-05-21 12:16:58.283160,Heavy-Extruder-B,77.61,4.87,415.65,132.35,80.99,0,NONE
2026-05-21 12:18:58.283160,Heavy-Extruder-B,96.92,4.23,413.79,138.91,84.62,0,NONE
2026-05-21 12:20:58.283160,Cooling-Tower-D,94.5,4.28,403.43,112.01,66.52,0,NONE
2026-05-21 12:22:58.283160,Heavy-Extruder-B,87.43,3.52,415.1,103.0,62.95,0,NONE
2026-05-21 12:24:58.283160,Cooling-Tower-D,69.67,4.95,416.51,130.41,79.97,0,NONE
2026-05-21 12:26:58.283160,Heavy-Extruder-B,83.04,3.98,412.44,98.27,59.67,0,NONE
2026-05-21 12:28:58.283160,Stamping-Press-C,88.02,2.77,409.23,100.42,60.5,0,NONE
2026-05-21 12:30:58.283160,Induction-Furnace-A,86.76,4.2,410.6,104.06,62.9,0,NONE
2026-05-21 12:32:58.283160,Stamping-Press-C,66.56,5.28,418.82,113.77,70.15,0,NONE
2026-05-21 12:34:58.283160,Induction-Furnace-A,76.1,4.19,424.86,99.96,62.52,0,NONE
2026-05-21 12:36:58.283160,Cooling-Tower-D,84.36,5.89,421.91,90.92,56.47,0,NONE
2026-05-21 12:38:58.283160,Stamping-Press-C,90.36,4.84,408.28,102.97,61.89,0,NONE
2026-05-21 12:40:58.283160,Heavy-Extruder-B,63.04,4.77,419.27,129.64,80.02,0,NONE
2026-05-21 12:42:58.283160,Induction-Furnace-A,83.38,4.4,411.68,100.93,61.17,0,NONE
2026-05-21 12:44:58.283160,Induction-Furnace-A,86.43,4.45,412.09,114.9,69.7,0,NONE
2026-05-21 12:46:58.283160,Stamping-Press-C,93.5,4.29,412.69,149.2,90.65,0,NONE
2026-05-21 12:48:58.283160,Cooling-Tower-D,91.93,4.26,418.53,119.26,73.48,0,NONE
2026-05-21 12:50:58.283160,Stamping-Press-C,90.83,4.92,419.8,125.14,77.34,0,NONE
2026-05-21 12:52:58.283160,Cooling-Tower-D,77.0,3.75,414.51,105.81,64.57,0,NONE
2026-05-21 12:54:58.283160,Cooling-Tower-D,65.92,3.64,414.59,152.45,93.05,0,NONE
2026-05-21 12:56:58.283160,Induction-Furnace-A,81.07,3.6,417.32,111.88,68.74,0,NONE
2026-05-21 12:58:58.283160,Stamping-Press-C,95.02,6.14,417.84,116.58,71.71,0,NONE
2026-05-21 13:00:58.283160,Stamping-Press-C,98.93,4.92,420.88,139.76,86.6,0,NONE
2026-05-21 13:02:58.283160,Cooling-Tower-D,92.11,4.74,408.58,117.27,70.54,0,NONE
2026-05-21 13:04:58.283160,Stamping-Press-C,89.29,3.65,415.1,120.72,73.77,0,NONE
2026-05-21 13:06:58.283160,Heavy-Extruder-B,88.8,5.0,409.66,115.77,69.82,0,NONE
2026-05-21 13:08:58.283160,Heavy-Extruder-B,79.44,4.41,414.75,115.88,70.75,0,NONE
2026-05-21 13:10:58.283160,Stamping-Press-C,83.7,4.67,413.87,125.56,76.5,0,NONE
2026-05-21 13:12:58.283160,Stamping-Press-C,101.69,3.72,414.77,128.29,78.34,0,NONE
2026-05-21 13:14:58.283160,Cooling-Tower-D,75.57,4.63,411.0,110.35,66.77,0,NONE
2026-05-21 13:16:58.283160,Heavy-Extruder-B,101.15,4.16,407.56,108.51,65.11,0,NONE
2026-05-21 13:18:58.283160,Heavy-Extruder-B,81.78,3.89,404.53,110.86,66.02,0,NONE
2026-05-21 13:20:58.283160,Induction-Furnace-A,98.25,5.09,414.34,98.98,60.38,0,NONE
2026-05-21 13:22:58.283160,Cooling-Tower-D,70.93,3.27,412.84,96.14,58.44,0,NONE
2026-05-21 13:24:58.283160,Induction-Furnace-A,90.86,4.95,411.62,124.46,75.42,0,NONE
2026-05-21 13:26:58.283160,Heavy-Extruder-B,77.63,5.05,421.61,134.08,83.22,0,NONE
2026-05-21 13:28:58.283160,Cooling-Tower-D,70.85,3.8,410.7,133.07,80.46,0,NONE
2026-05-21 13:30:58.283160,Stamping-Press-C,87.19,3.84,422.08,84.27,52.36,0,NONE
2026-05-21 13:32:58.283160,Cooling-Tower-D,135.09,4.32,423.12,196.32,122.29,1,ERR-TEMP-HIGH
2026-05-21 13:34:58.283160,Stamping-Press-C,76.55,4.73,405.25,103.47,61.73,0,NONE
2026-05-21 13:36:58.283160,Stamping-Press-C,70.01,4.38,415.46,122.16,74.72,0,NONE
2026-05-21 13:38:58.283160,Cooling-Tower-D,84.08,4.85,413.0,113.73,69.15,0,NONE
2026-05-21 13:40:58.283160,Stamping-Press-C,84.13,5.91,400.44,128.88,75.98,0,NONE
2026-05-21 13:42:58.283160,Induction-Furnace-A,90.48,4.09,407.78,119.71,71.87,0,NONE
2026-05-21 13:44:58.283160,Heavy-Extruder-B,94.5,3.13,418.87,91.56,56.46,0,NONE
2026-05-21 13:46:58.283160,Stamping-Press-C,84.41,5.16,425.1,105.49,66.02,0,NONE
2026-05-21 13:48:58.283160,Induction-Furnace-A,103.56,5.85,419.51,120.09,74.17,0,NONE
2026-05-21 13:50:58.283160,Stamping-Press-C,87.24,4.81,416.62,121.35,74.43,0,NONE
2026-05-21 13:52:58.283160,Heavy-Extruder-B,81.54,3.63,414.89,98.91,60.42,0,NONE
2026-05-21 13:54:58.283160,Induction-Furnace-A,68.88,4.4,423.41,96.95,60.44,0,NONE
2026-05-21 13:56:58.283160,Heavy-Extruder-B,82.37,3.61,425.74,120.84,75.74,0,NONE
2026-05-21 13:58:58.283160,Heavy-Extruder-B,81.64,5.01,412.07,98.94,60.02,0,NONE
2026-05-21 14:00:58.283160,Induction-Furnace-A,94.6,3.42,405.0,94.97,56.63,0,NONE
2026-05-21 14:02:58.283160,Induction-Furnace-A,89.62,4.26,404.51,113.32,67.49,0,NONE
2026-05-21 14:04:58.283160,Induction-Furnace-A,73.21,3.7,421.61,112.67,69.94,0,NONE
2026-05-21 14:06:58.283160,Cooling-Tower-D,86.72,4.6,414.76,106.82,65.23,0,NONE
2026-05-21 14:08:58.283160,Induction-Furnace-A,91.72,4.21,415.92,109.44,67.01,0,NONE
2026-05-21 14:10:58.283160,Induction-Furnace-A,100.28,4.64,406.05,120.21,71.86,0,NONE
2026-05-21 14:12:58.283160,Induction-Furnace-A,93.88,4.52,411.23,109.2,66.11,0,NONE
2026-05-21 14:14:58.283160,Induction-Furnace-A,92.61,3.71,413.52,121.06,73.7,0,NONE
2026-05-21 14:16:58.283160,Stamping-Press-C,85.6,5.0,416.04,114.29,70.0,0,NONE
2026-05-21 14:18:58.283160,Cooling-Tower-D,88.88,4.46,413.01,122.51,74.49,0,NONE
2026-05-21 14:20:58.283160,Heavy-Extruder-B,97.5,3.71,409.81,133.17,80.35,0,NONE
2026-05-21 14:22:58.283160,Induction-Furnace-A,71.67,6.29,411.08,132.59,80.24,0,NONE
2026-05-21 14:24:58.283160,Stamping-Press-C,81.51,4.88,421.04,139.32,86.36,0,NONE
2026-05-21 14:26:58.283160,Stamping-Press-C,77.27,4.38,416.22,132.57,81.24,0,NONE
2026-05-21 14:28:58.283160,Stamping-Press-C,88.79,5.63,418.06,123.58,76.06,0,NONE
2026-05-21 14:30:58.283160,Heavy-Extruder-B,97.3,5.97,410.51,113.5,68.59,0,NONE
2026-05-21 14:32:58.283160,Induction-Furnace-A,79.03,10.88,400.23,114.18,67.28,1,ERR-VIB-WARN
2026-05-21 14:34:58.283160,Cooling-Tower-D,61.1,4.78,412.38,106.83,64.86,0,NONE
2026-05-21 14:36:58.283160,Cooling-Tower-D,80.88,3.71,410.67,120.07,72.59,0,NONE
2026-05-21 14:38:58.283160,Stamping-Press-C,94.13,4.38,416.75,130.46,80.04,0,NONE
2026-05-21 14:40:58.283160,Heavy-Extruder-B,90.38,4.34,431.43,109.11,69.3,0,NONE
2026-05-21 14:42:58.283160,Heavy-Extruder-B,89.28,4.65,418.48,119.44,73.59,0,NONE
2026-05-21 14:44:58.283160,Heavy-Extruder-B,82.2,4.77,428.68,109.84,69.32,0,NONE
2026-05-21 14:46:58.283160,Cooling-Tower-D,72.21,4.95,417.84,123.14,75.75,0,NONE
2026-05-21 14:48:58.283160,Stamping-Press-C,90.15,4.69,411.85,111.76,67.76,0,NONE
2026-05-21 14:50:58.283160,Induction-Furnace-A,76.66,3.53,416.74,108.91,66.82,0,NONE
2026-05-21 14:52:58.283160,Cooling-Tower-D,106.84,3.75,423.9,109.8,68.52,0,NONE
2026-05-21 14:54:58.283160,Stamping-Press-C,90.71,4.06,424.15,127.55,79.65,0,NONE
2026-05-21 14:56:58.283160,Stamping-Press-C,79.19,4.27,412.12,118.55,71.93,0,NONE
2026-05-21 14:58:58.283160,Induction-Furnace-A,78.89,5.34,416.27,113.57,69.6,0,NONE
2026-05-21 15:00:58.283160,Induction-Furnace-A,84.07,3.57,407.85,123.92,74.41,0,NONE
2026-05-21 15:02:58.283160,Induction-Furnace-A,82.6,4.21,419.12,113.78,70.21,0,NONE
2026-05-21 15:04:58.283160,Heavy-Extruder-B,96.17,5.26,422.77,136.9,85.2,0,NONE
2026-05-21 15:06:58.283160,Induction-Furnace-A,86.86,4.26,415.2,105.39,64.42,0,NONE
2026-05-21 15:08:58.283160,Stamping-Press-C,77.68,4.87,411.66,117.2,71.03,0,NONE
2026-05-21 15:10:58.283160,Induction-Furnace-A,103.9,4.39,416.8,98.93,60.7,0,NONE
2026-05-21 15:12:58.283160,Stamping-Press-C,85.49,4.71,417.09,114.8,70.49,0,NONE
2026-05-21 15:14:58.283160,Cooling-Tower-D,92.69,4.32,415.41,94.81,57.98,0,NONE
2026-05-21 15:16:58.283160,Heavy-Extruder-B,78.92,5.03,415.89,131.19,80.33,0,NONE
2026-05-21 15:18:58.283160,Cooling-Tower-D,88.63,3.26,414.13,131.5,80.17,0,NONE
2026-05-21 15:20:58.283160,Cooling-Tower-D,88.11,4.21,419.98,131.76,81.47,0,NONE
2026-05-21 15:22:58.283160,Stamping-Press-C,66.1,4.74,418.68,120.43,74.23,0,NONE
2026-05-21 15:24:58.283160,Cooling-Tower-D,105.15,4.93,410.08,106.8,64.48,0,NONE
2026-05-21 15:26:58.283160,Stamping-Press-C,97.91,5.69,409.95,107.99,65.18,0,NONE
2026-05-21 15:28:58.283160,Induction-Furnace-A,81.03,4.19,413.73,142.95,87.07,0,NONE
2026-05-21 15:30:58.283160,Induction-Furnace-A,73.98,5.68,418.68,141.54,87.24,0,NONE
2026-05-21 15:32:58.283160,Stamping-Press-C,88.48,3.97,415.74,121.84,74.57,0,NONE
2026-05-21 15:34:58.283160,Induction-Furnace-A,85.87,5.56,411.78,112.27,68.06,0,NONE
2026-05-21 15:36:58.283160,Heavy-Extruder-B,88.56,5.15,416.31,140.53,86.13,0,NONE
2026-05-21 15:38:58.283160,Cooling-Tower-D,86.92,3.77,413.35,109.58,66.68,0,NONE
2026-05-21 15:40:58.283160,Heavy-Extruder-B,90.06,4.75,419.4,123.43,76.21,0,NONE
2026-05-21 15:42:58.283160,Cooling-Tower-D,99.47,4.46,416.67,140.28,86.05,0,NONE
2026-05-21 15:44:58.283160,Induction-Furnace-A,90.68,5.0,413.42,107.45,65.4,0,NONE
2026-05-21 15:46:58.283160,Heavy-Extruder-B,74.5,4.32,416.16,132.44,81.14,0,NONE
2026-05-21 15:48:58.283160,Induction-Furnace-A,98.63,4.25,421.58,127.81,79.32,0,NONE
2026-05-21 15:50:58.283160,Cooling-Tower-D,101.41,5.6,412.15,119.41,72.45,0,NONE
2026-05-21 15:52:58.283160,Stamping-Press-C,116.52,4.42,417.01,105.1,64.52,1,ERR-TEMP-HIGH
2026-05-21 15:54:58.283160,Stamping-Press-C,73.77,5.16,414.65,109.13,66.62,0,NONE
2026-05-21 15:56:58.283160,Heavy-Extruder-B,87.43,4.32,417.13,124.34,76.36,0,NONE
2026-05-21 15:58:58.283160,Induction-Furnace-A,64.18,5.83,411.73,98.65,59.8,0,NONE
2026-05-21 16:00:58.283160,Induction-Furnace-A,90.53,3.96,415.55,121.96,74.61,0,NONE
2026-05-21 16:02:58.283160,Heavy-Extruder-B,79.52,4.01,420.54,128.12,79.32,0,NONE
2026-05-21 16:04:58.283160,Stamping-Press-C,104.23,5.72,410.31,134.78,81.41,0,NONE
2026-05-21 16:06:58.283160,Cooling-Tower-D,77.25,4.14,408.35,99.02,59.53,0,NONE
2026-05-21 16:08:58.283160,Heavy-Extruder-B,68.11,5.78,408.54,139.74,84.05,0,NONE
2026-05-21 16:10:58.283160,Cooling-Tower-D,80.29,5.21,409.15,145.43,87.6,0,NONE
2026-05-21 16:12:58.283160,Stamping-Press-C,65.25,4.38,417.98,126.15,77.63,0,NONE
2026-05-21 16:14:58.283160,Induction-Furnace-A,92.51,3.05,407.97,104.43,62.72,0,NONE
2026-05-21 16:16:58.283160,Stamping-Press-C,64.35,4.48,413.51,115.08,70.06,0,NONE
2026-05-21 16:18:58.283160,Heavy-Extruder-B,85.28,4.58,418.09,119.29,73.42,0,NONE
2026-05-21 16:20:58.283160,Induction-Furnace-A,64.22,5.43,417.08,124.06,76.17,0,NONE
2026-05-21 16:22:58.283160,Heavy-Extruder-B,81.8,5.77,413.07,120.33,73.18,0,NONE
2026-05-21 16:24:58.283160,Heavy-Extruder-B,101.43,3.95,415.95,124.22,76.07,0,NONE
2026-05-21 16:26:58.283160,Stamping-Press-C,88.61,5.14,415.54,118.64,72.58,0,NONE
2026-05-21 16:28:58.283160,Heavy-Extruder-B,76.37,5.11,413.88,123.98,75.54,0,NONE
2026-05-21 16:30:58.283160,Stamping-Press-C,84.69,5.36,413.95,113.09,68.92,0,NONE
2026-05-21 16:32:58.283160,Induction-Furnace-A,85.18,4.9,426.18,114.93,72.11,0,NONE
2026-05-21 16:34:58.283160,Stamping-Press-C,89.73,2.95,419.05,111.36,68.7,0,NONE
2026-05-21 16:36:58.283160,Induction-Furnace-A,71.33,4.38,427.4,148.76,93.6,0,NONE
2026-05-21 16:38:58.283160,Stamping-Press-C,90.93,3.58,412.52,141.96,86.21,0,NONE
2026-05-21 16:40:58.283160,Cooling-Tower-D,57.96,4.34,414.58,128.33,78.32,0,NONE
2026-05-21 16:42:58.283160,Cooling-Tower-D,78.7,5.28,408.34,139.88,84.09,0,NONE
2026-05-21 16:44:58.283160,Heavy-Extruder-B,80.12,4.74,410.95,131.98,79.85,0,NONE
2026-05-21 16:46:58.283160,Stamping-Press-C,91.33,5.42,424.51,122.72,76.69,0,NONE
2026-05-21 16:48:58.283160,Stamping-Press-C,85.23,4.77,412.39,97.42,59.14,0,NONE
2026-05-21 16:50:58.283160,Induction-Furnace-A,70.94,3.46,424.6,116.07,72.55,0,NONE
2026-05-21 16:52:58.283160,Heavy-Extruder-B,75.15,2.48,408.78,114.97,69.19,0,NONE
2026-05-21 16:54:58.283160,Stamping-Press-C,86.99,4.62,409.73,103.0,62.13,0,NONE
2026-05-21 16:56:58.283160,Heavy-Extruder-B,84.21,4.33,413.29,97.71,59.45,0,NONE
2026-05-21 16:58:58.283160,Cooling-Tower-D,79.21,3.72,414.68,127.39,77.77,0,NONE
2026-05-21 17:00:58.283160,Stamping-Press-C,80.19,3.14,419.62,124.87,77.14,0,NONE
2026-05-21 17:02:58.283160,Stamping-Press-C,91.96,3.91,417.25,102.49,62.96,0,NONE
2026-05-21 17:04:58.283160,Heavy-Extruder-B,79.82,4.34,412.92,108.81,66.15,0,NONE
2026-05-21 17:06:58.283160,Stamping-Press-C,84.12,5.03,414.33,137.42,83.82,0,NONE
2026-05-21 17:08:58.283160,Heavy-Extruder-B,106.7,4.65,413.4,106.83,65.02,0,NONE
2026-05-21 17:10:58.283160,Stamping-Press-C,70.76,5.79,410.43,122.56,74.06,0,NONE
2026-05-21 17:12:58.283160,Induction-Furnace-A,66.48,3.67,410.56,117.15,70.81,0,NONE
2026-05-21 17:14:58.283160,Heavy-Extruder-B,92.84,5.2,420.14,127.6,78.92,0,NONE
2026-05-21 17:16:58.283160,Stamping-Press-C,78.21,4.54,405.86,107.16,64.03,0,NONE
2026-05-21 17:18:58.283160,Cooling-Tower-D,81.82,5.06,423.09,121.35,75.59,0,NONE
2026-05-21 17:20:58.283160,Stamping-Press-C,77.19,4.15,413.29,122.53,74.55,0,NONE
2026-05-21 17:22:58.283160,Cooling-Tower-D,82.4,5.36,411.14,123.45,74.72,0,NONE
2026-05-21 17:24:58.283160,Cooling-Tower-D,100.99,4.74,418.7,121.19,74.7,0,NONE
2026-05-21 17:26:58.283160,Induction-Furnace-A,93.02,3.96,422.43,125.17,77.84,0,NONE
2026-05-21 17:28:58.283160,Heavy-Extruder-B,93.62,4.49,420.59,152.88,94.66,0,NONE
2026-05-21 17:30:58.283160,Stamping-Press-C,70.84,4.31,417.51,158.42,97.37,0,NONE
2026-05-21 17:32:58.283160,Induction-Furnace-A,73.49,4.89,420.43,110.41,68.34,0,NONE
2026-05-21 17:34:58.283160,Stamping-Press-C,56.61,3.56,406.42,85.23,50.99,0,NONE
2026-05-21 17:36:58.283160,Cooling-Tower-D,76.91,4.48,412.39,128.93,78.28,0,NONE
2026-05-21 17:38:58.283160,Heavy-Extruder-B,94.57,4.82,410.44,122.79,74.2,0,NONE
2026-05-21 17:40:58.283160,Stamping-Press-C,90.17,4.53,421.12,135.92,84.26,0,NONE
2026-05-21 17:42:58.283160,Stamping-Press-C,82.78,5.58,413.08,124.27,75.58,0,NONE
2026-05-21 17:44:58.283160,Cooling-Tower-D,84.78,5.12,419.23,120.88,74.6,0,NONE
2026-05-21 17:46:58.283160,Stamping-Press-C,78.11,4.49,417.68,136.93,84.2,0,NONE
2026-05-21 17:48:58.283160,Stamping-Press-C,87.05,4.67,410.69,139.03,84.06,0,NONE
2026-05-21 17:50:58.283160,Cooling-Tower-D,92.66,4.74,412.07,99.2,60.18,0,NONE
2026-05-21 17:52:58.283160,Induction-Furnace-A,68.84,4.82,421.47,107.75,66.86,0,NONE
2026-05-21 17:54:58.283160,Cooling-Tower-D,88.0,3.04,411.12,118.42,71.67,0,NONE
2026-05-21 17:56:58.283160,Induction-Furnace-A,94.32,4.26,415.62,121.48,74.33,0,NONE
2026-05-21 17:58:58.283160,Heavy-Extruder-B,80.85,3.31,411.09,116.61,70.57,0,NONE
2026-05-21 18:00:58.283160,Induction-Furnace-A,92.01,5.52,413.43,126.51,77.0,0,NONE
2026-05-21 18:02:58.283160,Induction-Furnace-A,113.15,4.45,414.77,134.94,82.4,1,ERR-TEMP-HIGH
2026-05-21 18:04:58.283160,Heavy-Extruder-B,83.96,4.35,411.09,145.84,88.26,0,NONE
2026-05-21 18:06:58.283160,Induction-Furnace-A,88.93,5.22,410.2,128.68,77.71,0,NONE
2026-05-21 18:08:58.283160,Cooling-Tower-D,77.62,4.84,416.43,107.21,65.73,0,NONE
2026-05-21 18:10:58.283160,Induction-Furnace-A,86.81,3.6,410.78,117.79,71.23,0,NONE
2026-05-21 18:12:58.283160,Heavy-Extruder-B,89.6,4.44,410.95,118.87,71.92,0,NONE
2026-05-21 18:14:58.283160,Cooling-Tower-D,86.95,4.23,410.3,127.72,77.15,0,NONE
2026-05-21 18:16:58.283160,Heavy-Extruder-B,74.8,3.1,414.61,125.82,76.8,0,NONE
2026-05-21 18:18:58.283160,Heavy-Extruder-B,87.06,3.95,419.72,150.76,93.15,0,NONE
2026-05-21 18:20:58.283160,Stamping-Press-C,99.62,4.35,422.53,113.08,70.34,0,NONE
2026-05-21 18:22:58.283160,Stamping-Press-C,89.49,4.41,411.37,125.77,76.17,0,NONE
2026-05-21 18:24:58.283160,Heavy-Extruder-B,94.62,3.31,425.75,155.32,97.35,0,NONE
2026-05-21 18:26:58.283160,Heavy-Extruder-B,82.63,5.42,409.98,111.22,67.13,0,NONE
2026-05-21 18:28:58.283160,Heavy-Extruder-B,92.5,4.42,420.42,122.18,75.62,0,NONE
2026-05-21 18:30:58.283160,Stamping-Press-C,87.79,4.53,411.39,105.83,64.09,0,NONE
2026-05-21 18:32:58.283160,Stamping-Press-C,115.49,4.82,410.65,201.23,121.65,1,ERR-TEMP-HIGH
2026-05-21 18:34:58.283160,Induction-Furnace-A,88.19,3.87,411.28,108.3,65.57,0,NONE
2026-05-21 18:36:58.283160,Induction-Furnace-A,75.08,4.87,414.74,135.7,82.86,0,NONE
2026-05-21 18:38:58.283160,Heavy-Extruder-B,78.67,4.21,417.9,122.21,75.19,0,NONE
2026-05-21 18:40:58.283160,Cooling-Tower-D,86.89,3.78,418.35,105.97,65.27,0,NONE
2026-05-21 18:42:58.283160,Cooling-Tower-D,87.97,4.96,410.28,132.61,80.1,0,NONE
2026-05-21 18:44:58.283160,Stamping-Press-C,73.11,5.69,410.05,122.69,74.07,0,NONE
2026-05-21 18:46:58.283160,Stamping-Press-C,95.54,5.08,410.42,134.29,81.14,0,NONE
2026-05-21 18:48:58.283160,Stamping-Press-C,90.72,5.24,414.44,102.79,62.71,0,NONE
2026-05-21 18:50:58.283160,Heavy-Extruder-B,77.95,4.08,413.95,125.53,76.5,0,NONE
2026-05-21 18:52:58.283160,Cooling-Tower-D,69.62,3.22,410.25,131.6,79.48,0,NONE
2026-05-21 18:54:58.283160,Induction-Furnace-A,83.55,5.69,416.35,113.65,69.66,0,NONE
2026-05-21 18:56:58.283160,Heavy-Extruder-B,80.54,6.14,426.31,101.11,63.46,0,NONE
2026-05-21 18:58:58.283160,Induction-Furnace-A,86.13,5.73,412.48,119.38,72.49,0,NONE
2026-05-21 19:00:58.283160,Induction-Furnace-A,81.37,4.23,412.83,138.42,84.13,0,NONE
2026-05-21 19:02:58.283160,Heavy-Extruder-B,64.93,3.58,417.8,136.89,84.2,0,NONE
2026-05-21 19:04:58.283160,Induction-Furnace-A,81.12,3.65,412.21,113.57,68.92,0,NONE
2026-05-21 19:06:58.283160,Cooling-Tower-D,81.94,3.15,418.34,100.75,62.05,0,NONE
2026-05-21 19:08:58.283160,Induction-Furnace-A,91.34,4.41,411.41,113.53,68.76,0,NONE
2026-05-21 19:10:58.283160,Cooling-Tower-D,78.02,5.78,424.16,112.97,70.55,0,NONE
2026-05-21 19:12:58.283160,Cooling-Tower-D,101.79,4.39,416.72,126.7,77.73,0,NONE
2026-05-21 19:14:58.283160,Cooling-Tower-D,65.88,4.74,411.9,118.42,71.81,0,NONE
2026-05-21 19:16:58.283160,Stamping-Press-C,98.11,5.6,412.06,108.7,65.94,0,NONE
2026-05-21 19:18:58.283160,Induction-Furnace-A,82.76,4.18,412.43,136.56,82.92,0,NONE
2026-05-21 19:20:58.283160,Heavy-Extruder-B,93.6,6.13,421.86,122.11,75.84,0,NONE
2026-05-21 19:22:58.283160,Heavy-Extruder-B,85.8,6.09,408.66,126.53,76.12,0,NONE
2026-05-21 19:24:58.283160,Induction-Furnace-A,96.4,4.4,411.66,94.13,57.04,0,NONE
2026-05-21 19:26:58.283160,Stamping-Press-C,81.13,4.04,412.19,83.64,50.75,0,NONE
2026-05-21 19:28:58.283160,Stamping-Press-C,74.01,5.06,414.92,98.44,60.13,0,NONE
2026-05-21 19:30:58.283160,Cooling-Tower-D,99.21,4.22,413.64,112.79,68.69,0,NONE
2026-05-21 19:32:58.283160,Induction-Furnace-A,83.87,3.57,407.54,128.65,77.19,0,NONE
2026-05-21 19:34:58.283160,Induction-Furnace-A,87.22,5.52,413.0,84.87,51.6,0,NONE
2026-05-21 19:36:58.283160,Heavy-Extruder-B,97.35,5.47,414.5,143.89,87.81,0,NONE
2026-05-21 19:38:58.283160,Induction-Furnace-A,74.68,4.62,411.86,122.56,74.31,0,NONE
2026-05-21 19:40:58.283160,Stamping-Press-C,90.95,3.49,418.43,140.4,86.49,0,NONE
2026-05-21 19:42:58.283160,Induction-Furnace-A,79.1,3.52,419.6,106.71,65.92,0,NONE
2026-05-21 19:44:58.283160,Heavy-Extruder-B,83.68,4.59,414.61,127.56,77.86,0,NONE
2026-05-21 19:46:58.283160,Cooling-Tower-D,85.72,4.1,416.15,121.28,74.3,0,NONE
2026-05-21 19:48:58.283160,Heavy-Extruder-B,70.0,4.23,404.19,132.27,78.71,0,NONE
2026-05-21 19:50:58.283160,Heavy-Extruder-B,77.21,5.32,412.89,116.49,70.81,0,NONE
2026-05-21 19:52:58.283160,Cooling-Tower-D,98.51,5.09,420.02,127.1,78.59,0,NONE
2026-05-21 19:54:58.283160,Heavy-Extruder-B,93.86,5.6,412.88,136.53,82.99,0,NONE
2026-05-21 19:56:58.283160,Heavy-Extruder-B,84.37,3.71,411.31,110.23,66.75,0,NONE
2026-05-21 19:58:58.283160,Induction-Furnace-A,87.43,4.23,426.39,123.63,77.61,0,NONE
2026-05-21 20:00:58.283160,Induction-Furnace-A,82.06,5.11,424.1,91.68,57.24,0,NONE
2026-05-21 20:02:58.283160,Cooling-Tower-D,98.57,4.86,417.34,130.54,80.2,0,NONE
2026-05-21 20:04:58.283160,Induction-Furnace-A,83.0,5.73,420.69,149.32,92.48,0,NONE
2026-05-21 20:06:58.283160,Induction-Furnace-A,87.32,4.84,403.87,101.33,60.25,0,NONE
2026-05-21 20:08:58.283160,Heavy-Extruder-B,96.46,5.98,411.06,118.63,71.79,0,NONE
2026-05-21 20:10:58.283160,Stamping-Press-C,77.23,4.93,412.65,133.21,80.92,0,NONE
2026-05-21 20:12:58.283160,Induction-Furnace-A,100.59,5.35,413.82,120.47,73.39,0,NONE
2026-05-21 20:14:58.283160,Stamping-Press-C,69.7,4.24,412.55,122.48,74.39,0,NONE
2026-05-21 20:16:58.283160,Induction-Furnace-A,101.3,4.51,402.25,114.14,67.59,0,NONE
2026-05-21 20:18:58.283160,Induction-Furnace-A,81.27,5.23,416.93,113.58,69.71,0,NONE
2026-05-21 20:20:58.283160,Cooling-Tower-D,82.57,5.79,417.72,118.7,73.0,0,NONE
2026-05-21 20:22:58.283160,Cooling-Tower-D,66.1,5.08,423.01,120.63,75.12,0,NONE
2026-05-21 20:24:58.283160,Cooling-Tower-D,80.45,4.43,411.06,102.28,61.89,0,NONE
2026-05-21 20:26:58.283160,Stamping-Press-C,74.6,5.6,410.65,119.01,71.95,0,NONE
2026-05-21 20:28:58.283160,Heavy-Extruder-B,78.92,2.75,401.6,143.53,84.86,0,NONE
2026-05-21 20:30:58.283160,Induction-Furnace-A,83.63,3.36,413.53,113.71,69.23,0,NONE
2026-05-21 20:32:58.283160,Induction-Furnace-A,94.58,5.05,419.51,101.44,62.65,0,NONE
2026-05-21 20:34:58.283160,Induction-Furnace-A,87.08,4.51,411.94,117.73,71.4,0,NONE
2026-05-21 20:36:58.283160,Stamping-Press-C,88.08,4.98,425.72,109.28,68.49,0,NONE
2026-05-21 20:38:58.283160,Cooling-Tower-D,74.04,4.55,413.72,99.92,60.86,0,NONE
2026-05-21 20:40:58.283160,Heavy-Extruder-B,76.19,4.96,415.73,122.09,74.72,0,NONE
2026-05-21 20:42:58.283160,Stamping-Press-C,102.99,3.85,408.18,109.35,65.71,0,NONE
2026-05-21 20:44:58.283160,Cooling-Tower-D,77.65,4.96,416.44,110.63,67.82,0,NONE
2026-05-21 20:46:58.283160,Stamping-Press-C,101.56,5.3,405.1,122.3,72.94,0,NONE
2026-05-21 20:48:58.283160,Heavy-Extruder-B,82.57,5.48,418.47,97.0,59.76,0,NONE
2026-05-21 20:50:58.283160,Cooling-Tower-D,85.02,6.11,418.62,93.88,57.86,0,NONE
2026-05-21 20:52:58.283160,Stamping-Press-C,95.7,4.7,421.8,130.06,80.77,0,NONE
2026-05-21 20:54:58.283160,Heavy-Extruder-B,97.72,4.72,409.9,91.04,54.94,0,NONE
2026-05-21 20:56:58.283160,Induction-Furnace-A,83.89,3.28,415.8,105.35,64.49,0,NONE
2026-05-21 20:58:58.283160,Heavy-Extruder-B,81.12,4.07,417.82,93.0,57.21,0,NONE
2026-05-21 21:00:58.283160,Induction-Furnace-A,84.44,4.35,417.21,112.71,69.23,0,NONE
2026-05-21 21:02:58.283160,Stamping-Press-C,88.38,5.34,410.67,126.42,76.43,0,NONE
2026-05-21 21:04:58.283160,Cooling-Tower-D,93.91,4.01,403.04,121.69,72.2,0,NONE
2026-05-21 21:06:58.283160,Cooling-Tower-D,85.04,5.14,416.73,155.88,95.63,0,NONE
2026-05-21 21:08:58.283160,Stamping-Press-C,91.19,4.5,414.24,136.3,83.12,0,NONE
2026-05-21 21:10:58.283160,Cooling-Tower-D,101.38,4.36,412.17,106.03,64.34,0,NONE
2026-05-21 21:12:58.283160,Cooling-Tower-D,88.81,4.7,418.82,102.04,62.92,0,NONE
2026-05-21 21:14:58.283160,Induction-Furnace-A,88.12,4.19,414.78,160.6,98.07,0,NONE
2026-05-21 21:16:58.283160,Stamping-Press-C,69.81,4.16,408.4,135.94,81.73,0,NONE
2026-05-21 21:18:58.283160,Heavy-Extruder-B,58.69,3.14,405.34,128.84,76.89,0,NONE
2026-05-21 21:20:58.283160,Induction-Furnace-A,88.88,4.3,409.36,121.12,72.99,0,NONE
2026-05-21 21:22:58.283160,Stamping-Press-C,84.05,4.12,426.97,124.1,78.01,0,NONE
2026-05-21 21:24:58.283160,Induction-Furnace-A,79.85,4.09,418.61,97.77,60.25,0,NONE
2026-05-21 21:26:58.283160,Heavy-Extruder-B,87.44,4.83,415.94,122.36,74.92,0,NONE
2026-05-21 21:28:58.283160,Heavy-Extruder-B,84.4,5.03,414.09,121.07,73.81,0,NONE
2026-05-21 21:30:58.283160,Stamping-Press-C,96.28,4.69,413.76,106.44,64.84,0,NONE
2026-05-21 21:32:58.283160,Heavy-Extruder-B,85.86,5.3,420.84,111.92,69.34,0,NONE
2026-05-21 21:34:58.283160,Induction-Furnace-A,77.53,4.96,412.55,142.73,86.69,0,NONE
2026-05-21 21:36:58.283160,Heavy-Extruder-B,94.9,4.26,417.88,118.12,72.67,0,NONE
2026-05-21 21:38:58.283160,Induction-Furnace-A,82.83,4.13,413.26,151.07,91.91,0,NONE
2026-05-21 21:40:58.283160,Induction-Furnace-A,90.27,4.75,424.7,93.89,58.7,0,NONE
2026-05-21 21:42:58.283160,Heavy-Extruder-B,80.23,4.96,418.71,112.17,69.14,0,NONE
2026-05-21 21:44:58.283160,Stamping-Press-C,78.5,5.62,421.23,96.79,60.02,0,NONE
2026-05-21 21:46:58.283160,Cooling-Tower-D,85.84,5.45,412.08,101.86,61.79,0,NONE
2026-05-21 21:48:58.283160,Heavy-Extruder-B,85.13,4.07,420.29,107.58,66.56,0,NONE
2026-05-21 21:50:58.283160,Induction-Furnace-A,89.8,4.42,413.44,124.73,75.92,0,NONE
2026-05-21 21:52:58.283160,Induction-Furnace-A,82.31,11.54,415.55,124.0,75.86,1,ERR-VIB-WARN
2026-05-21 21:54:58.283160,Heavy-Extruder-B,66.64,5.35,423.18,109.81,68.41,0,NONE
2026-05-21 21:56:58.283160,Stamping-Press-C,80.67,5.25,409.79,86.58,52.23,0,NONE
2026-05-21 21:58:58.283160,Stamping-Press-C,92.94,4.45,416.02,142.17,87.07,0,NONE
2026-05-21 22:00:58.283160,Induction-Furnace-A,82.03,3.5,417.19,115.71,71.07,0,NONE
2026-05-21 22:02:58.283160,Induction-Furnace-A,82.54,3.7,417.6,103.26,63.48,0,NONE
2026-05-21 22:04:58.283160,Stamping-Press-C,94.86,4.72,412.75,124.12,75.42,0,NONE
2026-05-21 22:06:58.283160,Cooling-Tower-D,77.88,4.77,425.43,123.07,77.08,0,NONE
2026-05-21 22:08:58.283160,Heavy-Extruder-B,69.57,3.62,408.53,115.16,69.26,0,NONE
2026-05-21 22:10:58.283160,Induction-Furnace-A,83.39,4.54,422.29,122.23,75.99,0,NONE
2026-05-21 22:12:58.283160,Induction-Furnace-A,80.16,5.0,421.08,102.67,63.65,0,NONE
2026-05-21 22:14:58.283160,Stamping-Press-C,75.34,3.58,424.5,131.4,82.12,0,NONE
2026-05-21 22:16:58.283160,Heavy-Extruder-B,83.25,5.38,407.06,105.05,62.95,0,NONE
2026-05-21 22:18:58.283160,Stamping-Press-C,89.92,4.2,410.66,110.92,67.06,0,NONE
2026-05-21 22:20:58.283160,Heavy-Extruder-B,84.91,5.51,422.46,129.73,80.69,0,NONE
2026-05-21 22:22:58.283160,Heavy-Extruder-B,88.07,4.07,405.61,138.06,82.44,0,NONE
2026-05-21 22:24:58.283160,Heavy-Extruder-B,103.13,3.68,406.97,143.79,86.15,0,NONE
2026-05-21 22:26:58.283160,Induction-Furnace-A,81.57,4.13,412.56,135.84,82.5,0,NONE
2026-05-21 22:28:58.283160,Cooling-Tower-D,87.78,4.42,415.96,115.14,70.51,0,NONE
2026-05-21 22:30:58.283160,Stamping-Press-C,79.91,4.19,422.96,96.88,60.33,0,NONE
2026-05-21 22:32:58.283160,Cooling-Tower-D,76.54,4.33,414.07,141.08,86.0,0,NONE
2026-05-21 22:34:58.283160,Stamping-Press-C,79.15,4.77,411.96,140.56,85.25,0,NONE
2026-05-21 22:36:58.283160,Heavy-Extruder-B,80.21,4.36,416.56,109.92,67.41,0,NONE
2026-05-21 22:38:58.283160,Induction-Furnace-A,88.59,4.45,417.35,133.82,82.22,0,NONE
2026-05-21 22:40:58.283160,Cooling-Tower-D,108.49,3.13,417.21,115.02,70.64,0,NONE
2026-05-21 22:42:58.283160,Induction-Furnace-A,77.84,4.81,414.11,142.52,86.89,0,NONE
2026-05-21 22:44:58.283160,Stamping-Press-C,80.83,4.43,405.22,112.28,66.98,0,NONE
2026-05-21 22:46:58.283160,Induction-Furnace-A,84.37,5.79,410.41,149.68,90.44,0,NONE
2026-05-21 22:48:58.283160,Induction-Furnace-A,88.96,3.75,422.1,131.79,81.9,0,NONE
2026-05-21 22:50:58.283160,Cooling-Tower-D,87.64,3.05,415.94,146.96,89.99,0,NONE
2026-05-21 22:52:58.283160,Heavy-Extruder-B,97.84,4.99,413.39,113.04,68.8,0,NONE
2026-05-21 22:54:58.283160,Induction-Furnace-A,60.74,4.78,420.59,126.08,78.07,0,NONE
2026-05-21 22:56:58.283160,Heavy-Extruder-B,61.13,3.69,409.35,105.46,63.56,0,NONE
2026-05-21 22:58:58.283160,Stamping-Press-C,80.04,3.28,413.87,132.66,80.83,0,NONE
2026-05-21 23:00:58.283160,Induction-Furnace-A,95.97,5.73,415.69,133.49,81.69,0,NONE
2026-05-21 23:02:58.283160,Cooling-Tower-D,69.34,5.63,412.79,155.96,94.78,0,NONE
2026-05-21 23:04:58.283160,Stamping-Press-C,54.92,2.51,415.5,127.23,77.83,0,NONE
2026-05-21 23:06:58.283160,Stamping-Press-C,90.71,4.13,414.06,130.86,79.77,0,NONE
2026-05-21 23:08:58.283160,Cooling-Tower-D,87.44,5.83,408.0,112.94,67.84,0,NONE
2026-05-21 23:10:58.283160,Induction-Furnace-A,74.1,4.12,415.91,128.12,78.45,0,NONE
2026-05-21 23:12:58.283160,Induction-Furnace-A,75.14,4.11,408.36,114.3,68.72,0,NONE
2026-05-21 23:14:58.283160,Stamping-Press-C,75.3,4.27,415.83,121.74,74.53,0,NONE
2026-05-21 23:16:58.283160,Induction-Furnace-A,86.11,3.6,421.87,122.62,76.16,0,NONE
2026-05-21 23:18:58.283160,Heavy-Extruder-B,78.74,3.14,413.59,114.72,69.85,0,NONE
2026-05-21 23:20:58.283160,Cooling-Tower-D,89.94,5.34,409.14,120.94,72.85,0,NONE
2026-05-21 23:22:58.283160,Heavy-Extruder-B,56.45,3.03,414.37,114.37,69.77,0,NONE
2026-05-21 23:24:58.283160,Induction-Furnace-A,76.43,4.7,410.84,114.3,69.14,0,NONE
2026-05-21 23:26:58.283160,Stamping-Press-C,73.74,5.21,417.97,136.15,83.78,0,NONE
2026-05-21 23:28:58.283160,Cooling-Tower-D,82.44,3.34,414.26,122.63,74.79,0,NONE
2026-05-21 23:30:58.283160,Induction-Furnace-A,79.62,3.76,423.55,125.21,78.07,0,NONE
2026-05-21 23:32:58.283160,Induction-Furnace-A,132.98,5.47,420.81,178.14,110.36,1,ERR-TEMP-HIGH
2026-05-21 23:34:58.283160,Stamping-Press-C,66.41,4.93,414.23,126.35,77.05,0,NONE
2026-05-21 23:36:58.283160,Stamping-Press-C,85.45,4.01,418.58,127.96,78.85,0,NONE
2026-05-21 23:38:58.283160,Heavy-Extruder-B,90.58,5.46,413.03,114.02,69.33,0,NONE
2026-05-21 23:40:58.283160,Cooling-Tower-D,103.57,5.47,415.17,151.28,92.46,0,NONE
2026-05-21 23:42:58.283160,Cooling-Tower-D,80.18,4.72,413.19,85.66,52.11,0,NONE
2026-05-21 23:44:58.283160,Stamping-Press-C,88.24,3.78,418.83,131.77,81.25,0,NONE
2026-05-21 23:46:58.283160,Heavy-Extruder-B,66.96,4.17,422.16,130.69,81.23,0,NONE
2026-05-21 23:48:58.283160,Cooling-Tower-D,61.08,4.73,418.99,128.12,79.03,0,NONE
2026-05-21 23:50:58.283160,Stamping-Press-C,93.45,4.35,419.61,122.64,75.76,0,NONE
2026-05-21 23:52:58.283160,Induction-Furnace-A,84.94,5.25,419.62,128.26,79.23,0,NONE
2026-05-21 23:54:58.283160,Cooling-Tower-D,96.79,3.28,417.76,133.02,81.81,0,NONE
2026-05-21 23:56:58.283160,Heavy-Extruder-B,71.27,3.3,409.3,109.11,65.75,0,NONE
2026-05-21 23:58:58.283160,Heavy-Extruder-B,90.2,4.64,423.5,124.49,77.62,0,NONE
2026-05-22 00:00:58.283160,Heavy-Extruder-B,103.69,4.11,424.02,117.25,73.19,0,NONE
2026-05-22 00:02:58.283160,Induction-Furnace-A,89.2,4.0,413.83,103.59,63.11,0,NONE
2026-05-22 00:04:58.283160,Cooling-Tower-D,87.77,3.09,413.15,130.76,79.53,0,NONE
2026-05-22 00:06:58.283160,Cooling-Tower-D,85.09,4.52,418.06,111.53,68.65,0,NONE
2026-05-22 00:08:58.283160,Induction-Furnace-A,69.29,4.46,417.75,97.53,59.98,0,NONE
2026-05-22 00:10:58.283160,Cooling-Tower-D,98.56,5.02,413.99,111.91,68.21,0,NONE
2026-05-22 00:12:58.283160,Induction-Furnace-A,78.89,4.56,408.75,108.02,65.0,0,NONE
2026-05-22 00:14:58.283160,Induction-Furnace-A,90.04,4.39,416.53,135.43,83.05,0,NONE
2026-05-22 00:16:58.283160,Induction-Furnace-A,69.37,5.44,417.76,122.3,75.22,0,NONE
2026-05-22 00:18:58.283160,Heavy-Extruder-B,73.21,3.45,418.63,140.74,86.74,0,NONE
2026-05-22 00:20:58.283160,Cooling-Tower-D,99.35,4.93,416.75,110.0,67.49,0,NONE
2026-05-22 00:22:58.283160,Induction-Furnace-A,81.53,3.16,413.64,133.11,81.06,0,NONE
2026-05-22 00:24:58.283160,Cooling-Tower-D,99.53,3.83,419.97,162.59,100.53,0,NONE
2026-05-22 00:26:58.283160,Heavy-Extruder-B,84.22,3.53,415.33,125.34,76.64,0,NONE
2026-05-22 00:28:58.283160,Induction-Furnace-A,66.58,5.13,412.68,132.92,80.76,0,NONE
2026-05-22 00:30:58.283160,Stamping-Press-C,93.92,4.45,414.1,130.4,79.5,0,NONE
2026-05-22 00:32:58.283160,Heavy-Extruder-B,79.1,4.49,406.27,98.67,59.01,0,NONE
2026-05-22 00:34:58.283160,Stamping-Press-C,91.99,3.61,414.09,128.79,78.51,0,NONE
2026-05-22 00:36:58.283160,Cooling-Tower-D,85.25,4.26,418.44,124.6,76.76,0,NONE
2026-05-22 00:38:58.283160,Cooling-Tower-D,69.57,3.89,416.7,116.1,71.23,0,NONE
2026-05-22 00:40:58.283160,Heavy-Extruder-B,86.64,4.81,422.6,106.74,66.41,0,NONE
2026-05-22 00:42:58.283160,Cooling-Tower-D,106.96,3.71,413.69,130.41,79.42,0,NONE
2026-05-22 00:44:58.283160,Stamping-Press-C,89.93,5.56,417.44,105.41,64.78,0,NONE
2026-05-22 00:46:58.283160,Induction-Furnace-A,84.42,3.16,418.96,152.0,93.76,0,NONE
2026-05-22 00:48:58.283160,Induction-Furnace-A,95.75,3.85,426.71,121.71,76.46,0,NONE
2026-05-22 00:50:58.283160,Induction-Furnace-A,87.11,5.84,415.72,101.65,62.21,0,NONE
2026-05-22 00:52:58.283160,Heavy-Extruder-B,87.1,4.15,409.78,112.29,67.74,0,NONE
2026-05-22 00:54:58.283160,Cooling-Tower-D,74.08,3.45,419.24,115.83,71.49,0,NONE
2026-05-22 00:56:58.283160,Stamping-Press-C,87.34,4.68,424.33,156.19,97.57,0,NONE
2026-05-22 00:58:58.283160,Cooling-Tower-D,95.35,4.12,413.39,106.73,64.96,0,NONE
2026-05-22 01:00:58.283160,Cooling-Tower-D,76.64,3.83,419.21,118.26,72.98,0,NONE
2026-05-22 01:02:58.283160,Cooling-Tower-D,99.24,3.62,421.14,111.93,69.4,0,NONE
2026-05-22 01:04:58.283160,Induction-Furnace-A,84.08,6.71,420.09,127.49,78.85,0,NONE
2026-05-22 01:06:58.283160,Stamping-Press-C,76.12,4.3,415.63,112.17,68.64,0,NONE
2026-05-22 01:08:58.283160,Stamping-Press-C,94.98,2.96,411.51,102.91,62.35,0,NONE
2026-05-22 01:10:58.283160,Cooling-Tower-D,82.13,5.69,414.59,117.07,71.46,0,NONE
2026-05-22 01:12:58.283160,Induction-Furnace-A,92.6,4.99,417.29,115.51,70.96,0,NONE
2026-05-22 01:14:58.283160,Induction-Furnace-A,82.08,3.89,419.54,111.12,68.63,0,NONE
2026-05-22 01:16:58.283160,Stamping-Press-C,84.4,3.75,416.67,111.92,68.65,0,NONE
2026-05-22 01:18:58.283160,Induction-Furnace-A,89.94,5.04,413.1,137.77,83.79,0,NONE
2026-05-22 01:20:58.283160,Induction-Furnace-A,87.91,4.3,417.78,115.2,70.86,0,NONE
2026-05-22 01:22:58.283160,Induction-Furnace-A,65.04,2.96,419.3,102.99,63.57,0,NONE
2026-05-22 01:24:58.283160,Heavy-Extruder-B,73.79,5.93,416.9,113.07,69.4,0,NONE
2026-05-22 01:26:58.283160,Cooling-Tower-D,94.29,4.15,410.82,120.82,73.07,0,NONE
2026-05-22 01:28:58.283160,Stamping-Press-C,83.68,5.7,414.09,99.96,60.94,0,NONE
2026-05-22 01:30:58.283160,Stamping-Press-C,79.76,5.52,419.74,144.39,89.22,0,NONE
2026-05-22 01:32:58.283160,Heavy-Extruder-B,71.41,3.7,408.08,133.01,79.91,0,NONE
2026-05-22 01:34:58.283160,Cooling-Tower-D,74.2,5.33,404.53,141.45,84.24,0,NONE
2026-05-22 01:36:58.283160,Stamping-Press-C,64.78,3.98,422.54,125.88,78.31,0,NONE
2026-05-22 01:38:58.283160,Induction-Furnace-A,83.99,3.01,417.56,88.59,54.46,0,NONE
2026-05-22 01:40:58.283160,Stamping-Press-C,79.02,4.16,418.03,143.03,88.02,0,NONE
2026-05-22 01:42:58.283160,Induction-Furnace-A,75.33,4.82,409.62,107.05,64.55,0,NONE
2026-05-22 01:44:58.283160,Heavy-Extruder-B,84.32,4.13,418.69,108.27,66.74,0,NONE
2026-05-22 01:46:58.283160,Induction-Furnace-A,88.64,4.25,416.38,122.34,75.0,0,NONE
2026-05-22 01:48:58.283160,Stamping-Press-C,105.93,5.41,407.08,140.67,84.31,0,NONE
2026-05-22 01:50:58.283160,Stamping-Press-C,69.88,4.59,422.12,135.8,84.39,0,NONE
2026-05-22 01:52:58.283160,Stamping-Press-C,96.59,3.83,415.79,133.59,81.78,0,NONE
2026-05-22 01:54:58.283160,Heavy-Extruder-B,94.73,5.06,413.02,115.32,70.12,0,NONE
2026-05-22 01:56:58.283160,Heavy-Extruder-B,77.21,4.66,413.11,115.09,69.99,0,NONE
2026-05-22 01:58:58.283160,Cooling-Tower-D,87.03,2.48,404.92,125.19,74.63,0,NONE
2026-05-22 02:00:58.283160,Stamping-Press-C,80.42,4.84,417.97,118.05,72.64,0,NONE
2026-05-22 02:02:58.283160,Induction-Furnace-A,86.86,4.81,416.31,133.34,81.72,0,NONE
2026-05-22 02:04:58.283160,Heavy-Extruder-B,100.09,4.52,414.03,132.45,80.73,0,NONE
2026-05-22 02:06:58.283160,Stamping-Press-C,91.06,5.21,421.39,128.87,79.95,0,NONE
2026-05-22 02:08:58.283160,Stamping-Press-C,90.09,3.96,408.08,82.11,49.33,0,NONE
2026-05-22 02:10:58.283160,Heavy-Extruder-B,80.7,4.77,412.02,121.92,73.95,0,NONE
2026-05-22 02:12:58.283160,Cooling-Tower-D,70.16,3.25,410.75,118.37,71.58,0,NONE
2026-05-22 02:14:58.283160,Heavy-Extruder-B,82.92,4.83,413.61,122.52,74.6,0,NONE
2026-05-22 02:16:58.283160,Heavy-Extruder-B,97.07,6.06,415.34,108.69,66.46,0,NONE
2026-05-22 02:18:58.283160,Induction-Furnace-A,69.73,3.7,417.15,100.13,61.49,0,NONE
2026-05-22 02:20:58.283160,Induction-Furnace-A,74.45,3.89,413.27,126.95,77.24,0,NONE
2026-05-22 02:22:58.283160,Cooling-Tower-D,86.26,3.93,410.61,114.66,69.31,0,NONE
2026-05-22 02:24:58.283160,Stamping-Press-C,75.15,4.6,423.43,128.62,80.18,0,NONE
2026-05-22 02:26:58.283160,Heavy-Extruder-B,77.07,3.65,427.06,109.94,69.12,0,NONE
2026-05-22 02:28:58.283160,Cooling-Tower-D,80.76,4.84,415.72,141.24,86.44,0,NONE
2026-05-22 02:30:58.283160,Induction-Furnace-A,71.34,5.18,411.22,135.02,81.74,0,NONE
2026-05-22 02:32:58.283160,Heavy-Extruder-B,75.26,4.93,422.38,124.45,77.39,0,NONE
2026-05-22 02:34:58.283160,Stamping-Press-C,92.03,3.09,407.77,116.8,70.12,0,NONE
2026-05-22 02:36:58.283160,Induction-Furnace-A,71.93,5.3,413.33,132.79,80.8,0,NONE
2026-05-22 02:38:58.283160,Induction-Furnace-A,69.02,5.25,411.52,125.89,76.27,0,NONE
2026-05-22 02:40:58.283160,Induction-Furnace-A,78.7,5.16,409.2,123.58,74.45,0,NONE
2026-05-22 02:42:58.283160,Cooling-Tower-D,92.32,4.8,413.6,135.64,82.59,0,NONE
2026-05-22 02:44:58.283160,Stamping-Press-C,83.03,4.68,410.68,141.4,85.49,0,NONE
2026-05-22 02:46:58.283160,Heavy-Extruder-B,80.35,5.33,415.06,101.21,61.85,0,NONE
2026-05-22 02:48:58.283160,Cooling-Tower-D,85.44,6.04,415.14,104.24,63.71,0,NONE
2026-05-22 02:50:58.283160,Cooling-Tower-D,67.54,3.74,411.89,108.3,65.67,0,NONE
2026-05-22 02:52:58.283160,Cooling-Tower-D,89.95,5.36,413.15,97.46,59.28,0,NONE
2026-05-22 02:54:58.283160,Induction-Furnace-A,88.83,4.43,413.85,119.06,72.54,0,NONE
2026-05-22 02:56:58.283160,Stamping-Press-C,80.91,4.4,419.05,129.0,79.58,0,NONE
2026-05-22 02:58:58.283160,Cooling-Tower-D,95.06,3.27,414.26,119.68,72.99,0,NONE
2026-05-22 03:00:58.283160,Heavy-Extruder-B,73.73,4.27,419.12,111.99,69.1,0,NONE
2026-05-22 03:02:58.283160,Stamping-Press-C,96.28,3.7,417.93,136.9,84.23,0,NONE
2026-05-22 03:04:58.283160,Heavy-Extruder-B,86.54,4.13,417.86,122.11,75.12,0,NONE
2026-05-22 03:06:58.283160,Stamping-Press-C,81.63,3.62,421.94,125.14,77.74,0,NONE
2026-05-22 03:08:58.283160,Heavy-Extruder-B,84.8,4.14,409.4,137.31,82.76,0,NONE
2026-05-22 03:10:58.283160,Induction-Furnace-A,83.93,4.18,412.63,118.15,71.77,0,NONE
2026-05-22 03:12:58.283160,Cooling-Tower-D,97.2,4.58,423.82,150.9,94.15,0,NONE
2026-05-22 03:14:58.283160,Heavy-Extruder-B,74.23,3.21,413.71,113.28,69.0,0,NONE
2026-05-22 03:16:58.283160,Stamping-Press-C,77.37,3.34,400.92,149.97,88.52,0,NONE
2026-05-22 03:18:58.283160,Cooling-Tower-D,95.36,4.79,413.99,105.38,64.23,0,NONE
2026-05-22 03:20:58.283160,Cooling-Tower-D,79.04,3.86,415.67,127.76,78.18,0,NONE
2026-05-22 03:22:58.283160,Stamping-Press-C,94.01,5.36,401.91,110.36,65.3,0,NONE
2026-05-22 03:24:58.283160,Heavy-Extruder-B,101.99,4.68,421.67,136.79,84.92,0,NONE
2026-05-22 03:26:58.283160,Induction-Furnace-A,80.98,4.99,411.43,112.83,68.34,0,NONE
2026-05-22 03:28:58.283160,Induction-Furnace-A,91.81,5.63,416.64,124.36,76.28,0,NONE
2026-05-22 03:30:58.283160,Heavy-Extruder-B,73.46,4.25,413.87,110.24,67.17,0,NONE
2026-05-22 03:32:58.283160,Cooling-Tower-D,92.55,4.04,408.56,134.06,80.63,0,NONE
2026-05-22 03:34:58.283160,Cooling-Tower-D,86.99,5.2,409.65,110.16,66.44,0,NONE
2026-05-22 03:36:58.283160,Cooling-Tower-D,89.73,4.91,410.32,145.25,87.74,0,NONE
2026-05-22 03:38:58.283160,Cooling-Tower-D,78.54,4.35,420.43,105.06,65.03,0,NONE
2026-05-22 03:40:58.283160,Heavy-Extruder-B,68.39,5.61,414.26,99.82,60.88,0,NONE
2026-05-22 03:42:58.283160,Cooling-Tower-D,90.03,4.33,412.39,134.27,81.52,0,NONE
2026-05-22 03:44:58.283160,Stamping-Press-C,64.37,4.53,410.33,111.13,67.13,0,NONE
2026-05-22 03:46:58.283160,Cooling-Tower-D,81.83,4.52,420.98,119.89,74.3,0,NONE
2026-05-22 03:48:58.283160,Induction-Furnace-A,94.41,3.75,422.32,115.17,71.6,0,NONE
2026-05-22 03:50:58.283160,Cooling-Tower-D,86.92,4.56,420.92,100.31,62.16,0,NONE
2026-05-22 03:52:58.283160,Heavy-Extruder-B,104.48,5.62,417.46,118.85,73.04,0,NONE
2026-05-22 03:54:58.283160,Induction-Furnace-A,95.25,4.86,416.45,138.97,85.2,0,NONE
2026-05-22 03:56:58.283160,Heavy-Extruder-B,78.46,4.52,408.92,135.05,81.3,0,NONE
2026-05-22 03:58:58.283160,Heavy-Extruder-B,85.27,4.37,413.77,123.48,75.22,0,NONE
2026-05-22 04:00:58.283160,Induction-Furnace-A,84.53,4.76,411.58,136.68,82.82,0,NONE
2026-05-22 04:02:58.283160,Heavy-Extruder-B,69.18,5.1,405.87,104.11,62.21,0,NONE
2026-05-22 04:04:58.283160,Heavy-Extruder-B,75.6,4.99,420.29,115.12,71.23,0,NONE
2026-05-22 04:06:58.283160,Cooling-Tower-D,79.39,4.23,411.52,125.94,76.3,0,NONE
2026-05-22 04:08:58.283160,Stamping-Press-C,64.64,4.76,420.98,118.04,73.16,0,NONE
2026-05-22 04:10:58.283160,Heavy-Extruder-B,85.47,4.88,419.41,116.3,71.81,0,NONE
2026-05-22 04:12:58.283160,Heavy-Extruder-B,82.51,3.69,417.78,101.99,62.73,0,NONE
2026-05-22 04:14:58.283160,Heavy-Extruder-B,68.27,4.63,418.06,88.78,54.64,0,NONE
2026-05-22 04:16:58.283160,Cooling-Tower-D,89.04,2.77,411.92,132.27,80.21,0,NONE
2026-05-22 04:18:58.283160,Stamping-Press-C,92.16,4.89,424.29,123.65,77.24,0,NONE
2026-05-22 04:20:58.283160,Induction-Furnace-A,87.27,5.03,415.22,133.53,81.62,0,NONE
2026-05-22 04:22:58.283160,Cooling-Tower-D,81.76,5.1,416.51,113.44,69.56,0,NONE
2026-05-22 04:24:58.283160,Cooling-Tower-D,90.91,4.18,411.75,109.31,66.26,0,NONE
2026-05-22 04:26:58.283160,Stamping-Press-C,91.8,4.75,410.34,120.1,72.55,0,NONE
2026-05-22 04:28:58.283160,Stamping-Press-C,88.07,5.64,417.39,132.81,81.61,0,NONE
2026-05-22 04:30:58.283160,Cooling-Tower-D,76.75,5.63,416.09,116.53,71.38,0,NONE
2026-05-22 04:32:58.283160,Induction-Furnace-A,127.77,4.48,411.05,212.03,128.31,1,ERR-TEMP-HIGH
2026-05-22 04:34:58.283160,Cooling-Tower-D,96.95,4.61,407.81,104.91,62.98,0,NONE
2026-05-22 04:36:58.283160,Stamping-Press-C,79.03,5.39,408.65,117.58,70.74,0,NONE
2026-05-22 04:38:58.283160,Induction-Furnace-A,105.98,3.3,420.98,118.95,73.72,0,NONE
2026-05-22 04:40:58.283160,Stamping-Press-C,79.74,4.24,411.93,138.4,83.93,0,NONE
2026-05-22 04:42:58.283160,Induction-Furnace-A,85.32,5.57,413.31,123.11,74.91,0,NONE
2026-05-22 04:44:58.283160,Heavy-Extruder-B,78.28,5.28,422.25,146.19,90.88,0,NONE
2026-05-22 04:46:58.283160,Stamping-Press-C,87.23,4.8,409.39,99.78,60.14,0,NONE
2026-05-22 04:48:58.283160,Stamping-Press-C,67.58,3.3,411.37,121.95,73.85,0,NONE
2026-05-22 04:50:58.283160,Cooling-Tower-D,79.54,4.46,411.16,122.69,74.27,0,NONE
2026-05-22 04:52:58.283160,Stamping-Press-C,74.08,4.03,423.09,129.3,80.54,0,NONE
2026-05-22 04:54:58.283160,Stamping-Press-C,86.35,4.76,424.97,107.8,67.44,0,NONE
2026-05-22 04:56:58.283160,Heavy-Extruder-B,94.94,3.85,418.76,145.27,89.56,0,NONE
2026-05-22 04:58:58.283160,Stamping-Press-C,91.46,3.68,418.92,120.19,74.13,0,NONE
2026-05-22 05:00:58.283160,Heavy-Extruder-B,61.28,2.85,412.1,103.69,62.91,0,NONE
2026-05-22 05:02:58.283160,Heavy-Extruder-B,105.42,5.48,424.74,119.76,74.89,0,NONE
2026-05-22 05:04:58.283160,Heavy-Extruder-B,87.95,4.18,416.34,115.3,70.67,0,NONE
2026-05-22 05:06:58.283160,Heavy-Extruder-B,77.24,4.63,419.27,161.75,99.84,0,NONE
2026-05-22 05:08:58.283160,Induction-Furnace-A,86.57,4.5,414.47,135.75,82.83,0,NONE
2026-05-22 05:10:58.283160,Cooling-Tower-D,86.76,3.65,413.66,120.74,73.53,0,NONE
2026-05-22 05:12:58.283160,Induction-Furnace-A,78.33,9.99,423.32,118.32,73.74,1,ERR-VIB-WARN
2026-05-22 05:14:58.283160,Stamping-Press-C,86.98,3.7,417.7,134.27,82.56,0,NONE
2026-05-22 05:16:58.283160,Induction-Furnace-A,78.93,3.92,422.26,134.98,83.91,0,NONE
2026-05-22 05:18:58.283160,Induction-Furnace-A,80.96,4.79,416.28,76.33,46.78,0,NONE
2026-05-22 05:20:58.283160,Stamping-Press-C,78.14,3.86,410.76,129.64,78.4,0,NONE
2026-05-22 05:22:58.283160,Stamping-Press-C,70.67,5.9,412.08,120.42,73.05,0,NONE
2026-05-22 05:24:58.283160,Stamping-Press-C,86.46,5.32,415.51,100.33,61.38,0,NONE
2026-05-22 05:26:58.283160,Induction-Furnace-A,90.85,5.15,411.87,133.2,80.77,0,NONE
2026-05-22 05:28:58.283160,Induction-Furnace-A,90.15,4.4,409.46,153.69,92.65,0,NONE
2026-05-22 05:30:58.283160,Stamping-Press-C,93.2,5.71,421.01,128.35,79.55,0,NONE
2026-05-22 05:32:58.283160,Cooling-Tower-D,88.24,4.33,412.28,136.51,82.85,0,NONE
2026-05-22 05:34:58.283160,Cooling-Tower-D,79.67,4.47,415.69,147.06,90.0,0,NONE
2026-05-22 05:36:58.283160,Heavy-Extruder-B,93.4,4.64,416.48,107.55,65.94,0,NONE
2026-05-22 05:38:58.283160,Stamping-Press-C,71.42,5.06,412.06,92.14,55.89,0,NONE
2026-05-22 05:40:58.283160,Heavy-Extruder-B,75.99,5.01,422.25,129.85,80.72,0,NONE
2026-05-22 05:42:58.283160,Cooling-Tower-D,75.36,4.12,409.41,116.29,70.09,0,NONE
2026-05-22 05:44:58.283160,Heavy-Extruder-B,95.8,4.07,416.31,99.39,60.91,0,NONE
2026-05-22 05:46:58.283160,Stamping-Press-C,94.43,5.01,416.23,118.83,72.81,0,NONE
2026-05-22 05:48:58.283160,Stamping-Press-C,89.87,5.07,414.73,130.91,79.93,0,NONE
2026-05-22 05:50:58.283160,Stamping-Press-C,95.72,4.19,408.52,117.77,70.83,0,NONE
2026-05-22 05:52:58.283160,Induction-Furnace-A,76.21,3.23,419.35,108.2,66.8,0,NONE
2026-05-22 05:54:58.283160,Heavy-Extruder-B,88.49,4.33,418.72,116.65,71.91,0,NONE
2026-05-22 05:56:58.283160,Cooling-Tower-D,83.75,5.0,411.62,119.71,72.54,0,NONE
2026-05-22 05:58:58.283160,Cooling-Tower-D,93.47,5.94,418.54,91.06,56.11,0,NONE
2026-05-22 06:00:58.283160,Cooling-Tower-D,83.85,3.54,416.87,117.86,72.33,0,NONE
2026-05-22 06:02:58.283160,Induction-Furnace-A,81.15,4.16,408.6,99.83,60.05,0,NONE
2026-05-22 06:04:58.283160,Induction-Furnace-A,90.41,4.19,410.73,129.89,78.54,0,NONE
2026-05-22 06:06:58.283160,Stamping-Press-C,93.76,5.58,420.69,96.58,59.82,0,NONE
2026-05-22 06:08:58.283160,Cooling-Tower-D,78.32,4.47,416.55,135.19,82.9,0,NONE
2026-05-22 06:10:58.283160,Induction-Furnace-A,84.39,3.77,412.18,113.86,69.09,0,NONE
2026-05-22 06:12:58.283160,Stamping-Press-C,74.42,4.95,410.71,111.86,67.63,0,NONE
2026-05-22 06:14:58.283160,Cooling-Tower-D,60.02,4.18,412.42,124.42,75.54,0,NONE
2026-05-22 06:16:58.283160,Heavy-Extruder-B,87.0,3.52,412.78,107.01,65.03,0,NONE
2026-05-22 06:18:58.283160,Stamping-Press-C,91.09,3.79,410.77,124.18,75.1,0,NONE
2026-05-22 06:20:58.283160,Induction-Furnace-A,87.62,5.89,406.29,109.02,65.21,0,NONE
2026-05-22 06:22:58.283160,Induction-Furnace-A,65.5,4.81,420.7,111.65,69.15,0,NONE
2026-05-22 06:24:58.283160,Stamping-Press-C,81.49,4.59,419.85,126.08,77.93,0,NONE
2026-05-22 06:26:58.283160,Stamping-Press-C,62.82,4.3,408.63,102.92,61.92,0,NONE
2026-05-22 06:28:58.283160,Induction-Furnace-A,98.7,4.73,415.68,101.03,61.83,0,NONE
2026-05-22 06:30:58.283160,Heavy-Extruder-B,74.14,4.72,410.49,123.72,74.77,0,NONE
2026-05-22 06:32:58.283160,Cooling-Tower-D,97.55,4.73,413.69,119.6,72.84,0,NONE
2026-05-22 06:34:58.283160,Heavy-Extruder-B,94.46,4.59,413.28,122.53,74.55,0,NONE
2026-05-22 06:36:58.283160,Stamping-Press-C,75.99,5.2,412.86,124.91,75.92,0,NONE
2026-05-22 06:38:58.283160,Heavy-Extruder-B,73.67,4.52,425.01,120.86,75.62,0,NONE
2026-05-22 06:40:58.283160,Induction-Furnace-A,88.5,3.72,412.8,129.12,78.47,0,NONE
2026-05-22 06:42:58.283160,Stamping-Press-C,76.56,4.01,410.96,121.46,73.49,0,NONE
2026-05-22 06:44:58.283160,Cooling-Tower-D,86.02,2.92,411.19,89.89,54.42,0,NONE
2026-05-22 06:46:58.283160,Induction-Furnace-A,80.17,6.12,420.22,93.78,58.02,0,NONE
2026-05-22 06:48:58.283160,Induction-Furnace-A,67.19,5.19,406.74,148.92,89.17,0,NONE
2026-05-22 06:50:58.283160,Cooling-Tower-D,62.7,3.84,411.19,120.0,72.64,0,NONE
2026-05-22 06:52:58.283160,Cooling-Tower-D,87.27,4.27,422.23,134.25,83.45,0,NONE
2026-05-22 06:54:58.283160,Heavy-Extruder-B,79.38,3.99,416.22,114.81,70.35,0,NONE
2026-05-22 06:56:58.283160,Stamping-Press-C,79.47,5.73,415.96,119.13,72.95,0,NONE
2026-05-22 06:58:58.283160,Cooling-Tower-D,91.96,3.36,425.66,113.2,70.94,0,NONE
2026-05-22 07:00:58.283160,Cooling-Tower-D,96.73,4.59,416.23,156.99,96.2,0,NONE
2026-05-22 07:02:58.283160,Stamping-Press-C,82.27,4.41,411.46,123.8,74.99,0,NONE
2026-05-22 07:04:58.283160,Cooling-Tower-D,81.59,5.16,413.59,111.98,68.18,0,NONE
2026-05-22 07:06:58.283160,Cooling-Tower-D,90.0,4.42,409.32,95.23,57.38,0,NONE
2026-05-22 07:08:58.283160,Heavy-Extruder-B,71.43,3.09,421.28,149.61,92.79,0,NONE
2026-05-22 07:10:58.283160,Induction-Furnace-A,87.23,4.3,417.87,117.55,72.32,0,NONE
2026-05-22 07:12:58.283160,Induction-Furnace-A,90.52,3.72,420.62,131.16,81.22,0,NONE
2026-05-22 07:14:58.283160,Induction-Furnace-A,91.8,4.56,421.06,132.84,82.35,0,NONE
2026-05-22 07:16:58.283160,Induction-Furnace-A,65.63,5.65,412.93,113.06,68.73,0,NONE
2026-05-22 07:18:58.283160,Cooling-Tower-D,77.39,3.11,410.28,130.09,78.57,0,NONE
2026-05-22 07:20:58.283160,Stamping-Press-C,76.22,3.86,414.74,110.94,67.74,0,NONE
2026-05-22 07:22:58.283160,Stamping-Press-C,86.0,4.06,410.64,105.14,63.56,0,NONE
2026-05-22 07:24:58.283160,Heavy-Extruder-B,89.81,4.19,415.82,137.47,84.15,0,NONE
2026-05-22 07:26:58.283160,Heavy-Extruder-B,99.97,5.09,420.66,117.63,72.85,0,NONE
2026-05-22 07:28:58.283160,Cooling-Tower-D,80.05,4.36,414.16,127.78,77.91,0,NONE
2026-05-22 07:30:58.283160,Stamping-Press-C,80.02,4.83,415.75,126.16,77.22,0,NONE
2026-05-22 07:32:58.283160,Stamping-Press-C,96.5,4.0,414.53,129.57,79.07,0,NONE
2026-05-22 07:34:58.283160,Induction-Furnace-A,87.97,4.68,419.01,96.65,59.62,0,NONE
2026-05-22 07:36:58.283160,Cooling-Tower-D,97.68,5.12,411.66,111.22,67.4,0,NONE
2026-05-22 07:38:58.283160,Cooling-Tower-D,87.89,3.91,404.02,115.13,68.48,0,NONE
2026-05-22 07:40:58.283160,Induction-Furnace-A,73.43,5.13,417.35,107.53,66.07,0,NONE
2026-05-22 07:42:58.283160,Cooling-Tower-D,71.67,4.54,419.94,126.44,78.17,0,NONE
2026-05-22 07:44:58.283160,Cooling-Tower-D,69.48,5.34,417.23,137.8,84.65,0,NONE
2026-05-22 07:46:58.283160,Heavy-Extruder-B,91.62,4.34,411.8,140.18,84.98,0,NONE
2026-05-22 07:48:58.283160,Stamping-Press-C,96.89,4.8,409.32,114.91,69.25,0,NONE
2026-05-22 07:50:58.283160,Cooling-Tower-D,103.49,4.47,417.47,124.38,76.44,0,NONE
2026-05-22 07:52:58.283160,Heavy-Extruder-B,93.43,4.42,415.71,126.68,77.53,0,NONE
2026-05-22 07:54:58.283160,Stamping-Press-C,96.63,4.71,414.37,129.32,78.89,0,NONE
2026-05-22 07:56:58.283160,Induction-Furnace-A,79.2,4.93,424.11,106.83,66.7,0,NONE
2026-05-22 07:58:58.283160,Heavy-Extruder-B,73.44,3.5,410.27,147.31,88.97,0,NONE
2026-05-22 08:00:58.283160,Heavy-Extruder-B,93.5,5.65,423.88,133.9,83.56,0,NONE
2026-05-22 08:02:58.283160,Stamping-Press-C,89.18,3.01,415.16,134.29,82.08,0,NONE
2026-05-22 08:04:58.283160,Induction-Furnace-A,86.07,3.95,405.82,138.05,82.48,0,NONE
2026-05-22 08:06:58.283160,Heavy-Extruder-B,88.87,4.42,414.1,128.01,78.04,0,NONE
2026-05-22 08:08:58.283160,Cooling-Tower-D,88.23,4.83,419.8,104.59,64.64,0,NONE
2026-05-22 08:10:58.283160,Cooling-Tower-D,97.84,5.76,413.17,117.92,71.73,0,NONE
2026-05-22 08:12:58.283160,Cooling-Tower-D,97.95,3.01,407.63,95.23,57.15,0,NONE
2026-05-22 08:14:58.283160,Induction-Furnace-A,90.44,4.09,414.18,126.23,76.97,0,NONE
2026-05-22 08:16:58.283160,Heavy-Extruder-B,93.46,2.8,410.71,117.46,71.02,0,NONE
2026-05-22 08:18:58.283160,Cooling-Tower-D,90.14,4.53,417.46,119.39,73.38,0,NONE
2026-05-22 08:20:58.283160,Induction-Furnace-A,80.39,4.72,418.87,138.06,85.14,0,NONE
2026-05-22 08:22:58.283160,Cooling-Tower-D,92.57,5.77,409.72,113.15,68.25,0,NONE
2026-05-22 08:24:58.283160,Stamping-Press-C,71.06,4.6,411.47,116.22,70.4,0,NONE
2026-05-22 08:26:58.283160,Heavy-Extruder-B,95.54,5.34,418.78,120.33,74.19,0,NONE
2026-05-22 08:28:58.283160,Heavy-Extruder-B,73.05,4.97,410.71,92.4,55.87,0,NONE
2026-05-22 08:30:58.283160,Induction-Furnace-A,87.86,4.15,409.59,116.01,69.95,0,NONE
2026-05-22 08:32:58.283160,Induction-Furnace-A,76.55,3.37,409.11,82.71,49.82,0,NONE
2026-05-22 08:34:58.283160,Heavy-Extruder-B,90.53,4.72,416.76,111.22,68.24,0,NONE
2026-05-22 08:36:58.283160,Cooling-Tower-D,84.66,3.31,416.55,132.83,81.46,0,NONE
2026-05-22 08:38:58.283160,Cooling-Tower-D,69.05,5.54,411.58,126.71,76.78,0,NONE
2026-05-22 08:40:58.283160,Stamping-Press-C,89.21,4.37,415.03,111.08,67.87,0,NONE
2026-05-22 08:42:58.283160,Cooling-Tower-D,79.22,5.46,422.64,120.61,75.05,0,NONE
2026-05-22 08:44:58.283160,Induction-Furnace-A,93.81,4.12,410.13,103.88,62.72,0,NONE
2026-05-22 08:46:58.283160,Induction-Furnace-A,85.01,4.72,405.24,119.96,71.57,0,NONE
2026-05-22 08:48:58.283160,Cooling-Tower-D,88.95,4.67,417.28,163.95,100.72,0,NONE
2026-05-22 08:50:58.283160,Induction-Furnace-A,75.42,4.46,414.45,147.69,90.11,0,NONE
2026-05-22 08:52:58.283160,Heavy-Extruder-B,79.11,4.15,411.45,120.79,73.17,0,NONE
2026-05-22 08:54:58.283160,Heavy-Extruder-B,80.41,4.81,418.26,122.4,75.37,0,NONE
2026-05-22 08:56:58.283160,Cooling-Tower-D,93.57,3.76,419.2,105.31,64.99,0,NONE
2026-05-22 08:58:58.283160,Heavy-Extruder-B,101.77,3.53,403.96,107.97,64.21,0,NONE
2026-05-22 09:00:58.283160,Heavy-Extruder-B,76.95,5.49,411.74,125.43,76.03,0,NONE
2026-05-22 09:02:58.283160,Stamping-Press-C,95.77,5.08,426.59,112.13,70.42,0,NONE
2026-05-22 09:04:58.283160,Stamping-Press-C,63.3,4.55,417.92,133.56,82.18,0,NONE
2026-05-22 09:06:58.283160,Heavy-Extruder-B,73.06,5.83,418.38,143.55,88.42,0,NONE
2026-05-22 09:08:58.283160,Cooling-Tower-D,75.41,4.29,420.86,124.99,77.44,0,NONE
2026-05-22 09:10:58.283160,Stamping-Press-C,71.47,5.56,415.09,121.53,74.26,0,NONE
2026-05-22 09:12:58.283160,Induction-Furnace-A,69.16,4.64,418.98,94.79,58.47,0,NONE
2026-05-22 09:14:58.283160,Induction-Furnace-A,89.13,3.68,418.59,131.21,80.86,0,NONE
2026-05-22 09:16:58.283160,Induction-Furnace-A,82.86,5.98,417.7,102.84,63.24,0,NONE
2026-05-22 09:18:58.283160,Cooling-Tower-D,88.79,5.29,413.39,113.73,69.22,0,NONE
2026-05-22 09:20:58.283160,Heavy-Extruder-B,91.9,4.4,415.86,134.39,82.28,0,NONE
2026-05-22 09:22:58.283160,Induction-Furnace-A,87.66,5.08,412.06,135.45,82.17,0,NONE
2026-05-22 09:24:58.283160,Cooling-Tower-D,91.58,4.18,415.06,113.0,69.05,0,NONE
2026-05-22 09:26:58.283160,Stamping-Press-C,84.3,5.16,409.16,113.87,68.59,0,NONE
2026-05-22 09:28:58.283160,Heavy-Extruder-B,73.13,2.59,411.05,109.51,66.27,0,NONE
2026-05-22 09:30:58.283160,Stamping-Press-C,95.58,3.68,413.59,102.03,62.13,0,NONE
2026-05-22 09:32:58.283160,Cooling-Tower-D,119.11,5.28,410.28,190.48,115.05,1,ERR-TEMP-HIGH
2026-05-22 09:34:58.283160,Induction-Furnace-A,75.64,4.3,412.47,95.8,58.18,0,NONE
2026-05-22 09:36:58.283160,Induction-Furnace-A,83.22,4.67,414.18,130.25,79.42,0,NONE
2026-05-22 09:38:58.283160,Cooling-Tower-D,75.87,3.42,417.01,125.92,77.3,0,NONE
2026-05-22 09:40:58.283160,Induction-Furnace-A,80.83,5.98,419.75,128.41,79.35,0,NONE
2026-05-22 09:42:58.283160,Heavy-Extruder-B,88.44,5.45,412.68,105.68,64.21,0,NONE
2026-05-22 09:44:58.283160,Cooling-Tower-D,88.48,4.34,421.68,102.07,63.37,0,NONE
2026-05-22 09:46:58.283160,Stamping-Press-C,76.02,4.18,419.69,120.8,74.64,0,NONE
2026-05-22 09:48:58.283160,Cooling-Tower-D,80.12,5.32,417.52,120.96,74.35,0,NONE
2026-05-22 09:50:58.283160,Heavy-Extruder-B,95.74,6.09,415.77,117.79,72.1,0,NONE
2026-05-22 09:52:58.283160,Heavy-Extruder-B,89.96,5.26,416.6,115.66,70.93,0,NONE
2026-05-22 09:54:58.283160,Cooling-Tower-D,105.75,6.24,420.94,145.66,90.27,0,NONE
2026-05-22 09:56:58.283160,Cooling-Tower-D,96.8,3.76,421.12,126.39,78.36,0,NONE
2026-05-22 09:58:58.283160,Induction-Furnace-A,96.44,3.84,421.67,149.56,92.85,0,NONE
2026-05-22 10:00:58.283160,Heavy-Extruder-B,71.12,3.55,415.21,139.03,84.99,0,NONE
2026-05-22 10:02:58.283160,Cooling-Tower-D,92.64,4.85,417.77,145.55,89.52,0,NONE
2026-05-22 10:04:58.283160,Cooling-Tower-D,84.47,4.64,421.72,103.88,64.5,0,NONE
2026-05-22 10:06:58.283160,Heavy-Extruder-B,79.49,4.38,411.88,128.9,78.16,0,NONE
2026-05-22 10:08:58.283160,Cooling-Tower-D,86.68,5.15,413.41,113.52,69.09,0,NONE
2026-05-22 10:10:58.283160,Induction-Furnace-A,94.45,5.49,415.08,95.05,58.08,0,NONE
2026-05-22 10:12:58.283160,Heavy-Extruder-B,90.01,3.28,419.5,142.44,87.97,0,NONE
2026-05-22 10:14:58.283160,Induction-Furnace-A,76.22,4.02,419.58,115.59,71.4,0,NONE
2026-05-22 10:16:58.283160,Induction-Furnace-A,92.42,5.16,413.85,104.17,63.47,0,NONE
2026-05-22 10:18:58.283160,Induction-Furnace-A,78.62,4.13,407.46,113.78,68.25,0,NONE
2026-05-22 10:20:58.283160,Induction-Furnace-A,87.17,3.86,416.23,108.06,66.21,0,NONE
2026-05-22 10:22:58.283160,Heavy-Extruder-B,81.97,5.31,410.41,109.59,66.22,0,NONE
2026-05-22 10:24:58.283160,Induction-Furnace-A,82.81,3.47,407.55,116.68,70.01,0,NONE
2026-05-22 10:26:58.283160,Induction-Furnace-A,92.66,4.26,408.68,145.96,87.82,0,NONE
2026-05-22 10:28:58.283160,Cooling-Tower-D,74.6,4.76,416.63,110.01,67.47,0,NONE
2026-05-22 10:30:58.283160,Heavy-Extruder-B,104.45,4.04,421.81,144.89,89.97,0,NONE
2026-05-22 10:32:58.283160,Heavy-Extruder-B,66.79,5.13,415.19,132.73,81.13,0,NONE
2026-05-22 10:34:58.283160,Stamping-Press-C,79.02,4.04,416.06,125.94,77.14,0,NONE
2026-05-22 10:36:58.283160,Heavy-Extruder-B,88.7,5.63,420.91,131.22,81.31,0,NONE
2026-05-22 10:38:58.283160,Heavy-Extruder-B,90.84,4.4,407.28,120.2,72.07,0,NONE
2026-05-22 10:40:58.283160,Stamping-Press-C,84.0,5.04,417.6,139.29,85.63,0,NONE
2026-05-22 10:42:58.283160,Heavy-Extruder-B,84.43,5.1,414.94,128.5,78.5,0,NONE
2026-05-22 10:44:58.283160,Heavy-Extruder-B,89.11,4.0,417.83,95.03,58.46,0,NONE
2026-05-22 10:46:58.283160,Heavy-Extruder-B,82.69,2.86,412.58,124.44,75.59,0,NONE
2026-05-22 10:48:58.283160,Heavy-Extruder-B,98.93,4.79,410.91,131.76,79.71,0,NONE
2026-05-22 10:50:58.283160,Stamping-Press-C,93.39,4.56,415.7,115.66,70.79,0,NONE
2026-05-22 10:52:58.283160,Heavy-Extruder-B,93.73,4.94,423.25,121.89,75.95,0,NONE
2026-05-22 10:54:58.283160,Heavy-Extruder-B,75.34,4.32,419.3,110.81,68.4,0,NONE
2026-05-22 10:56:58.283160,Stamping-Press-C,84.21,4.16,412.46,99.34,60.32,0,NONE
2026-05-22 10:58:58.283160,Cooling-Tower-D,82.0,6.11,408.3,96.74,58.15,0,NONE
2026-05-22 11:00:58.283160,Induction-Furnace-A,74.94,3.32,406.59,96.94,58.03,0,NONE
2026-05-22 11:02:58.283160,Cooling-Tower-D,88.6,5.09,421.58,130.04,80.71,0,NONE
2026-05-22 11:04:58.283160,Stamping-Press-C,79.62,4.04,410.22,82.65,49.91,0,NONE
2026-05-22 11:06:58.283160,Induction-Furnace-A,91.55,4.23,413.37,110.0,66.94,0,NONE
2026-05-22 11:08:58.283160,Stamping-Press-C,74.3,4.25,421.61,108.52,67.35,0,NONE
2026-05-22 11:10:58.283160,Stamping-Press-C,102.19,3.86,406.93,115.77,69.35,0,NONE
2026-05-22 11:12:58.283160,Heavy-Extruder-B,76.04,4.96,422.46,92.15,57.31,0,NONE
2026-05-22 11:14:58.283160,Induction-Furnace-A,87.19,5.61,413.73,126.06,76.78,0,NONE
2026-05-22 11:16:58.283160,Heavy-Extruder-B,92.92,4.88,409.26,100.9,60.79,0,NONE
2026-05-22 11:18:58.283160,Induction-Furnace-A,79.29,4.58,413.76,136.99,83.44,0,NONE
2026-05-22 11:20:58.283160,Stamping-Press-C,93.52,3.71,411.39,110.67,67.03,0,NONE
2026-05-22 11:22:58.283160,Stamping-Press-C,72.71,4.91,417.2,118.57,72.82,0,NONE
2026-05-22 11:24:58.283160,Cooling-Tower-D,99.52,6.23,411.76,120.06,72.78,0,NONE
2026-05-22 11:26:58.283160,Induction-Furnace-A,85.14,4.2,405.44,123.66,73.81,0,NONE
2026-05-22 11:28:58.283160,Heavy-Extruder-B,79.04,4.2,413.9,120.56,73.46,0,NONE
2026-05-22 11:30:58.283160,Cooling-Tower-D,82.01,4.05,408.22,113.59,68.27,0,NONE
2026-05-22 11:32:58.283160,Cooling-Tower-D,93.09,4.11,416.02,125.15,76.65,0,NONE
2026-05-22 11:34:58.283160,Cooling-Tower-D,79.16,2.3,409.06,126.99,76.48,0,NONE
2026-05-22 11:36:58.283160,Heavy-Extruder-B,77.51,4.82,412.56,108.52,65.91,0,NONE
2026-05-22 11:38:58.283160,Cooling-Tower-D,82.78,3.82,415.91,126.4,77.39,0,NONE
2026-05-22 11:40:58.283160,Heavy-Extruder-B,73.23,3.21,413.94,137.88,84.02,0,NONE
2026-05-22 11:42:58.283160,Cooling-Tower-D,103.21,5.1,416.25,130.59,80.03,0,NONE
2026-05-22 11:44:58.283160,Heavy-Extruder-B,79.34,3.63,418.4,133.99,82.53,0,NONE
2026-05-22 11:46:58.283160,Stamping-Press-C,93.32,4.23,409.21,122.58,73.85,0,NONE
2026-05-22 11:48:58.283160,Stamping-Press-C,87.09,5.67,414.68,105.96,64.69,0,NONE
2026-05-22 11:50:58.283160,Stamping-Press-C,75.15,3.37,398.35,107.86,63.25,0,NONE
2026-05-22 11:52:58.283160,Stamping-Press-C,84.94,3.27,416.24,124.8,76.47,0,NONE
2026-05-22 11:54:58.283160,Stamping-Press-C,92.84,4.72,413.5,134.14,81.66,0,NONE
2026-05-22 11:56:58.283160,Cooling-Tower-D,83.12,5.42,410.08,161.79,97.68,0,NONE
2026-05-22 11:58:58.283160,Cooling-Tower-D,96.93,3.24,416.58,134.73,82.63,0,NONE
2026-05-22 12:00:58.283160,Cooling-Tower-D,95.22,4.83,420.86,102.44,63.47,0,NONE
2026-05-22 12:02:58.283160,Heavy-Extruder-B,94.19,4.96,412.62,108.49,65.9,0,NONE
2026-05-22 12:04:58.283160,Heavy-Extruder-B,80.4,2.85,410.28,154.18,93.12,0,NONE
2026-05-22 12:06:58.283160,Heavy-Extruder-B,74.2,5.14,415.83,116.78,71.49,0,NONE
2026-05-22 12:08:58.283160,Heavy-Extruder-B,78.86,5.2,408.32,120.71,72.56,0,NONE
2026-05-22 12:10:58.283160,Stamping-Press-C,86.96,4.25,411.7,105.59,64.0,0,NONE
2026-05-22 12:12:58.283160,Stamping-Press-C,90.46,5.5,421.11,143.48,88.95,0,NONE
2026-05-22 12:14:58.283160,Stamping-Press-C,63.28,5.41,415.31,127.5,77.96,0,NONE
2026-05-22 12:16:58.283160,Induction-Furnace-A,84.92,4.58,405.6,108.38,64.72,0,NONE
2026-05-22 12:18:58.283160,Cooling-Tower-D,86.58,4.14,406.02,105.09,62.82,0,NONE
2026-05-22 12:20:58.283160,Heavy-Extruder-B,82.22,3.72,415.81,124.61,76.28,0,NONE
2026-05-22 12:22:58.283160,Heavy-Extruder-B,97.91,4.47,419.31,120.66,74.49,0,NONE
2026-05-22 12:24:58.283160,Stamping-Press-C,89.22,4.96,406.91,132.48,79.36,0,NONE
2026-05-22 12:26:58.283160,Heavy-Extruder-B,98.1,4.24,417.25,128.2,78.75,0,NONE
2026-05-22 12:28:58.283160,Heavy-Extruder-B,82.84,2.74,421.65,116.03,72.03,0,NONE
2026-05-22 12:30:58.283160,Cooling-Tower-D,94.37,5.51,424.44,111.84,69.89,0,NONE
2026-05-22 12:32:58.283160,Stamping-Press-C,101.35,11.15,416.66,117.6,72.14,1,ERR-VIB-WARN
2026-05-22 12:34:58.283160,Cooling-Tower-D,98.12,4.2,417.53,111.74,68.69,0,NONE
2026-05-22 12:36:58.283160,Induction-Furnace-A,74.08,5.19,404.33,118.05,70.27,0,NONE
2026-05-22 12:38:58.283160,Induction-Furnace-A,82.46,5.72,425.5,120.25,75.32,0,NONE
2026-05-22 12:40:58.283160,Induction-Furnace-A,81.55,2.26,412.12,106.53,64.64,0,NONE
2026-05-22 12:42:58.283160,Stamping-Press-C,89.89,4.85,410.33,129.46,78.21,0,NONE
2026-05-22 12:44:58.283160,Heavy-Extruder-B,91.86,3.36,413.72,114.44,69.71,0,NONE
2026-05-22 12:46:58.283160,Stamping-Press-C,76.61,4.9,422.56,107.37,66.79,0,NONE
2026-05-22 12:48:58.283160,Stamping-Press-C,85.68,4.6,426.04,114.73,71.96,0,NONE
2026-05-22 12:50:58.283160,Heavy-Extruder-B,64.8,5.01,415.63,123.63,75.65,0,NONE
2026-05-22 12:52:58.283160,Cooling-Tower-D,99.42,4.1,419.99,121.25,74.97,0,NONE
2026-05-22 12:54:58.283160,Induction-Furnace-A,79.88,3.0,415.22,126.33,77.22,0,NONE
2026-05-22 12:56:58.283160,Cooling-Tower-D,85.56,4.14,409.81,133.48,80.53,0,NONE
2026-05-22 12:58:58.283160,Induction-Furnace-A,81.9,4.83,422.38,139.57,86.79,0,NONE
2026-05-22 13:00:58.283160,Stamping-Press-C,96.46,5.31,411.89,124.28,75.36,0,NONE
2026-05-22 13:02:58.283160,Induction-Furnace-A,56.62,3.56,422.68,103.96,64.69,0,NONE
2026-05-22 13:04:58.283160,Stamping-Press-C,84.83,5.32,421.49,115.96,71.96,0,NONE
2026-05-22 13:06:58.283160,Cooling-Tower-D,83.94,3.98,418.07,104.94,64.59,0,NONE
2026-05-22 13:08:58.283160,Stamping-Press-C,80.46,4.79,424.14,145.45,90.82,0,NONE
2026-05-22 13:10:58.283160,Cooling-Tower-D,102.26,4.09,426.16,149.81,93.99,0,NONE
2026-05-22 13:12:58.283160,Heavy-Extruder-B,76.13,4.65,414.12,129.75,79.11,0,NONE
2026-05-22 13:14:58.283160,Heavy-Extruder-B,92.72,5.21,410.96,132.88,80.39,0,NONE
2026-05-22 13:16:58.283160,Heavy-Extruder-B,88.56,3.52,405.68,123.76,73.92,0,NONE
2026-05-22 13:18:58.283160,Stamping-Press-C,97.62,3.96,426.22,125.49,78.74,0,NONE
2026-05-22 13:20:58.283160,Heavy-Extruder-B,78.33,4.65,412.8,96.04,58.36,0,NONE
2026-05-22 13:22:58.283160,Induction-Furnace-A,77.67,6.42,420.68,118.89,73.63,0,NONE
2026-05-22 13:24:58.283160,Cooling-Tower-D,95.96,3.81,411.29,106.78,64.66,0,NONE
2026-05-22 13:26:58.283160,Cooling-Tower-D,89.25,6.13,422.69,124.22,77.3,0,NONE
2026-05-22 13:28:58.283160,Induction-Furnace-A,69.55,6.1,411.5,119.11,72.16,0,NONE
2026-05-22 13:30:58.283160,Stamping-Press-C,79.61,4.42,409.04,149.2,89.85,0,NONE
2026-05-22 13:32:58.283160,Stamping-Press-C,88.86,4.26,413.96,133.75,81.51,0,NONE
2026-05-22 13:34:58.283160,Cooling-Tower-D,93.38,3.95,412.34,124.27,75.44,0,NONE
2026-05-22 13:36:58.283160,Heavy-Extruder-B,78.21,4.45,417.98,116.0,71.38,0,NONE
2026-05-22 13:38:58.283160,Stamping-Press-C,55.86,3.37,414.74,145.14,88.62,0,NONE
2026-05-22 13:40:58.283160,Stamping-Press-C,90.23,4.44,418.14,119.55,73.59,0,NONE
2026-05-22 13:42:58.283160,Induction-Furnace-A,72.8,5.7,413.54,124.98,76.09,0,NONE
2026-05-22 13:44:58.283160,Induction-Furnace-A,64.83,4.01,411.67,120.63,73.11,0,NONE
2026-05-22 13:46:58.283160,Heavy-Extruder-B,56.68,4.31,412.08,113.94,69.12,0,NONE
2026-05-22 13:48:58.283160,Stamping-Press-C,93.14,3.14,425.22,120.55,75.46,0,NONE
2026-05-22 13:50:58.283160,Stamping-Press-C,86.29,4.8,416.13,90.57,55.49,0,NONE
2026-05-22 13:52:58.283160,Induction-Furnace-A,82.74,4.71,405.08,96.78,57.72,0,NONE
2026-05-22 13:54:58.283160,Stamping-Press-C,98.89,4.55,412.4,125.24,76.04,0,NONE
2026-05-22 13:56:58.283160,Cooling-Tower-D,91.37,4.33,415.48,143.52,87.79,0,NONE
2026-05-22 13:58:58.283160,Induction-Furnace-A,101.16,4.27,424.23,125.22,78.21,0,NONE
2026-05-22 14:00:58.283160,Heavy-Extruder-B,71.07,4.9,420.14,109.19,67.54,0,NONE
2026-05-22 14:02:58.283160,Induction-Furnace-A,84.65,4.48,410.39,98.36,59.43,0,NONE
2026-05-22 14:04:58.283160,Stamping-Press-C,68.83,4.75,427.09,131.77,82.85,0,NONE
2026-05-22 14:06:58.283160,Heavy-Extruder-B,82.71,4.67,414.84,111.49,68.09,0,NONE
2026-05-22 14:08:58.283160,Induction-Furnace-A,82.51,5.4,421.23,129.65,80.4,0,NONE
2026-05-22 14:10:58.283160,Cooling-Tower-D,91.27,5.04,409.22,125.85,75.82,0,NONE
2026-05-22 14:12:58.283160,Cooling-Tower-D,85.46,4.65,403.01,127.17,75.45,0,NONE
2026-05-22 14:14:58.283160,Induction-Furnace-A,91.23,5.71,407.96,120.5,72.37,0,NONE
2026-05-22 14:16:58.283160,Cooling-Tower-D,92.03,4.84,398.75,125.75,73.82,0,NONE
2026-05-22 14:18:58.283160,Cooling-Tower-D,106.55,5.54,425.56,118.21,74.06,0,NONE
2026-05-22 14:20:58.283160,Cooling-Tower-D,81.85,4.99,416.07,110.47,67.67,0,NONE
2026-05-22 14:22:58.283160,Heavy-Extruder-B,75.59,3.03,410.38,105.55,63.77,0,NONE
2026-05-22 14:24:58.283160,Cooling-Tower-D,87.46,5.54,417.26,84.22,51.74,0,NONE
2026-05-22 14:26:58.283160,Cooling-Tower-D,76.98,4.61,415.95,117.28,71.82,0,NONE
2026-05-22 14:28:58.283160,Cooling-Tower-D,99.82,4.46,418.1,142.79,87.89,0,NONE
2026-05-22 14:30:58.283160,Heavy-Extruder-B,82.17,4.73,421.05,130.95,81.17,0,NONE
2026-05-22 14:32:58.283160,Induction-Furnace-A,119.34,4.22,413.55,203.42,123.85,1,ERR-TEMP-HIGH
2026-05-22 14:34:58.283160,Stamping-Press-C,80.29,4.68,410.6,108.99,65.88,0,NONE
2026-05-22 14:36:58.283160,Cooling-Tower-D,92.18,4.03,419.14,134.96,83.28,0,NONE
2026-05-22 14:38:58.283160,Induction-Furnace-A,83.42,5.52,419.01,118.21,72.92,0,NONE
2026-05-22 14:40:58.283160,Cooling-Tower-D,78.58,4.41,415.5,143.62,87.86,0,NONE
2026-05-22 14:42:58.283160,Heavy-Extruder-B,101.65,4.19,425.89,105.28,66.01,0,NONE
2026-05-22 14:44:58.283160,Induction-Furnace-A,76.44,3.76,412.81,108.75,66.09,0,NONE
2026-05-22 14:46:58.283160,Heavy-Extruder-B,85.36,4.72,410.5,107.29,64.84,0,NONE
2026-05-22 14:48:58.283160,Cooling-Tower-D,91.52,4.65,417.09,97.77,60.03,0,NONE
2026-05-22 14:50:58.283160,Cooling-Tower-D,68.69,4.81,411.63,105.94,64.2,0,NONE
2026-05-22 14:52:58.283160,Heavy-Extruder-B,89.8,3.68,417.48,121.55,74.7,0,NONE
2026-05-22 14:54:58.283160,Stamping-Press-C,74.45,3.22,410.83,109.32,66.12,0,NONE
2026-05-22 14:56:58.283160,Heavy-Extruder-B,93.23,5.0,413.0,62.15,37.79,0,NONE
2026-05-22 14:58:58.283160,Cooling-Tower-D,75.37,5.69,424.45,136.11,85.06,0,NONE
2026-05-22 15:00:58.283160,Heavy-Extruder-B,91.93,3.68,412.97,94.74,57.6,0,NONE
2026-05-22 15:02:58.283160,Stamping-Press-C,96.06,5.77,411.01,128.84,77.96,0,NONE
2026-05-22 15:04:58.283160,Heavy-Extruder-B,93.61,4.73,420.85,120.47,74.64,0,NONE
2026-05-22 15:06:58.283160,Stamping-Press-C,87.51,4.49,409.74,151.76,91.55,0,NONE
2026-05-22 15:08:58.283160,Stamping-Press-C,82.69,4.18,411.54,134.95,81.76,0,NONE
2026-05-22 15:10:58.283160,Heavy-Extruder-B,79.24,3.39,417.88,112.43,69.17,0,NONE
2026-05-22 15:12:58.283160,Heavy-Extruder-B,99.71,5.29,419.69,109.47,67.64,0,NONE
2026-05-22 15:14:58.283160,Induction-Furnace-A,78.01,3.88,421.1,142.54,88.37,0,NONE
2026-05-22 15:16:58.283160,Cooling-Tower-D,74.63,3.88,411.26,97.86,59.25,0,NONE
2026-05-22 15:18:58.283160,Stamping-Press-C,91.65,5.29,417.98,122.86,75.6,0,NONE
2026-05-22 15:20:58.283160,Induction-Furnace-A,77.04,2.99,412.67,118.03,71.71,0,NONE
2026-05-22 15:22:58.283160,Heavy-Extruder-B,75.5,3.28,411.97,114.85,69.66,0,NONE
2026-05-22 15:24:58.283160,Cooling-Tower-D,70.56,4.49,421.02,125.3,77.67,0,NONE
2026-05-22 15:26:58.283160,Induction-Furnace-A,80.17,4.73,412.25,122.84,74.56,0,NONE
2026-05-22 15:28:58.283160,Stamping-Press-C,84.17,4.89,416.39,126.86,77.77,0,NONE
2026-05-22 15:30:58.283160,Induction-Furnace-A,87.43,4.26,415.78,122.08,74.73,0,NONE
2026-05-22 15:32:58.283160,Stamping-Press-C,94.51,6.52,409.65,126.27,76.15,0,NONE
2026-05-22 15:34:58.283160,Heavy-Extruder-B,90.27,4.32,419.83,121.4,75.03,0,NONE
2026-05-22 15:36:58.283160,Cooling-Tower-D,83.09,4.32,417.8,110.11,67.73,0,NONE
2026-05-22 15:38:58.283160,Cooling-Tower-D,83.02,3.86,405.07,120.06,71.6,0,NONE
2026-05-22 15:40:58.283160,Cooling-Tower-D,90.1,4.6,416.39,109.28,66.99,0,NONE
2026-05-22 15:42:58.283160,Heavy-Extruder-B,97.73,4.99,411.14,108.29,65.55,0,NONE
2026-05-22 15:44:58.283160,Stamping-Press-C,86.26,5.46,420.49,114.96,71.16,0,NONE
2026-05-22 15:46:58.283160,Heavy-Extruder-B,80.31,3.31,407.77,118.21,70.96,0,NONE
2026-05-22 15:48:58.283160,Cooling-Tower-D,75.07,4.3,413.22,120.53,73.32,0,NONE
2026-05-22 15:50:58.283160,Heavy-Extruder-B,70.55,4.86,416.81,133.75,82.07,0,NONE
2026-05-22 15:52:58.283160,Heavy-Extruder-B,91.66,4.97,415.27,112.52,68.79,0,NONE
2026-05-22 15:54:58.283160,Heavy-Extruder-B,90.78,4.51,418.81,122.95,75.81,0,NONE
2026-05-22 15:56:58.283160,Stamping-Press-C,90.77,4.93,407.41,121.77,73.04,0,NONE
2026-05-22 15:58:58.283160,Induction-Furnace-A,83.71,3.85,423.26,110.87,69.09,0,NONE
2026-05-22 16:00:58.283160,Induction-Furnace-A,99.07,5.75,417.63,121.11,74.46,0,NONE
2026-05-22 16:02:58.283160,Heavy-Extruder-B,80.16,5.29,421.8,135.04,83.86,0,NONE
2026-05-22 16:04:58.283160,Induction-Furnace-A,94.55,3.42,419.37,122.8,75.82,0,NONE
2026-05-22 16:06:58.283160,Induction-Furnace-A,84.61,3.64,414.94,123.4,75.38,0,NONE
2026-05-22 16:08:58.283160,Heavy-Extruder-B,78.92,3.66,408.58,109.42,65.82,0,NONE
2026-05-22 16:10:58.283160,Heavy-Extruder-B,90.93,5.04,412.18,149.53,90.74,0,NONE
2026-05-22 16:12:58.283160,Cooling-Tower-D,89.1,3.47,422.95,110.27,68.66,0,NONE
2026-05-22 16:14:58.283160,Induction-Furnace-A,88.57,4.24,421.93,94.98,59.0,0,NONE
2026-05-22 16:16:58.283160,Stamping-Press-C,85.81,4.86,411.9,132.9,80.59,0,NONE
2026-05-22 16:18:58.283160,Heavy-Extruder-B,84.62,4.45,400.91,118.28,69.81,0,NONE
2026-05-22 16:20:58.283160,Cooling-Tower-D,108.88,4.71,413.94,115.45,70.36,0,NONE
2026-05-22 16:22:58.283160,Stamping-Press-C,96.84,3.65,413.56,111.82,68.08,0,NONE
2026-05-22 16:24:58.283160,Induction-Furnace-A,92.23,4.98,413.75,148.08,90.2,0,NONE
2026-05-22 16:26:58.283160,Cooling-Tower-D,86.12,4.01,417.64,125.32,77.05,0,NONE
2026-05-22 16:28:58.283160,Heavy-Extruder-B,95.07,4.24,419.38,128.25,79.18,0,NONE
2026-05-22 16:30:58.283160,Stamping-Press-C,90.18,4.69,419.95,122.44,75.7,0,NONE
2026-05-22 16:32:58.283160,Heavy-Extruder-B,85.26,4.58,417.23,124.05,76.2,0,NONE
2026-05-22 16:34:58.283160,Induction-Furnace-A,81.96,4.52,406.0,140.98,84.26,0,NONE
2026-05-22 16:36:58.283160,Stamping-Press-C,84.19,3.9,413.29,116.24,70.72,0,NONE
2026-05-22 16:38:58.283160,Induction-Furnace-A,53.3,4.26,426.52,98.15,61.63,0,NONE
2026-05-22 16:40:58.283160,Induction-Furnace-A,87.11,4.5,416.87,133.02,81.64,0,NONE
2026-05-22 16:42:58.283160,Cooling-Tower-D,80.12,3.4,416.84,127.45,78.21,0,NONE
2026-05-22 16:44:58.283160,Heavy-Extruder-B,100.93,4.13,416.8,121.62,74.63,0,NONE
2026-05-22 16:46:58.283160,Stamping-Press-C,85.19,4.81,417.08,127.06,78.02,0,NONE
2026-05-22 16:48:58.283160,Induction-Furnace-A,73.11,3.48,403.08,114.44,67.91,0,NONE
2026-05-22 16:50:58.283160,Induction-Furnace-A,84.5,5.43,413.8,120.31,73.29,0,NONE
2026-05-22 16:52:58.283160,Stamping-Press-C,74.54,5.52,414.81,118.02,72.08,0,NONE
2026-05-22 16:54:58.283160,Induction-Furnace-A,89.73,3.5,421.41,111.13,68.94,0,NONE
2026-05-22 16:56:58.283160,Cooling-Tower-D,87.91,5.59,415.24,137.84,84.26,0,NONE
2026-05-22 16:58:58.283160,Cooling-Tower-D,94.58,4.39,406.77,98.82,59.18,0,NONE
2026-05-22 17:00:58.283160,Cooling-Tower-D,77.09,4.83,417.15,155.41,95.44,0,NONE
2026-05-22 17:02:58.283160,Cooling-Tower-D,85.34,4.1,410.98,133.16,80.57,0,NONE
2026-05-22 17:04:58.283160,Induction-Furnace-A,71.35,5.24,408.92,93.33,56.19,0,NONE
2026-05-22 17:06:58.283160,Stamping-Press-C,92.01,4.82,410.83,116.64,70.55,0,NONE
2026-05-22 17:08:58.283160,Stamping-Press-C,90.19,3.85,417.71,117.47,72.24,0,NONE
2026-05-22 17:10:58.283160,Stamping-Press-C,89.96,3.57,421.29,125.88,78.07,0,NONE
2026-05-22 17:12:58.283160,Stamping-Press-C,85.02,3.33,417.41,105.16,64.62,0,NONE
2026-05-22 17:14:58.283160,Heavy-Extruder-B,89.15,4.65,418.16,120.48,74.17,0,NONE
2026-05-22 17:16:58.283160,Stamping-Press-C,101.04,4.96,417.37,118.18,72.62,0,NONE
2026-05-22 17:18:58.283160,Heavy-Extruder-B,82.15,5.02,415.51,108.94,66.64,0,NONE
2026-05-22 17:20:58.283160,Heavy-Extruder-B,86.39,4.41,418.48,106.85,65.83,0,NONE
2026-05-22 17:22:58.283160,Cooling-Tower-D,74.14,3.57,402.91,133.78,79.35,0,NONE
2026-05-22 17:24:58.283160,Heavy-Extruder-B,76.32,3.95,415.56,94.55,57.84,0,NONE
2026-05-22 17:26:58.283160,Induction-Furnace-A,85.98,5.42,409.78,127.17,76.72,0,NONE
2026-05-22 17:28:58.283160,Heavy-Extruder-B,96.04,4.11,420.81,131.96,81.75,0,NONE
2026-05-22 17:30:58.283160,Cooling-Tower-D,82.44,4.61,414.26,116.72,71.19,0,NONE
2026-05-22 17:32:58.283160,Heavy-Extruder-B,82.64,3.64,415.15,120.79,73.82,0,NONE
2026-05-22 17:34:58.283160,Induction-Furnace-A,80.93,4.77,407.47,137.45,82.46,0,NONE
2026-05-22 17:36:58.283160,Induction-Furnace-A,79.65,4.13,420.08,109.43,67.68,0,NONE
2026-05-22 17:38:58.283160,Induction-Furnace-A,87.95,5.34,418.14,110.98,68.31,0,NONE
2026-05-22 17:40:58.283160,Cooling-Tower-D,70.03,5.12,417.78,112.57,69.24,0,NONE
2026-05-22 17:42:58.283160,Cooling-Tower-D,97.81,4.1,410.93,137.48,83.17,0,NONE
2026-05-22 17:44:58.283160,Stamping-Press-C,78.35,4.4,411.13,139.38,84.36,0,NONE
2026-05-22 17:46:58.283160,Cooling-Tower-D,92.22,4.06,416.12,99.06,60.69,0,NONE
2026-05-22 17:48:58.283160,Induction-Furnace-A,72.3,3.36,411.53,135.09,81.85,0,NONE
2026-05-22 17:50:58.283160,Induction-Furnace-A,91.69,3.81,417.17,132.28,81.24,0,NONE
2026-05-22 17:52:58.283160,Cooling-Tower-D,91.72,4.66,404.2,143.3,85.27,0,NONE
2026-05-22 17:54:58.283160,Heavy-Extruder-B,88.84,4.76,412.56,125.78,76.39,0,NONE
2026-05-22 17:56:58.283160,Cooling-Tower-D,75.06,4.62,423.98,119.34,74.49,0,NONE
2026-05-22 17:58:58.283160,Cooling-Tower-D,87.5,4.26,417.2,137.18,84.25,0,NONE
2026-05-22 18:00:58.283160,Induction-Furnace-A,73.17,5.25,415.83,130.48,79.88,0,NONE
2026-05-22 18:02:58.283160,Stamping-Press-C,82.47,4.55,424.93,153.67,96.13,0,NONE
2026-05-22 18:04:58.283160,Induction-Furnace-A,95.29,5.06,403.32,134.38,79.79,0,NONE
2026-05-22 18:06:58.283160,Stamping-Press-C,92.97,3.08,410.92,122.3,73.99,0,NONE
2026-05-22 18:08:58.283160,Induction-Furnace-A,85.15,1.36,412.99,102.39,62.25,0,NONE
2026-05-22 18:10:58.283160,Cooling-Tower-D,75.25,4.73,419.29,111.29,68.69,0,NONE
2026-05-22 18:12:58.283160,Induction-Furnace-A,91.46,3.36,419.38,98.46,60.79,0,NONE
2026-05-22 18:14:58.283160,Induction-Furnace-A,85.19,4.33,410.67,116.77,70.6,0,NONE
2026-05-22 18:16:58.283160,Induction-Furnace-A,61.8,4.26,419.99,133.89,82.79,0,NONE
2026-05-22 18:18:58.283160,Cooling-Tower-D,92.83,5.77,412.98,119.94,72.93,0,NONE
2026-05-22 18:20:58.283160,Cooling-Tower-D,84.76,4.82,421.06,135.33,83.89,0,NONE
2026-05-22 18:22:58.283160,Cooling-Tower-D,97.02,4.63,409.84,125.06,75.46,0,NONE
2026-05-22 18:24:58.283160,Cooling-Tower-D,74.05,5.17,414.38,113.95,69.52,0,NONE
2026-05-22 18:26:58.283160,Stamping-Press-C,53.23,4.79,412.55,121.31,73.68,0,NONE
2026-05-22 18:28:58.283160,Stamping-Press-C,87.79,4.13,420.28,127.08,78.63,0,NONE
2026-05-22 18:30:58.283160,Heavy-Extruder-B,87.92,5.36,412.39,122.09,74.12,0,NONE
2026-05-22 18:32:58.283160,Cooling-Tower-D,68.09,3.61,414.79,122.26,74.66,0,NONE
2026-05-22 18:34:58.283160,Stamping-Press-C,75.22,4.76,417.53,108.46,66.67,0,NONE
2026-05-22 18:36:58.283160,Induction-Furnace-A,112.55,3.26,417.73,113.51,69.8,1,ERR-TEMP-HIGH
2026-05-22 18:38:58.283160,Cooling-Tower-D,81.94,4.66,419.43,153.88,95.02,0,NONE
2026-05-22 18:40:58.283160,Heavy-Extruder-B,92.31,4.65,416.06,138.43,84.79,0,NONE
2026-05-22 18:42:58.283160,Heavy-Extruder-B,78.49,5.84,412.91,97.89,59.51,0,NONE
2026-05-22 18:44:58.283160,Heavy-Extruder-B,64.1,3.25,413.25,84.5,51.41,0,NONE
2026-05-22 18:46:58.283160,Induction-Furnace-A,83.3,4.02,415.13,121.14,74.04,0,NONE
2026-05-22 18:48:58.283160,Stamping-Press-C,82.34,5.16,416.25,133.4,81.75,0,NONE
2026-05-22 18:50:58.283160,Induction-Furnace-A,81.0,4.77,414.26,112.2,68.43,0,NONE
2026-05-22 18:52:58.283160,Cooling-Tower-D,83.85,4.64,415.1,135.32,82.7,0,NONE
2026-05-22 18:54:58.283160,Heavy-Extruder-B,87.64,3.74,407.41,120.89,72.51,0,NONE
2026-05-22 18:56:58.283160,Induction-Furnace-A,83.5,4.03,418.34,117.55,72.4,0,NONE
2026-05-22 18:58:58.283160,Induction-Furnace-A,72.36,5.5,415.91,131.34,80.42,0,NONE
2026-05-22 19:00:58.283160,Stamping-Press-C,89.86,4.46,420.01,112.02,69.27,0,NONE
2026-05-22 19:02:58.283160,Stamping-Press-C,65.51,4.8,415.0,115.7,70.69,0,NONE
2026-05-22 19:04:58.283160,Heavy-Extruder-B,64.5,4.41,406.31,130.05,77.79,0,NONE
2026-05-22 19:06:58.283160,Induction-Furnace-A,92.39,3.55,413.21,119.53,72.71,0,NONE
2026-05-22 19:08:58.283160,Induction-Furnace-A,90.07,5.25,414.0,148.63,90.59,0,NONE
2026-05-22 19:10:58.283160,Stamping-Press-C,84.43,4.9,418.71,130.41,80.39,0,NONE
2026-05-22 19:12:58.283160,Induction-Furnace-A,71.05,6.34,404.65,129.43,77.11,0,NONE
2026-05-22 19:14:58.283160,Induction-Furnace-A,77.92,3.69,415.21,119.26,72.9,0,NONE
2026-05-22 19:16:58.283160,Induction-Furnace-A,82.37,5.16,417.57,133.12,81.84,0,NONE
2026-05-22 19:18:58.283160,Stamping-Press-C,69.04,3.45,411.69,115.16,69.8,0,NONE
2026-05-22 19:20:58.283160,Heavy-Extruder-B,77.61,4.63,415.37,124.24,75.97,0,NONE
2026-05-22 19:22:58.283160,Cooling-Tower-D,91.52,5.28,411.86,106.26,64.43,0,NONE
2026-05-22 19:24:58.283160,Heavy-Extruder-B,99.27,2.84,411.35,135.59,82.11,0,NONE
2026-05-22 19:26:58.283160,Cooling-Tower-D,80.81,4.34,412.96,124.36,75.6,0,NONE
2026-05-22 19:28:58.283160,Induction-Furnace-A,92.56,4.05,411.45,149.74,90.7,0,NONE
2026-05-22 19:30:58.283160,Heavy-Extruder-B,65.86,3.94,418.42,155.88,96.02,0,NONE
2026-05-22 19:32:58.283160,Cooling-Tower-D,131.59,4.81,411.33,211.45,128.04,1,ERR-TEMP-HIGH
2026-05-22 19:34:58.283160,Stamping-Press-C,76.96,5.4,410.49,121.03,73.14,0,NONE
2026-05-22 19:36:58.283160,Stamping-Press-C,88.07,4.39,423.84,105.81,66.02,0,NONE
2026-05-22 19:38:58.283160,Heavy-Extruder-B,82.52,4.66,419.8,133.57,82.55,0,NONE
2026-05-22 19:40:58.283160,Heavy-Extruder-B,98.2,4.59,405.69,123.15,73.56,0,NONE
2026-05-22 19:42:58.283160,Induction-Furnace-A,76.26,4.5,411.18,128.07,77.53,0,NONE
2026-05-22 19:44:58.283160,Heavy-Extruder-B,91.28,3.63,416.21,145.95,89.43,0,NONE
2026-05-22 19:46:58.283160,Induction-Furnace-A,82.2,5.39,416.62,107.63,66.02,0,NONE
2026-05-22 19:48:58.283160,Induction-Furnace-A,83.42,4.74,407.55,106.14,63.68,0,NONE
2026-05-22 19:50:58.283160,Stamping-Press-C,83.16,4.82,420.79,116.45,72.14,0,NONE
2026-05-22 19:52:58.283160,Stamping-Press-C,76.54,10.35,419.13,132.32,81.65,1,ERR-VIB-WARN
2026-05-22 19:54:58.283160,Cooling-Tower-D,84.86,4.13,417.41,128.32,78.86,0,NONE
2026-05-22 19:56:58.283160,Stamping-Press-C,84.37,4.36,421.78,106.56,66.17,0,NONE
2026-05-22 19:58:58.283160,Stamping-Press-C,87.41,3.27,417.26,131.35,80.69,0,NONE
2026-05-22 20:00:58.283160,Heavy-Extruder-B,85.85,3.15,417.24,101.98,62.64,0,NONE
2026-05-22 20:02:58.283160,Stamping-Press-C,92.98,4.02,422.79,107.43,66.87,0,NONE
2026-05-22 20:04:58.283160,Cooling-Tower-D,94.24,4.92,420.51,118.27,73.22,0,NONE
2026-05-22 20:06:58.283160,Heavy-Extruder-B,74.49,3.98,410.79,111.7,67.55,0,NONE
2026-05-22 20:08:58.283160,Cooling-Tower-D,93.69,3.68,418.17,133.35,82.09,0,NONE
2026-05-22 20:10:58.283160,Stamping-Press-C,73.14,3.85,411.68,124.3,75.33,0,NONE
2026-05-22 20:12:58.283160,Cooling-Tower-D,90.88,4.14,417.52,146.48,90.04,0,NONE
2026-05-22 20:14:58.283160,Heavy-Extruder-B,91.2,4.22,417.38,116.29,71.46,0,NONE
2026-05-22 20:16:58.283160,Induction-Furnace-A,65.89,6.23,408.08,118.17,70.99,0,NONE
2026-05-22 20:18:58.283160,Cooling-Tower-D,85.93,5.34,414.39,138.16,84.28,0,NONE
2026-05-22 20:20:58.283160,Cooling-Tower-D,80.32,5.32,416.33,118.64,72.71,0,NONE
2026-05-22 20:22:58.283160,Heavy-Extruder-B,77.41,5.43,412.82,142.41,86.55,0,NONE
2026-05-22 20:24:58.283160,Heavy-Extruder-B,98.51,3.7,416.57,128.11,78.57,0,NONE
2026-05-22 20:26:58.283160,Cooling-Tower-D,78.46,3.52,419.03,84.71,52.26,0,NONE
2026-05-22 20:28:58.283160,Stamping-Press-C,76.94,3.61,414.85,137.66,84.08,0,NONE
2026-05-22 20:30:58.283160,Cooling-Tower-D,85.76,5.57,416.12,133.69,81.9,0,NONE
2026-05-22 20:32:58.283160,Heavy-Extruder-B,91.86,4.06,421.92,134.27,83.4,0,NONE
2026-05-22 20:34:58.283160,Induction-Furnace-A,83.58,3.5,417.37,91.34,56.12,0,NONE
2026-05-22 20:36:58.283160,Induction-Furnace-A,96.66,4.16,416.0,110.06,67.4,0,NONE
2026-05-22 20:38:58.283160,Stamping-Press-C,90.31,4.31,410.21,111.17,67.14,0,NONE
2026-05-22 20:40:58.283160,Cooling-Tower-D,63.22,4.71,418.36,107.38,66.14,0,NONE
2026-05-22 20:42:58.283160,Induction-Furnace-A,79.71,4.7,416.65,146.13,89.63,0,NONE
2026-05-22 20:44:58.283160,Cooling-Tower-D,79.38,3.84,421.42,119.82,74.34,0,NONE
2026-05-22 20:46:58.283160,Heavy-Extruder-B,89.79,5.05,415.23,119.45,73.02,0,NONE
2026-05-22 20:48:58.283160,Induction-Furnace-A,58.75,3.99,405.92,128.28,76.66,0,NONE
2026-05-22 20:50:58.283160,Stamping-Press-C,110.49,4.37,406.5,128.54,76.92,1,ERR-TEMP-HIGH
2026-05-22 20:52:58.283160,Heavy-Extruder-B,90.31,5.05,418.68,69.98,43.13,0,NONE
2026-05-22 20:54:58.283160,Stamping-Press-C,86.49,3.99,412.15,110.3,66.93,0,NONE
2026-05-22 20:56:58.283160,Heavy-Extruder-B,96.82,4.04,417.18,98.81,60.69,0,NONE
2026-05-22 20:58:58.283160,Induction-Furnace-A,108.44,4.97,415.57,126.0,77.09,0,NONE
2026-05-22 21:00:58.283160,Stamping-Press-C,93.71,3.81,414.17,115.67,70.53,0,NONE
2026-05-22 21:02:58.283160,Stamping-Press-C,94.49,4.19,414.52,120.23,73.37,0,NONE
2026-05-22 21:04:58.283160,Heavy-Extruder-B,86.31,4.94,410.67,88.82,53.7,0,NONE
2026-05-22 21:06:58.283160,Stamping-Press-C,83.58,6.14,414.92,115.35,70.46,0,NONE
2026-05-22 21:08:58.283160,Heavy-Extruder-B,80.24,4.98,412.08,136.73,82.95,0,NONE
2026-05-22 21:10:58.283160,Heavy-Extruder-B,76.74,4.88,413.14,141.14,85.85,0,NONE
2026-05-22 21:12:58.283160,Heavy-Extruder-B,78.13,4.92,413.38,130.78,79.59,0,NONE
2026-05-22 21:14:58.283160,Heavy-Extruder-B,71.49,3.64,413.87,99.97,60.91,0,NONE
2026-05-22 21:16:58.283160,Induction-Furnace-A,84.24,4.59,419.61,138.89,85.8,0,NONE
2026-05-22 21:18:58.283160,Heavy-Extruder-B,68.15,4.48,414.35,130.86,79.83,0,NONE
2026-05-22 21:20:58.283160,Cooling-Tower-D,86.91,4.76,420.12,118.24,73.13,0,NONE
2026-05-22 21:22:58.283160,Stamping-Press-C,84.64,4.59,422.69,89.62,55.77,0,NONE
2026-05-22 21:24:58.283160,Cooling-Tower-D,86.47,4.8,419.27,134.3,82.9,0,NONE
2026-05-22 21:26:58.283160,Induction-Furnace-A,79.78,4.25,417.67,111.12,68.33,0,NONE
2026-05-22 21:28:58.283160,Cooling-Tower-D,115.77,4.55,416.63,125.19,76.79,1,ERR-TEMP-HIGH
2026-05-22 21:30:58.283160,Stamping-Press-C,98.6,3.52,419.33,121.03,74.71,0,NONE
2026-05-22 21:32:58.283160,Cooling-Tower-D,72.55,4.24,415.45,143.08,87.51,0,NONE
2026-05-22 21:34:58.283160,Induction-Furnace-A,87.33,5.61,419.92,118.12,73.02,0,NONE
2026-05-22 21:36:58.283160,Heavy-Extruder-B,78.92,4.76,418.07,119.77,73.72,0,NONE
2026-05-22 21:38:58.283160,Cooling-Tower-D,74.86,4.48,413.2,143.68,87.4,0,NONE
2026-05-22 21:40:58.283160,Induction-Furnace-A,71.6,6.02,419.48,110.13,68.01,0,NONE
2026-05-22 21:42:58.283160,Induction-Furnace-A,89.32,3.41,415.46,132.21,80.87,0,NONE
2026-05-22 21:44:58.283160,Stamping-Press-C,78.19,3.61,414.47,117.02,71.4,0,NONE
2026-05-22 21:46:58.283160,Stamping-Press-C,94.68,5.87,412.62,104.96,63.76,0,NONE
2026-05-22 21:48:58.283160,Cooling-Tower-D,94.94,4.54,415.83,120.02,73.47,0,NONE
2026-05-22 21:50:58.283160,Heavy-Extruder-B,98.74,4.31,419.98,130.38,80.61,0,NONE
2026-05-22 21:52:58.283160,Induction-Furnace-A,76.48,3.54,419.44,140.31,86.64,0,NONE
2026-05-22 21:54:58.283160,Cooling-Tower-D,89.75,4.86,416.77,142.12,87.2,0,NONE
2026-05-22 21:56:58.283160,Induction-Furnace-A,91.32,4.94,418.0,115.58,71.12,0,NONE
2026-05-22 21:58:58.283160,Induction-Furnace-A,80.26,3.62,421.36,105.19,65.25,0,NONE
2026-05-22 22:00:58.283160,Heavy-Extruder-B,77.28,4.39,414.25,115.22,70.27,0,NONE
2026-05-22 22:02:58.283160,Heavy-Extruder-B,101.1,4.23,409.42,102.28,61.65,0,NONE
2026-05-22 22:04:58.283160,Cooling-Tower-D,87.27,4.7,421.51,116.74,72.44,0,NONE
2026-05-22 22:06:58.283160,Heavy-Extruder-B,91.36,3.6,412.35,114.88,69.74,0,NONE
2026-05-22 22:08:58.283160,Heavy-Extruder-B,76.78,5.5,411.55,130.91,79.32,0,NONE
2026-05-22 22:10:58.283160,Cooling-Tower-D,72.81,5.23,406.02,86.91,51.95,0,NONE
2026-05-22 22:12:58.283160,Heavy-Extruder-B,79.31,4.21,417.86,109.0,67.05,0,NONE
2026-05-22 22:14:58.283160,Stamping-Press-C,83.76,4.33,406.89,109.12,65.36,0,NONE
2026-05-22 22:16:58.283160,Induction-Furnace-A,74.36,4.39,411.25,137.81,83.43,0,NONE
2026-05-22 22:18:58.283160,Induction-Furnace-A,84.9,3.88,417.94,103.29,63.56,0,NONE
2026-05-22 22:20:58.283160,Induction-Furnace-A,68.11,4.15,418.61,123.4,76.05,0,NONE
2026-05-22 22:22:58.283160,Induction-Furnace-A,73.8,4.28,411.74,118.08,71.57,0,NONE
2026-05-22 22:24:58.283160,Cooling-Tower-D,91.71,5.79,414.33,135.65,82.74,0,NONE
2026-05-22 22:26:58.283160,Induction-Furnace-A,91.04,5.26,410.64,128.94,77.95,0,NONE
2026-05-22 22:28:58.283160,Induction-Furnace-A,81.08,5.25,412.26,121.82,73.93,0,NONE
2026-05-22 22:30:58.283160,Induction-Furnace-A,74.82,4.8,416.33,111.68,68.45,0,NONE
2026-05-22 22:32:58.283160,Induction-Furnace-A,74.73,3.61,412.49,92.21,56.0,0,NONE
2026-05-22 22:34:58.283160,Stamping-Press-C,81.27,4.47,413.78,123.71,75.36,0,NONE
2026-05-22 22:36:58.283160,Induction-Furnace-A,91.45,5.28,407.68,127.96,76.8,0,NONE
2026-05-22 22:38:58.283160,Stamping-Press-C,94.28,3.49,420.66,96.38,59.69,0,NONE
2026-05-22 22:40:58.283160,Cooling-Tower-D,80.03,5.01,417.55,101.49,62.39,0,NONE
2026-05-22 22:42:58.283160,Heavy-Extruder-B,73.47,6.36,418.96,123.78,76.35,0,NONE
2026-05-22 22:44:58.283160,Induction-Furnace-A,87.68,5.35,421.45,125.09,77.61,0,NONE
2026-05-22 22:46:58.283160,Heavy-Extruder-B,76.76,5.63,410.87,105.14,63.6,0,NONE
2026-05-22 22:48:58.283160,Heavy-Extruder-B,79.82,4.67,413.21,111.39,67.76,0,NONE
2026-05-22 22:50:58.283160,Cooling-Tower-D,98.25,5.27,405.53,92.45,55.2,0,NONE
2026-05-22 22:52:58.283160,Heavy-Extruder-B,93.27,3.93,430.7,140.66,89.19,0,NONE
2026-05-22 22:54:58.283160,Stamping-Press-C,86.58,5.14,414.25,100.5,61.29,0,NONE
2026-05-22 22:56:58.283160,Heavy-Extruder-B,72.28,5.02,420.19,128.13,79.26,0,NONE
2026-05-22 22:58:58.283160,Heavy-Extruder-B,87.11,4.73,408.81,119.48,71.91,0,NONE
2026-05-22 23:00:58.283160,Heavy-Extruder-B,95.63,5.55,419.98,139.34,86.16,0,NONE
2026-05-22 23:02:58.283160,Induction-Furnace-A,81.24,4.07,424.29,108.12,67.53,0,NONE
2026-05-22 23:04:58.283160,Induction-Furnace-A,98.51,4.35,414.7,120.92,73.82,0,NONE
2026-05-22 23:06:58.283160,Stamping-Press-C,97.93,4.58,409.95,94.52,57.05,0,NONE
2026-05-22 23:08:58.283160,Stamping-Press-C,101.64,3.68,414.31,90.92,55.46,0,NONE
2026-05-22 23:10:58.283160,Induction-Furnace-A,88.05,4.68,403.87,128.95,76.67,0,NONE
2026-05-22 23:12:58.283160,Stamping-Press-C,90.87,3.12,414.81,93.22,56.93,0,NONE
2026-05-22 23:14:58.283160,Induction-Furnace-A,99.14,5.34,419.1,116.58,71.93,0,NONE
2026-05-22 23:16:58.283160,Cooling-Tower-D,89.47,4.54,414.82,135.17,82.55,0,NONE
2026-05-22 23:18:58.283160,Heavy-Extruder-B,79.99,4.08,413.58,131.2,79.88,0,NONE
2026-05-22 23:20:58.283160,Heavy-Extruder-B,80.51,3.83,417.64,110.03,67.65,0,NONE
2026-05-22 23:22:58.283160,Stamping-Press-C,87.39,4.31,418.02,96.17,59.19,0,NONE
2026-05-22 23:24:58.283160,Induction-Furnace-A,72.09,5.05,406.7,127.64,76.43,0,NONE
2026-05-22 23:26:58.283160,Induction-Furnace-A,83.57,4.94,415.44,140.13,85.71,0,NONE
2026-05-22 23:28:58.283160,Stamping-Press-C,95.97,3.94,427.18,110.07,69.22,0,NONE
2026-05-22 23:30:58.283160,Induction-Furnace-A,63.09,3.82,408.32,107.95,64.89,0,NONE
2026-05-22 23:32:58.283160,Cooling-Tower-D,100.34,5.03,414.57,112.13,68.43,0,NONE
2026-05-22 23:34:58.283160,Heavy-Extruder-B,96.22,3.92,424.71,128.57,80.39,0,NONE
2026-05-22 23:36:58.283160,Stamping-Press-C,80.4,4.55,420.52,138.43,85.7,0,NONE
2026-05-22 23:38:58.283160,Stamping-Press-C,90.43,4.6,412.43,101.41,61.57,0,NONE
2026-05-22 23:40:58.283160,Induction-Furnace-A,85.03,4.75,416.03,97.53,59.73,0,NONE
2026-05-22 23:42:58.283160,Stamping-Press-C,97.3,5.19,414.99,155.1,94.76,0,NONE
2026-05-22 23:44:58.283160,Cooling-Tower-D,94.83,3.49,411.26,117.34,71.04,0,NONE
2026-05-22 23:46:58.283160,Induction-Furnace-A,71.0,2.97,414.63,123.79,75.57,0,NONE
2026-05-22 23:48:58.283160,Induction-Furnace-A,90.87,4.05,413.6,109.62,66.75,0,NONE
2026-05-22 23:50:58.283160,Induction-Furnace-A,82.94,5.94,415.56,127.35,77.91,0,NONE
2026-05-22 23:52:58.283160,Induction-Furnace-A,85.83,6.12,411.26,134.4,81.37,0,NONE
2026-05-22 23:54:58.283160,Cooling-Tower-D,77.72,5.96,408.62,124.5,74.89,0,NONE
2026-05-22 23:56:58.283160,Induction-Furnace-A,102.48,4.35,414.79,146.11,89.23,0,NONE
2026-05-22 23:58:58.283160,Stamping-Press-C,95.4,3.07,423.58,115.1,71.77,0,NONE
2026-05-23 00:00:58.283160,Cooling-Tower-D,77.6,2.63,415.41,116.06,70.98,0,NONE
2026-05-23 00:02:58.283160,Heavy-Extruder-B,71.65,4.01,413.34,123.47,75.13,0,NONE
2026-05-23 00:04:58.283160,Heavy-Extruder-B,81.14,4.34,418.77,126.97,78.28,0,NONE
2026-05-23 00:06:58.283160,Stamping-Press-C,89.35,5.54,414.21,123.42,75.26,0,NONE
2026-05-23 00:08:58.283160,Stamping-Press-C,87.4,5.19,424.34,100.73,62.93,0,NONE
2026-05-23 00:10:58.283160,Cooling-Tower-D,97.53,4.68,414.98,124.69,76.18,0,NONE
2026-05-23 00:12:58.283160,Heavy-Extruder-B,92.9,3.79,418.5,114.39,70.48,0,NONE
2026-05-23 00:14:58.283160,Heavy-Extruder-B,94.7,3.73,411.23,111.29,67.37,0,NONE
2026-05-23 00:16:58.283160,Heavy-Extruder-B,88.27,4.7,417.52,120.49,74.06,0,NONE
2026-05-23 00:18:58.283160,Heavy-Extruder-B,71.11,5.06,416.38,105.58,64.72,0,NONE
2026-05-23 00:20:58.283160,Heavy-Extruder-B,83.04,4.81,414.72,102.97,62.87,0,NONE
2026-05-23 00:22:58.283160,Induction-Furnace-A,95.6,3.67,412.49,80.77,49.05,0,NONE
2026-05-23 00:24:58.283160,Stamping-Press-C,84.48,5.02,411.81,146.21,88.64,0,NONE
2026-05-23 00:26:58.283160,Induction-Furnace-A,90.03,4.84,416.41,128.34,78.68,0,NONE
2026-05-23 00:28:58.283160,Heavy-Extruder-B,81.81,3.64,418.14,118.25,72.79,0,NONE
2026-05-23 00:30:58.283160,Cooling-Tower-D,74.7,3.87,414.36,109.99,67.1,0,NONE
2026-05-23 00:32:58.283160,Cooling-Tower-D,123.77,5.05,416.44,156.86,96.17,1,ERR-TEMP-HIGH
2026-05-23 00:34:58.283160,Heavy-Extruder-B,88.09,4.31,414.81,109.07,66.61,0,NONE
2026-05-23 00:36:58.283160,Heavy-Extruder-B,78.44,5.77,415.49,130.74,79.97,0,NONE
2026-05-23 00:38:58.283160,Cooling-Tower-D,82.64,4.9,414.0,134.13,81.75,0,NONE
2026-05-23 00:40:58.283160,Induction-Furnace-A,75.61,4.11,415.09,129.63,79.22,0,NONE
2026-05-23 00:42:58.283160,Induction-Furnace-A,96.19,4.49,428.49,122.38,77.2,0,NONE
2026-05-23 00:44:58.283160,Heavy-Extruder-B,82.06,4.55,416.56,139.56,85.58,0,NONE
2026-05-23 00:46:58.283160,Induction-Furnace-A,99.53,3.92,418.23,115.07,70.85,0,NONE
2026-05-23 00:48:58.283160,Cooling-Tower-D,100.29,3.77,417.19,136.28,83.7,0,NONE
2026-05-23 00:50:58.283160,Induction-Furnace-A,84.19,5.06,413.69,114.23,69.57,0,NONE
2026-05-23 00:52:58.283160,Heavy-Extruder-B,74.92,5.18,421.47,106.78,66.26,0,NONE
2026-05-23 00:54:58.283160,Cooling-Tower-D,64.14,4.98,413.54,104.91,63.87,0,NONE
2026-05-23 00:56:58.283160,Induction-Furnace-A,70.28,5.71,420.28,104.03,64.37,0,NONE
2026-05-23 00:58:58.283160,Stamping-Press-C,71.26,4.07,413.33,129.89,79.04,0,NONE
2026-05-23 01:00:58.283160,Cooling-Tower-D,98.78,5.84,410.2,108.86,65.74,0,NONE
2026-05-23 01:02:58.283160,Cooling-Tower-D,86.16,3.78,416.83,104.5,64.13,0,NONE
2026-05-23 01:04:58.283160,Stamping-Press-C,88.9,3.69,409.48,130.71,78.79,0,NONE
2026-05-23 01:06:58.283160,Stamping-Press-C,62.8,3.09,417.68,124.92,76.81,0,NONE
2026-05-23 01:08:58.283160,Cooling-Tower-D,73.02,4.14,409.03,134.44,80.96,0,NONE
2026-05-23 01:10:58.283160,Stamping-Press-C,93.87,4.1,413.4,127.69,77.71,0,NONE
2026-05-23 01:12:58.283160,Heavy-Extruder-B,87.87,4.92,407.84,108.7,65.27,0,NONE
2026-05-23 01:14:58.283160,Heavy-Extruder-B,83.53,4.7,429.12,121.14,76.53,0,NONE
2026-05-23 01:16:58.283160,Heavy-Extruder-B,90.65,3.55,406.73,121.88,72.98,0,NONE
2026-05-23 01:18:58.283160,Cooling-Tower-D,101.36,4.19,415.05,106.21,64.9,0,NONE
2026-05-23 01:20:58.283160,Stamping-Press-C,82.79,4.2,420.72,103.43,64.06,0,NONE
2026-05-23 01:22:58.283160,Stamping-Press-C,85.69,3.08,420.18,109.79,67.91,0,NONE
2026-05-23 01:24:58.283160,Induction-Furnace-A,86.93,3.72,419.26,150.55,92.92,0,NONE
2026-05-23 01:26:58.283160,Induction-Furnace-A,108.92,3.88,413.41,113.81,69.27,0,NONE
2026-05-23 01:28:58.283160,Stamping-Press-C,64.01,5.65,421.76,138.49,85.99,0,NONE
2026-05-23 01:30:58.283160,Stamping-Press-C,91.83,4.65,419.57,112.97,69.78,0,NONE
2026-05-23 01:32:58.283160,Stamping-Press-C,83.85,5.03,416.06,133.33,81.67,0,NONE
2026-05-23 01:34:58.283160,Cooling-Tower-D,90.67,3.3,416.2,133.54,81.82,0,NONE
2026-05-23 01:36:58.283160,Stamping-Press-C,78.43,5.46,413.48,134.29,81.75,0,NONE
2026-05-23 01:38:58.283160,Induction-Furnace-A,84.51,5.54,410.45,125.82,76.03,0,NONE
2026-05-23 01:40:58.283160,Cooling-Tower-D,92.11,2.9,421.19,140.66,87.22,0,NONE
2026-05-23 01:42:58.283160,Stamping-Press-C,116.13,3.94,421.56,125.68,78.0,1,ERR-TEMP-HIGH
2026-05-23 01:44:58.283160,Induction-Furnace-A,93.08,4.9,410.58,145.7,88.07,0,NONE
2026-05-23 01:46:58.283160,Cooling-Tower-D,76.52,5.02,414.23,95.7,58.36,0,NONE
2026-05-23 01:48:58.283160,Stamping-Press-C,80.76,3.96,414.28,125.22,76.38,0,NONE
2026-05-23 01:50:58.283160,Stamping-Press-C,80.47,4.26,414.84,124.25,75.88,0,NONE
2026-05-23 01:52:58.283160,Stamping-Press-C,67.04,4.02,415.32,105.95,64.78,0,NONE
2026-05-23 01:54:58.283160,Cooling-Tower-D,81.7,4.59,419.73,128.69,79.52,0,NONE
2026-05-23 01:56:58.283160,Induction-Furnace-A,92.33,5.46,411.26,97.65,59.12,0,NONE
2026-05-23 01:58:58.283160,Induction-Furnace-A,72.26,3.88,410.77,110.19,66.63,0,NONE
2026-05-23 02:00:58.283160,Heavy-Extruder-B,95.48,5.3,421.18,90.01,55.81,0,NONE
2026-05-23 02:02:58.283160,Stamping-Press-C,89.88,3.87,412.69,143.38,87.11,0,NONE
2026-05-23 02:04:58.283160,Heavy-Extruder-B,77.66,3.82,408.68,116.53,70.11,0,NONE
2026-05-23 02:06:58.283160,Heavy-Extruder-B,83.58,5.15,412.57,152.5,92.63,0,NONE
2026-05-23 02:08:58.283160,Induction-Furnace-A,100.98,5.24,413.35,132.04,80.35,0,NONE
2026-05-23 02:10:58.283160,Cooling-Tower-D,92.34,5.18,422.77,126.72,78.87,0,NONE
2026-05-23 02:12:58.283160,Cooling-Tower-D,85.09,3.45,419.62,111.21,68.7,0,NONE
2026-05-23 02:14:58.283160,Induction-Furnace-A,82.62,4.13,420.74,104.3,64.61,0,NONE
2026-05-23 02:16:58.283160,Cooling-Tower-D,85.77,5.16,419.1,127.84,78.88,0,NONE
2026-05-23 02:18:58.283160,Heavy-Extruder-B,79.88,4.53,419.73,118.93,73.49,0,NONE
2026-05-23 02:20:58.283160,Stamping-Press-C,63.95,3.64,411.56,99.91,60.54,0,NONE
2026-05-23 02:22:58.283160,Induction-Furnace-A,105.42,4.87,414.01,97.25,59.27,0,NONE
2026-05-23 02:24:58.283160,Stamping-Press-C,86.55,3.93,410.05,105.62,63.76,0,NONE
2026-05-23 02:26:58.283160,Cooling-Tower-D,88.98,5.94,413.95,147.31,89.78,0,NONE
2026-05-23 02:28:58.283160,Stamping-Press-C,84.42,5.74,418.42,153.2,94.37,0,NONE
2026-05-23 02:30:58.283160,Cooling-Tower-D,77.65,4.98,415.67,123.07,75.32,0,NONE
2026-05-23 02:32:58.283160,Cooling-Tower-D,83.14,5.59,421.56,122.23,75.86,0,NONE
2026-05-23 02:34:58.283160,Heavy-Extruder-B,69.01,4.55,409.29,114.96,69.27,0,NONE
2026-05-23 02:36:58.283160,Cooling-Tower-D,107.77,5.11,417.5,105.98,65.14,0,NONE
2026-05-23 02:38:58.283160,Heavy-Extruder-B,72.65,5.68,408.76,140.63,84.63,0,NONE
2026-05-23 02:40:58.283160,Heavy-Extruder-B,74.68,4.7,415.47,148.1,90.59,0,NONE
2026-05-23 02:42:58.283160,Heavy-Extruder-B,80.6,4.3,418.7,106.6,65.71,0,NONE
2026-05-23 02:44:58.283160,Induction-Furnace-A,97.88,3.14,413.93,118.76,72.37,0,NONE
2026-05-23 02:46:58.283160,Induction-Furnace-A,85.15,4.43,417.76,113.25,69.65,0,NONE
2026-05-23 02:48:58.283160,Cooling-Tower-D,72.64,5.16,410.2,113.7,68.66,0,NONE
2026-05-23 02:50:58.283160,Heavy-Extruder-B,97.54,5.26,406.68,137.79,82.5,0,NONE
2026-05-23 02:52:58.283160,Induction-Furnace-A,92.31,4.9,417.79,100.32,61.7,0,NONE
2026-05-23 02:54:58.283160,Heavy-Extruder-B,90.38,4.07,423.72,127.0,79.22,0,NONE
2026-05-23 02:56:58.283160,Stamping-Press-C,92.16,2.92,410.02,130.92,79.03,0,NONE
2026-05-23 02:58:58.283160,Stamping-Press-C,108.94,4.1,421.11,117.87,73.07,0,NONE
2026-05-23 03:00:58.283160,Stamping-Press-C,106.85,4.26,415.22,133.4,81.54,0,NONE
2026-05-23 03:02:58.283160,Cooling-Tower-D,78.13,4.25,408.32,122.21,73.47,0,NONE
2026-05-23 03:04:58.283160,Heavy-Extruder-B,101.24,4.99,409.34,138.26,83.32,0,NONE
2026-05-23 03:06:58.283160,Stamping-Press-C,88.83,6.09,415.08,97.17,59.38,0,NONE
2026-05-23 03:08:58.283160,Induction-Furnace-A,89.99,4.6,412.98,114.77,69.78,0,NONE
2026-05-23 03:10:58.283160,Stamping-Press-C,68.08,4.33,408.44,118.92,71.51,0,NONE
2026-05-23 03:12:58.283160,Stamping-Press-C,83.3,10.79,406.53,79.92,47.83,1,ERR-VIB-WARN
2026-05-23 03:14:58.283160,Stamping-Press-C,76.87,4.6,410.77,103.71,62.72,0,NONE
2026-05-23 03:16:58.283160,Cooling-Tower-D,93.28,3.84,415.97,107.8,66.01,0,NONE
2026-05-23 03:18:58.283160,Induction-Furnace-A,95.71,4.6,414.97,134.22,82.0,0,NONE
2026-05-23 03:20:58.283160,Heavy-Extruder-B,64.26,4.86,412.49,109.4,66.43,0,NONE
2026-05-23 03:22:58.283160,Induction-Furnace-A,84.78,4.67,416.01,107.73,65.98,0,NONE
2026-05-23 03:24:58.283160,Heavy-Extruder-B,96.22,4.87,420.2,132.26,81.82,0,NONE
2026-05-23 03:26:58.283160,Cooling-Tower-D,83.13,4.85,416.97,95.73,58.77,0,NONE
2026-05-23 03:28:58.283160,Cooling-Tower-D,92.29,3.08,414.39,88.93,54.25,0,NONE
2026-05-23 03:30:58.283160,Cooling-Tower-D,88.51,5.01,419.64,114.58,70.78,0,NONE
2026-05-23 03:32:58.283160,Cooling-Tower-D,88.42,3.96,410.2,98.28,59.35,0,NONE
2026-05-23 03:34:58.283160,Heavy-Extruder-B,82.29,3.62,413.88,98.85,60.23,0,NONE
2026-05-23 03:36:58.283160,Stamping-Press-C,72.83,3.62,413.99,128.6,78.38,0,NONE
2026-05-23 03:38:58.283160,Heavy-Extruder-B,73.78,4.85,408.82,133.14,80.13,0,NONE
2026-05-23 03:40:58.283160,Induction-Furnace-A,92.09,4.32,412.9,131.83,80.14,0,NONE
2026-05-23 03:42:58.283160,Cooling-Tower-D,85.19,3.15,404.63,136.63,81.39,0,NONE
2026-05-23 03:44:58.283160,Cooling-Tower-D,83.61,4.88,424.56,138.62,86.64,0,NONE
2026-05-23 03:46:58.283160,Induction-Furnace-A,80.76,3.35,410.31,88.07,53.2,0,NONE
2026-05-23 03:48:58.283160,Heavy-Extruder-B,81.95,4.61,422.93,126.76,78.92,0,NONE
2026-05-23 03:50:58.283160,Stamping-Press-C,95.47,4.69,415.19,112.06,68.49,0,NONE
2026-05-23 03:52:58.283160,Stamping-Press-C,81.65,5.21,417.82,108.79,66.92,0,NONE
2026-05-23 03:54:58.283160,Induction-Furnace-A,71.59,5.93,412.56,128.41,77.99,0,NONE
2026-05-23 03:56:58.283160,Stamping-Press-C,92.44,3.41,416.04,94.05,57.6,0,NONE
2026-05-23 03:58:58.283160,Heavy-Extruder-B,82.95,4.46,418.25,93.73,57.72,0,NONE
2026-05-23 04:00:58.283160,Heavy-Extruder-B,85.31,4.28,418.32,129.5,79.76,0,NONE
2026-05-23 04:02:58.283160,Induction-Furnace-A,101.08,4.85,418.87,127.32,78.51,0,NONE
2026-05-23 04:04:58.283160,Heavy-Extruder-B,84.79,4.67,413.16,122.05,74.24,0,NONE
2026-05-23 04:06:58.283160,Cooling-Tower-D,87.89,4.22,412.6,106.8,64.87,0,NONE
2026-05-23 04:08:58.283160,Induction-Furnace-A,73.21,4.15,407.03,131.16,78.59,0,NONE
2026-05-23 04:10:58.283160,Heavy-Extruder-B,82.8,3.61,417.62,130.2,80.05,0,NONE
2026-05-23 04:12:58.283160,Induction-Furnace-A,91.1,5.29,420.41,121.28,75.06,0,NONE
2026-05-23 04:14:58.283160,Stamping-Press-C,69.45,4.87,423.08,102.34,63.74,0,NONE
2026-05-23 04:16:58.283160,Heavy-Extruder-B,87.01,5.23,416.53,113.62,69.67,0,NONE
2026-05-23 04:18:58.283160,Cooling-Tower-D,86.01,4.25,411.17,132.57,80.25,0,NONE
2026-05-23 04:20:58.283160,Heavy-Extruder-B,85.41,3.97,406.51,139.91,83.73,0,NONE
2026-05-23 04:22:58.283160,Induction-Furnace-A,95.37,3.64,420.21,115.1,71.21,0,NONE
2026-05-23 04:24:58.283160,Induction-Furnace-A,88.34,4.79,406.02,116.25,69.49,0,NONE
2026-05-23 04:26:58.283160,Heavy-Extruder-B,99.78,3.67,413.3,117.57,71.54,0,NONE
2026-05-23 04:28:58.283160,Cooling-Tower-D,75.06,5.98,413.88,124.12,75.63,0,NONE
2026-05-23 04:30:58.283160,Cooling-Tower-D,86.36,3.45,414.65,111.28,67.93,0,NONE
2026-05-23 04:32:58.283160,Cooling-Tower-D,85.84,4.72,415.18,76.59,46.81,0,NONE
2026-05-23 04:34:58.283160,Induction-Furnace-A,74.31,5.75,415.69,137.89,84.39,0,NONE
2026-05-23 04:36:58.283160,Heavy-Extruder-B,94.56,4.98,402.92,146.92,87.15,0,NONE
2026-05-23 04:38:58.283160,Stamping-Press-C,108.25,4.64,415.07,110.81,67.72,0,NONE
2026-05-23 04:40:58.283160,Induction-Furnace-A,84.83,3.73,403.85,104.0,61.83,0,NONE
2026-05-23 04:42:58.283160,Cooling-Tower-D,90.05,3.39,418.66,117.94,72.69,0,NONE
2026-05-23 04:44:58.283160,Heavy-Extruder-B,85.85,5.12,412.22,117.19,71.12,0,NONE
2026-05-23 04:46:58.283160,Cooling-Tower-D,77.86,5.7,404.21,134.93,80.3,0,NONE
2026-05-23 04:48:58.283160,Stamping-Press-C,66.79,4.15,410.93,120.82,73.09,0,NONE
2026-05-23 04:50:58.283160,Cooling-Tower-D,77.94,3.59,412.15,108.11,65.6,0,NONE
2026-05-23 04:52:58.283160,Cooling-Tower-D,71.08,2.53,420.95,100.22,62.11,0,NONE
2026-05-23 04:54:58.283160,Stamping-Press-C,102.04,3.72,415.98,132.98,81.44,0,NONE
2026-05-23 04:56:58.283160,Heavy-Extruder-B,83.85,4.41,416.72,128.99,79.14,0,NONE
2026-05-23 04:58:58.283160,Induction-Furnace-A,81.54,5.78,420.91,135.91,84.22,0,NONE
2026-05-23 05:00:58.283160,Heavy-Extruder-B,93.89,5.04,414.52,105.48,64.37,0,NONE
2026-05-23 05:02:58.283160,Stamping-Press-C,73.78,4.74,418.77,147.58,90.98,0,NONE
2026-05-23 05:04:58.283160,Cooling-Tower-D,77.33,4.18,418.42,93.84,57.81,0,NONE
2026-05-23 05:06:58.283160,Heavy-Extruder-B,85.68,4.03,408.57,130.64,78.58,0,NONE
2026-05-23 05:08:58.283160,Induction-Furnace-A,95.29,5.62,422.36,91.36,56.81,0,NONE
2026-05-23 05:10:58.283160,Stamping-Press-C,90.02,4.66,407.9,108.15,64.94,0,NONE
2026-05-23 05:12:58.283160,Heavy-Extruder-B,87.48,2.82,419.59,143.42,88.59,0,NONE
2026-05-23 05:14:58.283160,Induction-Furnace-A,85.78,3.96,407.41,132.47,79.46,0,NONE
2026-05-23 05:16:58.283160,Stamping-Press-C,89.0,3.81,418.01,111.81,68.8,0,NONE
2026-05-23 05:18:58.283160,Induction-Furnace-A,87.02,4.06,424.31,112.22,70.1,0,NONE
2026-05-23 05:20:58.283160,Stamping-Press-C,74.7,4.95,413.94,121.51,74.05,0,NONE
2026-05-23 05:22:58.283160,Cooling-Tower-D,85.46,4.41,413.72,127.71,77.79,0,NONE
2026-05-23 05:24:58.283160,Heavy-Extruder-B,74.26,4.44,418.05,138.77,85.41,0,NONE
2026-05-23 05:26:58.283160,Induction-Furnace-A,85.81,5.55,413.35,113.16,68.86,0,NONE
2026-05-23 05:28:58.283160,Stamping-Press-C,80.19,3.94,424.09,95.82,59.83,0,NONE
2026-05-23 05:30:58.283160,Induction-Furnace-A,110.39,5.99,415.96,122.35,74.93,1,ERR-TEMP-HIGH
2026-05-23 05:32:58.283160,Induction-Furnace-A,124.6,3.96,413.4,193.14,117.55,1,ERR-TEMP-HIGH
2026-05-23 05:34:58.283160,Heavy-Extruder-B,70.96,4.57,412.3,100.49,61.0,0,NONE
2026-05-23 05:36:58.283160,Cooling-Tower-D,83.66,4.28,410.34,124.47,75.19,0,NONE
2026-05-23 05:38:58.283160,Induction-Furnace-A,90.19,4.6,411.86,116.8,70.82,0,NONE
2026-05-23 05:40:58.283160,Stamping-Press-C,101.73,4.86,413.25,124.6,75.8,0,NONE
2026-05-23 05:42:58.283160,Stamping-Press-C,79.11,4.85,412.56,106.58,64.74,0,NONE
2026-05-23 05:44:58.283160,Cooling-Tower-D,69.18,3.9,411.71,127.3,77.16,0,NONE
2026-05-23 05:46:58.283160,Stamping-Press-C,93.17,3.6,425.49,100.24,62.79,0,NONE
2026-05-23 05:48:58.283160,Cooling-Tower-D,71.19,6.5,409.85,107.58,64.91,0,NONE
2026-05-23 05:50:58.283160,Stamping-Press-C,80.64,4.11,415.73,116.36,71.21,0,NONE
2026-05-23 05:52:58.283160,Heavy-Extruder-B,82.42,5.06,417.96,146.13,89.92,0,NONE
2026-05-23 05:54:58.283160,Induction-Furnace-A,84.3,3.21,418.15,131.77,81.12,0,NONE
2026-05-23 05:56:58.283160,Heavy-Extruder-B,91.89,4.28,414.71,136.16,83.13,0,NONE
2026-05-23 05:58:58.283160,Induction-Furnace-A,78.16,4.4,413.8,141.26,86.05,0,NONE
2026-05-23 06:00:58.283160,Induction-Furnace-A,82.26,4.88,417.26,174.04,106.91,0,NONE
2026-05-23 06:02:58.283160,Induction-Furnace-A,84.86,2.32,416.33,120.62,73.93,0,NONE
2026-05-23 06:04:58.283160,Heavy-Extruder-B,86.5,4.63,413.71,141.31,86.06,0,NONE
2026-05-23 06:06:58.283160,Induction-Furnace-A,85.98,3.58,407.19,135.19,81.04,0,NONE
2026-05-23 06:08:58.283160,Heavy-Extruder-B,89.36,4.76,412.66,134.94,81.98,0,NONE
2026-05-23 06:10:58.283160,Cooling-Tower-D,93.44,3.67,409.27,146.61,88.34,0,NONE
2026-05-23 06:12:58.283160,Stamping-Press-C,88.93,3.82,411.66,113.71,68.91,0,NONE
2026-05-23 06:14:58.283160,Stamping-Press-C,89.54,4.28,415.17,112.52,68.77,0,NONE
2026-05-23 06:16:58.283160,Induction-Furnace-A,69.18,3.66,416.79,124.8,76.58,0,NONE
2026-05-23 06:18:58.283160,Heavy-Extruder-B,85.5,4.12,423.9,117.26,73.18,0,NONE
2026-05-23 06:20:58.283160,Stamping-Press-C,89.8,3.55,412.31,124.78,75.74,0,NONE
2026-05-23 06:22:58.283160,Heavy-Extruder-B,92.29,3.03,418.87,143.44,88.46,0,NONE
2026-05-23 06:24:58.283160,Heavy-Extruder-B,78.08,5.31,416.53,112.83,69.19,0,NONE
2026-05-23 06:26:58.283160,Induction-Furnace-A,78.41,3.46,421.48,115.43,71.62,0,NONE
2026-05-23 06:28:58.283160,Stamping-Press-C,79.26,4.36,417.88,122.61,75.43,0,NONE
2026-05-23 06:30:58.283160,Induction-Furnace-A,90.36,5.1,409.96,116.58,70.36,0,NONE
2026-05-23 06:32:58.283160,Induction-Furnace-A,95.34,4.01,406.38,91.29,54.62,0,NONE
2026-05-23 06:34:58.283160,Stamping-Press-C,80.93,3.84,416.56,111.3,68.25,0,NONE
2026-05-23 06:36:58.283160,Stamping-Press-C,94.08,4.68,412.36,130.31,79.11,0,NONE
2026-05-23 06:38:58.283160,Cooling-Tower-D,86.23,5.39,410.1,141.56,85.47,0,NONE
2026-05-23 06:40:58.283160,Cooling-Tower-D,83.76,3.56,408.66,102.68,61.78,0,NONE
2026-05-23 06:42:58.283160,Heavy-Extruder-B,82.89,4.38,415.8,102.61,62.81,0,NONE
2026-05-23 06:44:58.283160,Stamping-Press-C,92.47,3.11,422.54,120.45,74.93,0,NONE
2026-05-23 06:46:58.283160,Cooling-Tower-D,88.26,4.19,412.96,88.87,54.03,0,NONE
2026-05-23 06:48:58.283160,Heavy-Extruder-B,107.76,4.53,417.95,113.33,69.73,0,NONE
2026-05-23 06:50:58.283160,Heavy-Extruder-B,76.48,3.82,414.49,93.96,57.33,0,NONE
2026-05-23 06:52:58.283160,Heavy-Extruder-B,90.18,4.13,408.55,140.54,84.53,0,NONE
2026-05-23 06:54:58.283160,Cooling-Tower-D,79.71,3.37,418.67,108.46,66.85,0,NONE
2026-05-23 06:56:58.283160,Stamping-Press-C,76.31,4.56,409.53,144.79,87.3,0,NONE
2026-05-23 06:58:58.283160,Induction-Furnace-A,84.89,5.34,415.11,136.7,83.54,0,NONE
2026-05-23 07:00:58.283160,Heavy-Extruder-B,86.37,3.62,413.29,110.31,67.12,0,NONE
2026-05-23 07:02:58.283160,Cooling-Tower-D,114.18,4.0,419.47,103.92,64.17,1,ERR-TEMP-HIGH
2026-05-23 07:04:58.283160,Cooling-Tower-D,83.16,4.9,409.71,117.1,70.63,0,NONE
2026-05-23 07:06:58.283160,Induction-Furnace-A,73.7,5.47,416.95,118.43,72.7,0,NONE
2026-05-23 07:08:58.283160,Induction-Furnace-A,87.73,3.31,410.8,125.19,75.71,0,NONE
2026-05-23 07:10:58.283160,Cooling-Tower-D,64.25,4.36,412.44,108.35,65.79,0,NONE
2026-05-23 07:12:58.283160,Stamping-Press-C,84.08,4.73,396.82,131.2,76.65,0,NONE
2026-05-23 07:14:58.283160,Induction-Furnace-A,85.16,4.42,425.46,123.98,77.66,0,NONE
2026-05-23 07:16:58.283160,Cooling-Tower-D,92.95,2.52,417.75,114.89,70.66,0,NONE
2026-05-23 07:18:58.283160,Induction-Furnace-A,94.74,4.9,411.16,109.32,66.17,0,NONE
2026-05-23 07:20:58.283160,Stamping-Press-C,79.96,5.72,409.38,117.23,70.65,0,NONE
2026-05-23 07:22:58.283160,Heavy-Extruder-B,83.49,4.59,412.52,107.75,65.44,0,NONE
2026-05-23 07:24:58.283160,Induction-Furnace-A,77.34,3.68,418.58,120.88,74.49,0,NONE
2026-05-23 07:26:58.283160,Stamping-Press-C,73.72,4.09,405.54,121.28,72.41,0,NONE
2026-05-23 07:28:58.283160,Cooling-Tower-D,88.1,5.92,414.29,123.93,75.58,0,NONE
2026-05-23 07:30:58.283160,Induction-Furnace-A,72.26,5.23,423.85,146.49,91.41,0,NONE
2026-05-23 07:32:58.283160,Induction-Furnace-A,80.85,5.01,409.33,118.01,71.12,0,NONE
2026-05-23 07:34:58.283160,Cooling-Tower-D,75.05,4.79,415.4,135.07,82.6,0,NONE
2026-05-23 07:36:58.283160,Heavy-Extruder-B,90.5,3.97,426.02,123.44,77.42,0,NONE
2026-05-23 07:38:58.283160,Cooling-Tower-D,103.01,4.34,418.16,116.43,71.67,0,NONE
2026-05-23 07:40:58.283160,Induction-Furnace-A,71.98,4.44,415.63,118.21,72.33,0,NONE
2026-05-23 07:42:58.283160,Cooling-Tower-D,66.47,4.94,417.53,119.12,73.22,0,NONE
2026-05-23 07:44:58.283160,Stamping-Press-C,83.75,5.71,413.0,124.2,75.51,0,NONE
2026-05-23 07:46:58.283160,Cooling-Tower-D,85.16,5.39,421.5,105.61,65.53,0,NONE
2026-05-23 07:48:58.283160,Induction-Furnace-A,87.19,3.36,413.0,98.02,59.6,0,NONE
2026-05-23 07:50:58.283160,Cooling-Tower-D,80.54,4.68,405.2,129.81,77.44,0,NONE
2026-05-23 07:52:58.283160,Heavy-Extruder-B,82.99,5.09,413.04,133.47,81.16,0,NONE
2026-05-23 07:54:58.283160,Cooling-Tower-D,88.68,5.0,410.17,131.18,79.22,0,NONE
2026-05-23 07:56:58.283160,Heavy-Extruder-B,95.4,4.0,413.59,122.32,74.48,0,NONE
2026-05-23 07:58:58.283160,Stamping-Press-C,65.45,6.83,413.7,131.51,80.1,0,NONE
2026-05-23 08:00:58.283160,Heavy-Extruder-B,81.31,3.48,420.99,130.7,81.01,0,NONE
2026-05-23 08:02:58.283160,Cooling-Tower-D,87.14,3.63,418.48,131.81,81.21,0,NONE
2026-05-23 08:04:58.283160,Induction-Furnace-A,75.82,4.69,416.32,107.11,65.65,0,NONE
2026-05-23 08:06:58.283160,Heavy-Extruder-B,102.31,6.19,414.99,103.55,63.26,0,NONE
2026-05-23 08:08:58.283160,Stamping-Press-C,78.65,3.83,409.71,114.17,68.86,0,NONE
2026-05-23 08:10:58.283160,Heavy-Extruder-B,84.59,4.29,404.09,119.74,71.23,0,NONE
2026-05-23 08:12:58.283160,Heavy-Extruder-B,90.56,5.36,415.57,116.37,71.2,0,NONE
2026-05-23 08:14:58.283160,Heavy-Extruder-B,79.09,4.49,418.97,91.85,56.65,0,NONE
2026-05-23 08:16:58.283160,Stamping-Press-C,66.53,4.23,414.46,145.83,88.98,0,NONE
2026-05-23 08:18:58.283160,Cooling-Tower-D,80.71,4.95,412.33,115.89,70.35,0,NONE
2026-05-23 08:20:58.283160,Heavy-Extruder-B,95.29,4.72,417.32,122.59,75.32,0,NONE
2026-05-23 08:22:58.283160,Heavy-Extruder-B,81.63,5.32,414.58,138.67,84.64,0,NONE
2026-05-23 08:24:58.283160,Induction-Furnace-A,76.54,5.53,423.43,84.83,52.88,0,NONE
2026-05-23 08:26:58.283160,Stamping-Press-C,94.26,4.75,421.16,112.32,69.65,0,NONE
2026-05-23 08:28:58.283160,Heavy-Extruder-B,81.69,4.73,419.8,114.19,70.57,0,NONE
2026-05-23 08:30:58.283160,Stamping-Press-C,79.9,4.67,418.79,114.96,70.87,0,NONE
2026-05-23 08:32:58.283160,Heavy-Extruder-B,86.49,4.89,408.55,117.4,70.61,0,NONE
2026-05-23 08:34:58.283160,Cooling-Tower-D,92.71,4.54,418.31,141.71,87.27,0,NONE
2026-05-23 08:36:58.283160,Cooling-Tower-D,108.82,4.5,416.88,130.1,79.85,0,NONE
2026-05-23 08:38:58.283160,Heavy-Extruder-B,93.27,5.46,418.03,134.37,82.7,0,NONE
2026-05-23 08:40:58.283160,Cooling-Tower-D,96.6,5.71,417.46,120.71,74.19,0,NONE
2026-05-23 08:42:58.283160,Heavy-Extruder-B,79.94,3.29,417.26,99.01,60.82,0,NONE
2026-05-23 08:44:58.283160,Cooling-Tower-D,74.74,4.51,428.5,88.8,56.02,0,NONE
2026-05-23 08:46:58.283160,Induction-Furnace-A,85.62,3.95,414.62,97.06,59.24,0,NONE
2026-05-23 08:48:58.283160,Induction-Furnace-A,86.07,4.25,419.68,125.4,77.48,0,NONE
2026-05-23 08:50:58.283160,Induction-Furnace-A,74.21,4.82,412.65,120.48,73.19,0,NONE
2026-05-23 08:52:58.283160,Stamping-Press-C,83.25,5.04,418.95,116.85,72.07,0,NONE
2026-05-23 08:54:58.283160,Stamping-Press-C,88.99,4.41,419.7,114.47,70.73,0,NONE
2026-05-23 08:56:58.283160,Induction-Furnace-A,88.6,2.97,416.82,150.18,92.15,0,NONE
2026-05-23 08:58:58.283160,Stamping-Press-C,90.04,3.73,423.35,107.66,67.1,0,NONE
2026-05-23 09:00:58.283160,Cooling-Tower-D,87.91,5.22,410.58,133.92,80.95,0,NONE
2026-05-23 09:02:58.283160,Heavy-Extruder-B,79.93,2.31,412.56,120.03,72.9,0,NONE
2026-05-23 09:04:58.283160,Heavy-Extruder-B,79.86,5.45,416.06,119.09,72.94,0,NONE
2026-05-23 09:06:58.283160,Heavy-Extruder-B,73.01,4.92,419.4,137.65,84.99,0,NONE
2026-05-23 09:08:58.283160,Induction-Furnace-A,102.85,5.55,415.9,141.94,86.91,0,NONE
2026-05-23 09:10:58.283160,Stamping-Press-C,85.13,4.34,421.43,116.41,72.22,0,NONE
2026-05-23 09:12:58.283160,Cooling-Tower-D,82.75,2.85,411.69,131.99,80.0,0,NONE
2026-05-23 09:14:58.283160,Cooling-Tower-D,75.71,4.84,409.3,125.46,75.6,0,NONE
2026-05-23 09:16:58.283160,Induction-Furnace-A,114.36,5.52,416.54,120.11,73.66,1,ERR-TEMP-HIGH
2026-05-23 09:18:58.283160,Cooling-Tower-D,74.27,5.24,414.61,123.06,75.12,0,NONE
2026-05-23 09:20:58.283160,Cooling-Tower-D,80.71,3.97,417.71,109.68,67.45,0,NONE
2026-05-23 09:22:58.283160,Cooling-Tower-D,89.16,4.57,414.86,115.41,70.49,0,NONE
2026-05-23 09:24:58.283160,Cooling-Tower-D,91.0,4.07,413.3,111.29,67.72,0,NONE
2026-05-23 09:26:58.283160,Stamping-Press-C,94.58,3.84,414.63,133.52,81.5,0,NONE
2026-05-23 09:28:58.283160,Cooling-Tower-D,103.08,5.26,415.14,118.57,72.47,0,NONE
2026-05-23 09:30:58.283160,Heavy-Extruder-B,90.06,3.54,413.48,100.53,61.2,0,NONE
2026-05-23 09:32:58.283160,Induction-Furnace-A,74.44,3.78,413.98,109.15,66.52,0,NONE
2026-05-23 09:34:58.283160,Stamping-Press-C,82.43,3.62,412.98,72.01,43.78,0,NONE
2026-05-23 09:36:58.283160,Cooling-Tower-D,88.08,3.31,419.28,112.58,69.49,0,NONE
2026-05-23 09:38:58.283160,Stamping-Press-C,105.68,4.62,415.97,120.56,73.83,0,NONE
2026-05-23 09:40:58.283160,Cooling-Tower-D,71.02,5.43,426.28,117.96,74.03,0,NONE
2026-05-23 09:42:58.283160,Heavy-Extruder-B,97.03,4.35,415.8,149.7,91.64,0,NONE
2026-05-23 09:44:58.283160,Induction-Furnace-A,86.8,3.3,412.25,128.62,78.06,0,NONE
2026-05-23 09:46:58.283160,Cooling-Tower-D,93.38,5.17,428.35,127.96,80.69,0,NONE
2026-05-23 09:48:58.283160,Cooling-Tower-D,83.98,5.85,417.07,95.35,58.55,0,NONE
2026-05-23 09:50:58.283160,Cooling-Tower-D,76.58,3.98,419.95,114.53,70.81,0,NONE
2026-05-23 09:52:58.283160,Cooling-Tower-D,92.51,4.12,417.96,112.7,69.35,0,NONE
2026-05-23 09:54:58.283160,Induction-Furnace-A,91.54,4.91,418.12,108.21,66.61,0,NONE
2026-05-23 09:56:58.283160,Induction-Furnace-A,94.72,5.8,417.68,108.0,66.41,0,NONE
2026-05-23 09:58:58.283160,Heavy-Extruder-B,84.87,4.08,409.49,92.88,55.99,0,NONE
2026-05-23 10:00:58.283160,Induction-Furnace-A,79.0,3.43,416.84,100.86,61.9,0,NONE
2026-05-23 10:02:58.283160,Cooling-Tower-D,69.41,5.01,408.38,133.11,80.03,0,NONE
2026-05-23 10:04:58.283160,Heavy-Extruder-B,93.19,5.14,414.13,117.86,71.85,0,NONE
2026-05-23 10:06:58.283160,Heavy-Extruder-B,89.24,4.5,411.37,112.4,68.07,0,NONE
2026-05-23 10:08:58.283160,Heavy-Extruder-B,75.34,4.05,416.79,119.92,73.58,0,NONE
2026-05-23 10:10:58.283160,Cooling-Tower-D,79.61,5.3,416.67,137.51,84.35,0,NONE
2026-05-23 10:12:58.283160,Stamping-Press-C,80.33,4.92,417.41,120.06,73.78,0,NONE
2026-05-23 10:14:58.283160,Cooling-Tower-D,70.17,3.89,416.44,128.11,78.54,0,NONE
2026-05-23 10:16:58.283160,Induction-Furnace-A,76.82,4.54,411.97,107.3,65.08,0,NONE
2026-05-23 10:18:58.283160,Induction-Furnace-A,73.66,3.42,413.69,110.72,67.43,0,NONE
2026-05-23 10:20:58.283160,Cooling-Tower-D,80.88,5.05,419.6,125.31,77.41,0,NONE
2026-05-23 10:22:58.283160,Cooling-Tower-D,77.61,4.29,420.34,148.39,91.83,0,NONE
2026-05-23 10:24:58.283160,Heavy-Extruder-B,68.73,4.15,409.27,141.45,85.22,0,NONE
2026-05-23 10:26:58.283160,Cooling-Tower-D,105.23,4.47,407.35,128.74,77.21,0,NONE
2026-05-23 10:28:58.283160,Heavy-Extruder-B,97.53,4.53,411.37,122.27,74.05,0,NONE
2026-05-23 10:30:58.283160,Induction-Furnace-A,77.21,5.22,420.23,141.02,87.24,0,NONE
2026-05-23 10:32:58.283160,Heavy-Extruder-B,127.72,11.47,421.07,211.92,131.37,1,ERR-TEMP-HIGH
2026-05-23 10:34:58.283160,Cooling-Tower-D,89.17,4.37,410.38,85.6,51.71,0,NONE
2026-05-23 10:36:58.283160,Induction-Furnace-A,96.91,5.11,416.54,104.19,63.89,0,NONE
2026-05-23 10:38:58.283160,Stamping-Press-C,76.81,4.82,424.17,125.07,78.1,0,NONE
2026-05-23 10:40:58.283160,Heavy-Extruder-B,95.92,4.16,417.08,93.2,57.22,0,NONE
2026-05-23 10:42:58.283160,Induction-Furnace-A,79.52,4.4,422.11,106.54,66.2,0,NONE
2026-05-23 10:44:58.283160,Heavy-Extruder-B,71.64,4.38,419.99,109.5,67.71,0,NONE
2026-05-23 10:46:58.283160,Induction-Furnace-A,92.24,4.9,410.45,116.16,70.19,0,NONE
2026-05-23 10:48:58.283160,Induction-Furnace-A,97.91,4.21,414.05,115.69,70.52,0,NONE
2026-05-23 10:50:58.283160,Heavy-Extruder-B,110.88,4.19,415.17,115.66,70.7,1,ERR-TEMP-HIGH
2026-05-23 10:52:58.283160,Stamping-Press-C,73.0,6.08,415.52,132.38,80.98,0,NONE
2026-05-23 10:54:58.283160,Induction-Furnace-A,91.99,5.25,419.58,116.02,71.67,0,NONE
2026-05-23 10:56:58.283160,Induction-Furnace-A,80.9,3.89,417.04,114.23,70.13,0,NONE
2026-05-23 10:58:58.283160,Induction-Furnace-A,92.83,4.96,400.32,99.76,58.79,0,NONE
2026-05-23 11:00:58.283160,Stamping-Press-C,70.3,4.59,408.44,135.37,81.39,0,NONE
2026-05-23 11:02:58.283160,Stamping-Press-C,72.37,4.81,404.06,109.93,65.39,0,NONE
2026-05-23 11:04:58.283160,Cooling-Tower-D,77.24,4.61,415.88,103.69,63.49,0,NONE
2026-05-23 11:06:58.283160,Heavy-Extruder-B,85.79,5.45,416.2,123.2,75.49,0,NONE
2026-05-23 11:08:58.283160,Stamping-Press-C,78.59,4.78,416.42,108.5,66.51,0,NONE
2026-05-23 11:10:58.283160,Heavy-Extruder-B,91.59,4.45,410.21,112.11,67.7,0,NONE
2026-05-23 11:12:58.283160,Cooling-Tower-D,95.27,5.33,418.37,123.88,76.3,0,NONE
2026-05-23 11:14:58.283160,Heavy-Extruder-B,91.0,4.69,418.58,115.1,70.93,0,NONE
2026-05-23 11:16:58.283160,Stamping-Press-C,101.19,4.6,408.72,154.67,93.07,0,NONE
2026-05-23 11:18:58.283160,Heavy-Extruder-B,89.16,4.75,407.67,118.88,71.35,0,NONE
2026-05-23 11:20:58.283160,Stamping-Press-C,72.83,4.43,415.0,129.27,78.98,0,NONE
2026-05-23 11:22:58.283160,Heavy-Extruder-B,98.63,4.51,423.96,90.87,56.72,0,NONE
2026-05-23 11:24:58.283160,Stamping-Press-C,78.95,4.03,423.5,107.09,66.77,0,NONE
2026-05-23 11:26:58.283160,Stamping-Press-C,94.1,3.9,417.82,103.7,63.78,0,NONE
2026-05-23 11:28:58.283160,Heavy-Extruder-B,100.74,3.7,411.35,105.68,64.0,0,NONE
2026-05-23 11:30:58.283160,Cooling-Tower-D,89.57,3.39,419.43,126.23,77.95,0,NONE
2026-05-23 11:32:58.283160,Induction-Furnace-A,70.04,3.8,412.74,135.53,82.35,0,NONE
2026-05-23 11:34:58.283160,Cooling-Tower-D,75.82,4.36,411.16,125.17,75.77,0,NONE
2026-05-23 11:36:58.283160,Heavy-Extruder-B,98.23,4.58,404.28,116.6,69.4,0,NONE
2026-05-23 11:38:58.283160,Cooling-Tower-D,83.31,4.28,415.51,110.54,67.62,0,NONE
2026-05-23 11:40:58.283160,Stamping-Press-C,85.8,2.62,411.85,136.7,82.89,0,NONE
2026-05-23 11:42:58.283160,Induction-Furnace-A,92.59,5.76,415.48,151.07,92.4,0,NONE
2026-05-23 11:44:58.283160,Heavy-Extruder-B,91.96,5.37,403.5,122.03,72.49,0,NONE
2026-05-23 11:46:58.283160,Heavy-Extruder-B,87.79,4.86,415.85,134.09,82.09,0,NONE
2026-05-23 11:48:58.283160,Heavy-Extruder-B,82.91,6.03,402.84,125.15,74.22,0,NONE
2026-05-23 11:50:58.283160,Induction-Furnace-A,81.87,3.72,420.44,131.33,81.29,0,NONE
2026-05-23 11:52:58.283160,Stamping-Press-C,93.58,6.01,417.61,102.53,63.04,0,NONE
2026-05-23 11:54:58.283160,Heavy-Extruder-B,90.54,3.73,413.61,112.68,68.61,0,NONE
2026-05-23 11:56:58.283160,Cooling-Tower-D,82.43,4.69,417.81,125.93,77.46,0,NONE
2026-05-23 11:58:58.283160,Heavy-Extruder-B,95.82,3.48,410.11,138.19,83.43,0,NONE
2026-05-23 12:00:58.283160,Heavy-Extruder-B,83.71,4.51,415.36,107.73,65.88,0,NONE
2026-05-23 12:02:58.283160,Heavy-Extruder-B,76.48,4.81,418.97,89.5,55.21,0,NONE
2026-05-23 12:04:58.283160,Heavy-Extruder-B,77.41,4.38,399.53,112.53,66.19,0,NONE
2026-05-23 12:06:58.283160,Stamping-Press-C,75.21,5.07,412.76,135.15,82.13,0,NONE
2026-05-23 12:08:58.283160,Cooling-Tower-D,82.28,4.58,414.89,96.24,58.78,0,NONE
2026-05-23 12:10:58.283160,Stamping-Press-C,97.34,4.08,414.02,102.35,62.38,0,NONE
2026-05-23 12:12:58.283160,Cooling-Tower-D,76.95,4.05,422.29,122.34,76.06,0,NONE
2026-05-23 12:14:58.283160,Heavy-Extruder-B,86.88,5.15,409.38,118.26,71.27,0,NONE
2026-05-23 12:16:58.283160,Induction-Furnace-A,78.43,3.98,411.89,128.92,78.17,0,NONE
2026-05-23 12:18:58.283160,Stamping-Press-C,82.4,5.23,405.42,101.57,60.62,0,NONE
2026-05-23 12:20:58.283160,Induction-Furnace-A,69.9,5.48,422.55,115.13,71.62,0,NONE
2026-05-23 12:22:58.283160,Stamping-Press-C,82.79,3.17,413.77,137.93,84.02,0,NONE
2026-05-23 12:24:58.283160,Heavy-Extruder-B,83.06,5.41,412.81,102.11,62.05,0,NONE
2026-05-23 12:26:58.283160,Stamping-Press-C,90.4,6.15,414.74,142.15,86.8,0,NONE
2026-05-23 12:28:58.283160,Heavy-Extruder-B,87.23,4.7,418.18,103.99,64.02,0,NONE
2026-05-23 12:30:58.283160,Stamping-Press-C,73.02,4.98,416.74,132.74,81.44,0,NONE
2026-05-23 12:32:58.283160,Heavy-Extruder-B,95.84,5.33,428.24,114.41,72.13,0,NONE
2026-05-23 12:34:58.283160,Heavy-Extruder-B,87.1,4.28,417.27,102.83,63.17,0,NONE
2026-05-23 12:36:58.283160,Cooling-Tower-D,86.98,4.65,412.67,112.55,68.38,0,NONE
2026-05-23 12:38:58.283160,Heavy-Extruder-B,84.91,3.45,412.19,128.17,77.78,0,NONE
2026-05-23 12:40:58.283160,Cooling-Tower-D,79.82,4.61,413.04,119.9,72.91,0,NONE
2026-05-23 12:42:58.283160,Heavy-Extruder-B,87.18,4.9,407.49,136.78,82.05,0,NONE
2026-05-23 12:44:58.283160,Induction-Furnace-A,89.76,4.91,415.2,141.54,86.51,0,NONE
2026-05-23 12:46:58.283160,Heavy-Extruder-B,67.53,5.35,418.92,102.25,63.06,0,NONE
2026-05-23 12:48:58.283160,Induction-Furnace-A,79.61,3.88,411.93,101.16,61.35,0,NONE
2026-05-23 12:50:58.283160,Induction-Furnace-A,82.45,4.07,410.96,100.43,60.76,0,NONE
2026-05-23 12:52:58.283160,Heavy-Extruder-B,87.56,6.02,422.58,106.51,66.26,0,NONE
2026-05-23 12:54:58.283160,Induction-Furnace-A,96.93,4.38,407.87,136.56,82.0,0,NONE
2026-05-23 12:56:58.283160,Cooling-Tower-D,77.28,4.66,404.66,128.41,76.5,0,NONE
2026-05-23 12:58:58.283160,Stamping-Press-C,80.02,4.45,409.24,111.82,67.37,0,NONE
2026-05-23 13:00:58.283160,Heavy-Extruder-B,79.87,3.84,407.3,119.83,71.86,0,NONE
2026-05-23 13:02:58.283160,Induction-Furnace-A,76.98,5.8,416.93,141.06,86.59,0,NONE
2026-05-23 13:04:58.283160,Heavy-Extruder-B,81.53,4.08,413.2,148.62,90.41,0,NONE
2026-05-23 13:06:58.283160,Cooling-Tower-D,92.71,3.6,413.9,123.89,75.49,0,NONE
2026-05-23 13:08:58.283160,Heavy-Extruder-B,74.46,4.14,420.76,80.11,49.62,0,NONE
2026-05-23 13:10:58.283160,Heavy-Extruder-B,89.28,2.9,411.54,124.46,75.41,0,NONE
2026-05-23 13:12:58.283160,Induction-Furnace-A,67.98,3.98,418.88,134.02,82.65,0,NONE
2026-05-23 13:14:58.283160,Cooling-Tower-D,79.39,3.73,422.56,123.37,76.75,0,NONE
2026-05-23 13:16:58.283160,Stamping-Press-C,81.71,4.99,412.72,130.9,79.53,0,NONE
2026-05-23 13:18:58.283160,Stamping-Press-C,101.75,3.96,418.69,125.36,77.27,0,NONE
2026-05-23 13:20:58.283160,Induction-Furnace-A,82.25,5.21,413.79,101.48,61.82,0,NONE
2026-05-23 13:22:58.283160,Heavy-Extruder-B,62.99,5.62,419.62,106.71,65.92,0,NONE
2026-05-23 13:24:58.283160,Induction-Furnace-A,65.01,5.12,407.14,115.18,69.04,0,NONE
2026-05-23 13:26:58.283160,Induction-Furnace-A,85.34,4.33,406.77,135.98,81.43,0,NONE
2026-05-23 13:28:58.283160,Induction-Furnace-A,91.14,4.61,413.04,108.51,65.98,0,NONE
2026-05-23 13:30:58.283160,Heavy-Extruder-B,88.75,3.28,410.56,126.84,76.66,0,NONE
2026-05-23 13:32:58.283160,Cooling-Tower-D,86.68,4.39,412.42,124.56,75.62,0,NONE
2026-05-23 13:34:58.283160,Induction-Furnace-A,96.62,3.81,413.9,143.79,87.62,0,NONE
2026-05-23 13:36:58.283160,Heavy-Extruder-B,79.6,5.06,418.6,119.37,73.57,0,NONE
2026-05-23 13:38:58.283160,Cooling-Tower-D,93.95,6.56,412.96,93.68,56.95,0,NONE
2026-05-23 13:40:58.283160,Induction-Furnace-A,68.68,4.9,410.88,129.7,78.46,0,NONE
2026-05-23 13:42:58.283160,Stamping-Press-C,75.95,2.91,413.24,152.07,92.52,0,NONE
2026-05-23 13:44:58.283160,Cooling-Tower-D,66.93,4.21,411.15,130.69,79.1,0,NONE
2026-05-23 13:46:58.283160,Induction-Furnace-A,82.25,4.6,410.33,108.19,65.35,0,NONE
2026-05-23 13:48:58.283160,Cooling-Tower-D,84.54,4.57,406.93,103.77,62.17,0,NONE
2026-05-23 13:50:58.283160,Cooling-Tower-D,86.14,3.92,415.35,105.71,64.64,0,NONE
2026-05-23 13:52:58.283160,Cooling-Tower-D,85.62,4.7,412.16,150.05,91.05,0,NONE
2026-05-23 13:54:58.283160,Cooling-Tower-D,75.72,3.51,419.83,115.09,71.13,0,NONE
2026-05-23 13:56:58.283160,Cooling-Tower-D,83.1,3.74,407.76,110.06,66.07,0,NONE
2026-05-23 13:58:58.283160,Cooling-Tower-D,70.03,5.02,412.29,117.62,71.39,0,NONE
2026-05-23 14:00:58.283160,Induction-Furnace-A,98.63,3.69,424.06,115.25,71.95,0,NONE
2026-05-23 14:02:58.283160,Stamping-Press-C,81.96,4.93,410.3,143.51,86.69,0,NONE
2026-05-23 14:04:58.283160,Heavy-Extruder-B,80.11,3.4,413.82,104.78,63.84,0,NONE
2026-05-23 14:06:58.283160,Cooling-Tower-D,100.89,5.91,408.92,137.71,82.9,0,NONE
2026-05-23 14:08:58.283160,Heavy-Extruder-B,72.58,3.88,408.26,121.83,73.23,0,NONE
2026-05-23 14:10:58.283160,Induction-Furnace-A,73.74,4.32,422.74,138.11,85.95,0,NONE
2026-05-23 14:12:58.283160,Cooling-Tower-D,74.04,4.76,415.86,143.74,88.0,0,NONE
2026-05-23 14:14:58.283160,Stamping-Press-C,84.32,4.05,415.67,121.27,74.21,0,NONE
2026-05-23 14:16:58.283160,Heavy-Extruder-B,89.32,4.61,406.52,115.27,68.99,0,NONE
2026-05-23 14:18:58.283160,Cooling-Tower-D,92.4,4.96,416.79,120.99,74.24,0,NONE
2026-05-23 14:20:58.283160,Induction-Furnace-A,110.72,5.27,420.79,118.58,73.46,1,ERR-TEMP-HIGH
2026-05-23 14:22:58.283160,Stamping-Press-C,62.51,5.13,420.75,95.15,58.94,0,NONE
2026-05-23 14:24:58.283160,Heavy-Extruder-B,91.09,4.36,418.34,143.29,88.25,0,NONE
2026-05-23 14:26:58.283160,Heavy-Extruder-B,79.43,4.38,409.35,123.69,74.54,0,NONE
2026-05-23 14:28:58.283160,Cooling-Tower-D,79.14,6.38,416.57,102.55,62.89,0,NONE
2026-05-23 14:30:58.283160,Stamping-Press-C,78.8,5.26,418.34,88.99,54.81,0,NONE
2026-05-23 14:32:58.283160,Stamping-Press-C,75.91,3.76,406.03,85.09,50.86,0,NONE
2026-05-23 14:34:58.283160,Stamping-Press-C,101.85,4.58,409.39,131.56,79.29,0,NONE
2026-05-23 14:36:58.283160,Stamping-Press-C,93.42,4.23,419.44,110.72,68.37,0,NONE
2026-05-23 14:38:58.283160,Induction-Furnace-A,85.23,4.39,419.38,113.18,69.88,0,NONE
2026-05-23 14:40:58.283160,Stamping-Press-C,98.51,3.52,407.26,127.32,76.34,0,NONE
2026-05-23 14:42:58.283160,Heavy-Extruder-B,69.87,4.17,418.98,112.26,69.24,0,NONE
2026-05-23 14:44:58.283160,Heavy-Extruder-B,71.69,5.95,415.48,128.2,78.41,0,NONE
2026-05-23 14:46:58.283160,Induction-Furnace-A,63.22,4.96,418.91,121.43,74.89,0,NONE
2026-05-23 14:48:58.283160,Heavy-Extruder-B,78.01,2.51,411.83,118.74,71.99,0,NONE
2026-05-23 14:50:58.283160,Heavy-Extruder-B,86.62,5.47,418.23,96.41,59.36,0,NONE
2026-05-23 14:52:58.283160,Stamping-Press-C,86.03,5.37,419.22,107.7,66.47,0,NONE
2026-05-23 14:54:58.283160,Heavy-Extruder-B,86.49,4.21,413.24,129.04,78.5,0,NONE
2026-05-23 14:56:58.283160,Induction-Furnace-A,70.89,5.07,415.09,109.77,67.08,0,NONE
2026-05-23 14:58:58.283160,Stamping-Press-C,93.03,3.81,411.76,138.08,83.7,0,NONE
2026-05-23 15:00:58.283160,Cooling-Tower-D,87.4,4.12,423.26,155.2,96.71,0,NONE
2026-05-23 15:02:58.283160,Stamping-Press-C,92.33,5.7,414.4,129.85,79.22,0,NONE
2026-05-23 15:04:58.283160,Induction-Furnace-A,66.07,4.28,410.39,142.39,86.03,0,NONE
2026-05-23 15:06:58.283160,Stamping-Press-C,88.11,3.0,411.42,130.81,79.23,0,NONE
2026-05-23 15:08:58.283160,Stamping-Press-C,73.12,4.45,415.63,111.99,68.52,0,NONE
2026-05-23 15:10:58.283160,Induction-Furnace-A,81.03,4.44,418.77,123.0,75.83,0,NONE
2026-05-23 15:12:58.283160,Stamping-Press-C,90.34,5.46,408.32,150.2,90.29,0,NONE
2026-05-23 15:14:58.283160,Induction-Furnace-A,85.91,4.51,424.24,112.15,70.04,0,NONE
2026-05-23 15:16:58.283160,Induction-Furnace-A,76.48,4.16,416.54,104.41,64.03,0,NONE
2026-05-23 15:18:58.283160,Cooling-Tower-D,85.06,5.34,417.33,102.99,63.27,0,NONE
2026-05-23 15:20:58.283160,Heavy-Extruder-B,69.68,4.6,414.51,116.74,71.24,0,NONE
2026-05-23 15:22:58.283160,Heavy-Extruder-B,96.5,3.9,415.1,104.95,64.13,0,NONE
2026-05-23 15:24:58.283160,Stamping-Press-C,82.95,5.42,414.26,145.11,88.5,0,NONE
2026-05-23 15:26:58.283160,Stamping-Press-C,96.19,4.65,420.09,123.25,76.22,0,NONE
2026-05-23 15:28:58.283160,Cooling-Tower-D,79.73,4.5,414.96,134.58,82.21,0,NONE
2026-05-23 15:30:58.283160,Cooling-Tower-D,79.76,4.64,418.84,115.52,71.23,0,NONE
2026-05-23 15:32:58.283160,Cooling-Tower-D,117.36,3.64,412.83,182.9,111.16,1,ERR-TEMP-HIGH
2026-05-23 15:34:58.283160,Induction-Furnace-A,93.76,4.08,415.98,100.36,61.46,0,NONE
2026-05-23 15:36:58.283160,Cooling-Tower-D,77.91,4.5,410.98,106.38,64.36,0,NONE
2026-05-23 15:38:58.283160,Cooling-Tower-D,91.45,4.34,421.08,125.21,77.62,0,NONE
2026-05-23 15:40:58.283160,Stamping-Press-C,81.18,5.52,410.83,127.8,77.3,0,NONE
2026-05-23 15:42:58.283160,Cooling-Tower-D,65.24,4.67,413.38,129.05,78.53,0,NONE
2026-05-23 15:44:58.283160,Induction-Furnace-A,79.3,5.18,413.43,97.67,59.45,0,NONE
2026-05-23 15:46:58.283160,Induction-Furnace-A,73.21,4.51,413.23,119.99,73.0,0,NONE
2026-05-23 15:48:58.283160,Stamping-Press-C,85.34,5.35,418.61,104.61,64.47,0,NONE
2026-05-23 15:50:58.283160,Cooling-Tower-D,73.1,4.82,413.42,126.02,76.7,0,NONE
2026-05-23 15:52:58.283160,Cooling-Tower-D,94.26,4.51,421.97,127.19,79.01,0,NONE
2026-05-23 15:54:58.283160,Induction-Furnace-A,84.09,4.49,410.91,102.42,61.96,0,NONE
2026-05-23 15:56:58.283160,Cooling-Tower-D,83.22,3.74,415.85,134.52,82.35,0,NONE
2026-05-23 15:58:58.283160,Cooling-Tower-D,91.56,4.91,411.12,155.08,93.86,0,NONE
2026-05-23 16:00:58.283160,Cooling-Tower-D,94.64,4.47,417.1,132.52,81.38,0,NONE
2026-05-23 16:02:58.283160,Heavy-Extruder-B,84.8,4.1,414.92,117.56,71.81,0,NONE
2026-05-23 16:04:58.283160,Stamping-Press-C,77.29,5.39,414.22,115.25,70.28,0,NONE
2026-05-23 16:06:58.283160,Heavy-Extruder-B,67.26,3.5,420.94,116.86,72.42,0,NONE
2026-05-23 16:08:58.283160,Stamping-Press-C,78.14,4.16,411.73,108.59,65.82,0,NONE
2026-05-23 16:10:58.283160,Induction-Furnace-A,78.83,5.32,417.93,123.79,76.16,0,NONE
2026-05-23 16:12:58.283160,Cooling-Tower-D,86.07,4.75,411.16,102.92,62.3,0,NONE
2026-05-23 16:14:58.283160,Stamping-Press-C,81.55,4.46,415.56,91.65,56.07,0,NONE
2026-05-23 16:16:58.283160,Heavy-Extruder-B,91.88,4.7,409.02,123.29,74.24,0,NONE
2026-05-23 16:18:58.283160,Cooling-Tower-D,78.87,4.64,411.69,120.32,72.92,0,NONE
2026-05-23 16:20:58.283160,Induction-Furnace-A,84.43,3.29,414.59,111.43,68.01,0,NONE
2026-05-23 16:22:58.283160,Stamping-Press-C,96.84,4.22,424.07,100.76,62.91,0,NONE
2026-05-23 16:24:58.283160,Stamping-Press-C,88.42,5.79,415.5,124.35,76.06,0,NONE
2026-05-23 16:26:58.283160,Stamping-Press-C,84.4,3.97,423.27,105.15,65.52,0,NONE
2026-05-23 16:28:58.283160,Cooling-Tower-D,78.98,4.25,416.1,117.92,72.23,0,NONE
2026-05-23 16:30:58.283160,Heavy-Extruder-B,78.67,4.07,413.06,146.47,89.07,0,NONE
2026-05-23 16:32:58.283160,Heavy-Extruder-B,76.49,4.43,422.7,129.77,80.75,0,NONE
2026-05-23 16:34:58.283160,Stamping-Press-C,79.59,4.03,417.19,99.46,61.09,0,NONE
2026-05-23 16:36:58.283160,Induction-Furnace-A,92.56,4.89,411.79,100.88,61.15,0,NONE
2026-05-23 16:38:58.283160,Induction-Furnace-A,82.78,4.66,417.35,122.28,75.13,0,NONE
2026-05-23 16:40:58.283160,Heavy-Extruder-B,71.5,5.12,413.54,99.37,60.5,0,NONE
2026-05-23 16:42:58.283160,Induction-Furnace-A,102.68,3.66,405.05,89.97,53.65,0,NONE
2026-05-23 16:44:58.283160,Heavy-Extruder-B,88.2,4.23,419.68,127.99,79.08,0,NONE
2026-05-23 16:46:58.283160,Stamping-Press-C,70.93,4.32,420.47,124.81,77.26,0,NONE
2026-05-23 16:48:58.283160,Heavy-Extruder-B,80.58,4.86,424.19,126.76,79.16,0,NONE
2026-05-23 16:50:58.283160,Heavy-Extruder-B,86.11,3.87,417.11,123.95,76.11,0,NONE
2026-05-23 16:52:58.283160,Stamping-Press-C,102.05,5.23,413.76,119.02,72.5,0,NONE
2026-05-23 16:54:58.283160,Induction-Furnace-A,73.92,5.45,419.17,110.07,67.92,0,NONE
2026-05-23 16:56:58.283160,Heavy-Extruder-B,94.76,3.71,419.25,127.74,78.84,0,NONE
2026-05-23 16:58:58.283160,Heavy-Extruder-B,98.99,4.11,423.19,142.95,89.06,0,NONE
2026-05-23 17:00:58.283160,Stamping-Press-C,78.71,4.07,414.78,112.48,68.69,0,NONE
2026-05-23 17:02:58.283160,Induction-Furnace-A,82.22,6.61,414.17,104.69,63.83,0,NONE
2026-05-23 17:04:58.283160,Heavy-Extruder-B,74.64,4.16,411.42,102.97,62.37,0,NONE
2026-05-23 17:06:58.283160,Stamping-Press-C,82.97,5.84,417.69,107.0,65.8,0,NONE
2026-05-23 17:08:58.283160,Heavy-Extruder-B,84.63,3.49,407.26,123.04,73.77,0,NONE
2026-05-23 17:10:58.283160,Cooling-Tower-D,91.6,3.71,418.88,87.91,54.21,0,NONE
2026-05-23 17:12:58.283160,Stamping-Press-C,95.9,3.95,417.94,126.59,77.89,0,NONE
2026-05-23 17:14:58.283160,Induction-Furnace-A,77.52,3.82,417.93,129.66,79.78,0,NONE
2026-05-23 17:16:58.283160,Induction-Furnace-A,65.33,4.29,415.69,93.03,56.93,0,NONE
2026-05-23 17:18:58.283160,Induction-Furnace-A,84.79,3.93,422.66,105.31,65.53,0,NONE
2026-05-23 17:20:58.283160,Induction-Furnace-A,87.94,3.84,419.36,121.2,74.82,0,NONE
2026-05-23 17:22:58.283160,Heavy-Extruder-B,87.49,5.43,411.96,117.85,71.47,0,NONE
2026-05-23 17:24:58.283160,Heavy-Extruder-B,81.73,5.48,412.05,127.79,77.52,0,NONE
2026-05-23 17:26:58.283160,Induction-Furnace-A,86.25,5.26,410.6,117.88,71.26,0,NONE
2026-05-23 17:28:58.283160,Induction-Furnace-A,100.15,4.92,417.76,138.97,85.47,0,NONE
2026-05-23 17:30:58.283160,Induction-Furnace-A,88.82,4.57,410.0,115.18,69.52,0,NONE
2026-05-23 17:32:58.283160,Heavy-Extruder-B,81.27,4.1,420.42,105.25,65.15,0,NONE
2026-05-23 17:34:58.283160,Induction-Furnace-A,80.0,3.74,421.61,104.05,64.58,0,NONE
2026-05-23 17:36:58.283160,Induction-Furnace-A,83.3,4.79,410.6,131.03,79.21,0,NONE
2026-05-23 17:38:58.283160,Cooling-Tower-D,101.37,3.56,414.07,120.44,73.42,0,NONE
2026-05-23 17:40:58.283160,Cooling-Tower-D,83.17,3.7,415.08,129.51,79.14,0,NONE
2026-05-23 17:42:58.283160,Induction-Furnace-A,84.8,5.42,419.42,129.2,79.78,0,NONE
2026-05-23 17:44:58.283160,Stamping-Press-C,80.18,6.02,423.05,89.7,55.87,0,NONE
2026-05-23 17:46:58.283160,Induction-Furnace-A,95.99,4.81,406.57,102.9,61.59,0,NONE
2026-05-23 17:48:58.283160,Cooling-Tower-D,104.6,5.39,413.41,104.69,63.72,0,NONE
2026-05-23 17:50:58.283160,Stamping-Press-C,89.51,4.3,413.67,107.76,65.63,0,NONE
2026-05-23 17:52:58.283160,Stamping-Press-C,85.83,9.93,408.0,113.69,68.29,1,ERR-VIB-WARN
2026-05-23 17:54:58.283160,Induction-Furnace-A,85.37,4.99,412.57,134.99,81.99,0,NONE
2026-05-23 17:56:58.283160,Cooling-Tower-D,61.16,4.96,417.14,137.98,84.73,0,NONE
2026-05-23 17:58:58.283160,Cooling-Tower-D,92.45,4.56,413.61,115.61,70.39,0,NONE
2026-05-23 18:00:58.283160,Stamping-Press-C,86.34,4.31,407.28,116.23,69.69,0,NONE
2026-05-23 18:02:58.283160,Induction-Furnace-A,89.28,5.27,429.37,109.42,69.17,0,NONE
2026-05-23 18:04:58.283160,Heavy-Extruder-B,77.89,3.71,416.33,121.34,74.37,0,NONE
2026-05-23 18:06:58.283160,Heavy-Extruder-B,81.16,3.88,415.56,123.04,75.27,0,NONE
2026-05-23 18:08:58.283160,Cooling-Tower-D,80.89,3.69,409.51,132.1,79.64,0,NONE
2026-05-23 18:10:58.283160,Heavy-Extruder-B,95.22,4.57,416.3,131.98,80.89,0,NONE
2026-05-23 18:12:58.283160,Cooling-Tower-D,81.21,3.63,414.18,85.47,52.11,0,NONE
2026-05-23 18:14:58.283160,Cooling-Tower-D,105.83,3.95,405.56,117.71,70.28,0,NONE
2026-05-23 18:16:58.283160,Cooling-Tower-D,89.31,3.94,409.65,140.76,84.89,0,NONE
2026-05-23 18:18:58.283160,Heavy-Extruder-B,72.24,4.29,418.97,113.43,69.96,0,NONE
2026-05-23 18:20:58.283160,Cooling-Tower-D,83.71,3.31,424.72,137.09,85.72,0,NONE
2026-05-23 18:22:58.283160,Stamping-Press-C,78.48,4.57,416.84,115.4,70.82,0,NONE
2026-05-23 18:24:58.283160,Induction-Furnace-A,63.06,5.5,420.52,122.62,75.91,0,NONE
2026-05-23 18:26:58.283160,Induction-Furnace-A,100.99,4.61,414.22,102.95,62.78,0,NONE
2026-05-23 18:28:58.283160,Cooling-Tower-D,92.03,5.73,414.57,103.51,63.18,0,NONE
2026-05-23 18:30:58.283160,Induction-Furnace-A,90.33,5.57,420.45,130.88,81.02,0,NONE
2026-05-23 18:32:58.283160,Heavy-Extruder-B,86.65,5.12,423.31,133.23,83.03,0,NONE
2026-05-23 18:34:58.283160,Heavy-Extruder-B,71.18,4.56,421.51,120.4,74.71,0,NONE
2026-05-23 18:36:58.283160,Induction-Furnace-A,80.16,4.52,409.67,101.59,61.27,0,NONE
2026-05-23 18:38:58.283160,Heavy-Extruder-B,93.42,5.11,414.67,120.66,73.66,0,NONE
2026-05-23 18:40:58.283160,Induction-Furnace-A,74.49,4.19,416.39,138.86,85.12,0,NONE
2026-05-23 18:42:58.283160,Induction-Furnace-A,59.68,2.99,413.7,146.14,89.01,0,NONE
2026-05-23 18:44:58.283160,Induction-Furnace-A,82.73,4.89,416.94,115.25,70.74,0,NONE
2026-05-23 18:46:58.283160,Cooling-Tower-D,83.58,3.6,419.1,95.1,58.68,0,NONE
2026-05-23 18:48:58.283160,Induction-Furnace-A,86.36,3.73,420.01,132.61,82.0,0,NONE
2026-05-23 18:50:58.283160,Cooling-Tower-D,92.29,4.5,423.43,115.86,72.22,0,NONE
2026-05-23 18:52:58.283160,Induction-Furnace-A,91.38,4.42,413.35,134.15,81.63,0,NONE
2026-05-23 18:54:58.283160,Induction-Furnace-A,87.59,3.37,408.18,124.22,74.64,0,NONE
2026-05-23 18:56:58.283160,Induction-Furnace-A,96.96,4.63,416.79,106.75,65.5,0,NONE
2026-05-23 18:58:58.283160,Heavy-Extruder-B,69.81,5.27,424.42,120.87,75.53,0,NONE
2026-05-23 19:00:58.283160,Cooling-Tower-D,90.05,3.6,412.62,139.63,84.82,0,NONE
2026-05-23 19:02:58.283160,Cooling-Tower-D,91.27,5.52,418.43,117.76,72.54,0,NONE
2026-05-23 19:04:58.283160,Induction-Furnace-A,72.6,3.25,418.48,104.48,64.37,0,NONE
2026-05-23 19:06:58.283160,Induction-Furnace-A,69.97,6.19,415.96,96.17,58.89,0,NONE
2026-05-23 19:08:58.283160,Heavy-Extruder-B,77.54,4.17,415.03,108.42,66.24,0,NONE
2026-05-23 19:10:58.283160,Heavy-Extruder-B,78.38,4.62,410.38,113.85,68.78,0,NONE
2026-05-23 19:12:58.283160,Heavy-Extruder-B,92.53,2.99,403.59,132.3,78.61,0,NONE
2026-05-23 19:14:58.283160,Cooling-Tower-D,78.85,4.45,409.44,103.19,62.2,0,NONE
2026-05-23 19:16:58.283160,Cooling-Tower-D,76.44,4.68,413.05,143.31,87.14,0,NONE
2026-05-23 19:18:58.283160,Cooling-Tower-D,78.88,4.43,420.49,99.94,61.87,0,NONE
2026-05-23 19:20:58.283160,Induction-Furnace-A,96.19,4.05,414.48,154.97,94.56,0,NONE
2026-05-23 19:22:58.283160,Cooling-Tower-D,85.13,3.74,412.4,145.88,88.57,0,NONE
2026-05-23 19:24:58.283160,Stamping-Press-C,83.21,5.4,410.55,122.12,73.81,0,NONE
2026-05-23 19:26:58.283160,Stamping-Press-C,83.9,4.52,418.28,95.28,58.68,0,NONE
2026-05-23 19:28:58.283160,Heavy-Extruder-B,97.92,5.73,421.79,119.17,74.0,0,NONE
2026-05-23 19:30:58.283160,Cooling-Tower-D,77.51,4.08,420.32,114.2,70.66,0,NONE
2026-05-23 19:32:58.283160,Stamping-Press-C,98.16,4.15,418.03,100.89,62.09,0,NONE
2026-05-23 19:34:58.283160,Heavy-Extruder-B,87.1,5.15,407.62,124.37,74.63,0,NONE
2026-05-23 19:36:58.283160,Cooling-Tower-D,83.4,3.2,413.24,107.65,65.49,0,NONE
2026-05-23 19:38:58.283160,Induction-Furnace-A,110.01,3.53,424.74,109.28,68.33,1,ERR-TEMP-HIGH
2026-05-23 19:40:58.283160,Stamping-Press-C,74.44,5.38,420.61,116.94,72.41,0,NONE
2026-05-23 19:42:58.283160,Induction-Furnace-A,81.46,3.56,407.31,111.38,66.79,0,NONE
2026-05-23 19:44:58.283160,Cooling-Tower-D,72.68,3.04,414.72,151.17,92.3,0,NONE
2026-05-23 19:46:58.283160,Stamping-Press-C,94.52,5.99,416.82,111.96,68.71,0,NONE
2026-05-23 19:48:58.283160,Cooling-Tower-D,101.89,3.38,411.19,126.61,76.65,0,NONE
2026-05-23 19:50:58.283160,Induction-Furnace-A,101.7,4.65,403.45,122.18,72.57,0,NONE
2026-05-23 19:52:58.283160,Stamping-Press-C,97.24,4.56,415.49,125.29,76.64,0,NONE
2026-05-23 19:54:58.283160,Induction-Furnace-A,83.02,2.25,411.06,126.44,76.51,0,NONE
2026-05-23 19:56:58.283160,Cooling-Tower-D,81.35,4.29,411.08,133.22,80.62,0,NONE
2026-05-23 19:58:58.283160,Cooling-Tower-D,68.29,4.86,413.23,124.0,75.43,0,NONE
2026-05-23 20:00:58.283160,Induction-Furnace-A,105.36,4.78,414.33,123.37,75.26,0,NONE
2026-05-23 20:02:58.283160,Stamping-Press-C,89.69,5.22,414.95,120.88,73.84,0,NONE
2026-05-23 20:04:58.283160,Induction-Furnace-A,80.08,4.19,410.58,117.92,71.28,0,NONE
2026-05-23 20:06:58.283160,Cooling-Tower-D,98.28,5.07,413.9,106.32,64.79,0,NONE
2026-05-23 20:08:58.283160,Induction-Furnace-A,75.27,3.95,406.21,119.09,71.22,0,NONE
2026-05-23 20:10:58.283160,Cooling-Tower-D,89.07,3.37,416.56,123.62,75.81,0,NONE
2026-05-23 20:12:58.283160,Induction-Furnace-A,83.27,3.46,400.72,126.03,74.35,0,NONE
2026-05-23 20:14:58.283160,Stamping-Press-C,91.39,3.33,413.55,122.7,74.71,0,NONE
2026-05-23 20:16:58.283160,Stamping-Press-C,84.36,5.31,419.6,116.51,71.97,0,NONE
2026-05-23 20:18:58.283160,Induction-Furnace-A,70.49,3.29,409.7,119.14,71.86,0,NONE
2026-05-23 20:20:58.283160,Induction-Furnace-A,85.76,4.72,418.58,111.7,68.83,0,NONE
2026-05-23 20:22:58.283160,Stamping-Press-C,95.49,4.29,420.78,124.7,77.25,0,NONE
2026-05-23 20:24:58.283160,Cooling-Tower-D,84.71,4.42,398.46,116.68,68.45,0,NONE
2026-05-23 20:26:58.283160,Stamping-Press-C,92.75,5.59,414.24,122.71,74.83,0,NONE
2026-05-23 20:28:58.283160,Cooling-Tower-D,74.54,4.15,400.62,135.01,79.63,0,NONE
2026-05-23 20:30:58.283160,Induction-Furnace-A,84.74,4.99,414.41,109.36,66.72,0,NONE
2026-05-23 20:32:58.283160,Induction-Furnace-A,118.75,4.53,414.96,208.95,127.65,1,ERR-TEMP-HIGH
2026-05-23 20:34:58.283160,Cooling-Tower-D,92.47,4.38,402.59,120.5,71.42,0,NONE
2026-05-23 20:36:58.283160,Induction-Furnace-A,85.31,6.34,424.62,150.32,93.97,0,NONE
2026-05-23 20:38:58.283160,Cooling-Tower-D,91.9,3.35,416.43,116.76,71.58,0,NONE
2026-05-23 20:40:58.283160,Heavy-Extruder-B,95.88,5.53,410.75,130.43,78.87,0,NONE
2026-05-23 20:42:58.283160,Stamping-Press-C,91.92,5.03,422.33,120.23,74.75,0,NONE
2026-05-23 20:44:58.283160,Heavy-Extruder-B,87.73,4.12,406.02,99.18,59.28,0,NONE
2026-05-23 20:46:58.283160,Cooling-Tower-D,75.02,5.8,408.85,112.19,67.53,0,NONE
2026-05-23 20:48:58.283160,Stamping-Press-C,84.97,3.02,403.5,133.21,79.13,0,NONE
2026-05-23 20:50:58.283160,Cooling-Tower-D,79.67,4.08,424.01,113.51,70.86,0,NONE
2026-05-23 20:52:58.283160,Stamping-Press-C,81.56,3.53,416.66,86.7,53.18,0,NONE
2026-05-23 20:54:58.283160,Stamping-Press-C,81.25,4.83,418.3,119.53,73.61,0,NONE
2026-05-23 20:56:58.283160,Stamping-Press-C,75.2,3.61,416.51,103.61,63.53,0,NONE
2026-05-23 20:58:58.283160,Stamping-Press-C,65.43,4.85,417.87,121.98,75.04,0,NONE
2026-05-23 21:00:58.283160,Cooling-Tower-D,78.32,4.35,415.39,143.27,87.61,0,NONE
2026-05-23 21:02:58.283160,Stamping-Press-C,86.93,4.12,416.35,131.54,80.63,0,NONE
2026-05-23 21:04:58.283160,Stamping-Press-C,71.52,4.81,415.54,143.05,87.51,0,NONE
2026-05-23 21:06:58.283160,Heavy-Extruder-B,85.16,4.29,411.96,111.58,67.67,0,NONE
2026-05-23 21:08:58.283160,Induction-Furnace-A,104.0,3.63,414.77,117.85,71.96,0,NONE
2026-05-23 21:10:58.283160,Induction-Furnace-A,95.23,6.74,416.37,104.33,63.95,0,NONE
2026-05-23 21:12:58.283160,Heavy-Extruder-B,101.44,4.11,415.55,109.74,67.14,0,NONE
2026-05-23 21:14:58.283160,Heavy-Extruder-B,88.91,2.73,407.61,106.1,63.67,0,NONE
2026-05-23 21:16:58.283160,Cooling-Tower-D,96.68,3.83,408.28,100.4,60.35,0,NONE
2026-05-23 21:18:58.283160,Cooling-Tower-D,77.76,3.49,420.41,140.49,86.95,0,NONE
2026-05-23 21:20:58.283160,Cooling-Tower-D,78.56,5.16,413.47,88.62,53.94,0,NONE
2026-05-23 21:22:58.283160,Heavy-Extruder-B,57.61,4.76,417.92,140.55,86.48,0,NONE
2026-05-23 21:24:58.283160,Heavy-Extruder-B,96.86,4.82,409.54,138.69,83.62,0,NONE
2026-05-23 21:26:58.283160,Stamping-Press-C,100.4,4.2,407.63,127.5,76.51,0,NONE
2026-05-23 21:28:58.283160,Cooling-Tower-D,79.47,4.28,410.78,103.28,62.46,0,NONE
2026-05-23 21:30:58.283160,Cooling-Tower-D,82.46,4.2,413.89,96.27,58.66,0,NONE
2026-05-23 21:32:58.283160,Cooling-Tower-D,77.46,4.44,411.67,111.77,67.74,0,NONE
2026-05-23 21:34:58.283160,Induction-Furnace-A,88.83,5.17,421.47,129.38,80.28,0,NONE
2026-05-23 21:36:58.283160,Stamping-Press-C,96.25,4.77,415.9,120.05,73.5,0,NONE
2026-05-23 21:38:58.283160,Cooling-Tower-D,67.57,4.9,424.24,104.35,65.17,0,NONE
2026-05-23 21:40:58.283160,Cooling-Tower-D,89.09,4.9,417.02,137.22,84.25,0,NONE
2026-05-23 21:42:58.283160,Cooling-Tower-D,82.23,5.21,402.94,145.27,86.17,0,NONE
2026-05-23 21:44:58.283160,Induction-Furnace-A,86.13,4.73,420.28,116.6,72.15,0,NONE
2026-05-23 21:46:58.283160,Induction-Furnace-A,89.59,4.79,407.45,121.64,72.97,0,NONE
2026-05-23 21:48:58.283160,Heavy-Extruder-B,83.12,5.45,416.15,97.37,59.65,0,NONE
2026-05-23 21:50:58.283160,Stamping-Press-C,83.96,3.97,411.13,113.78,68.87,0,NONE
2026-05-23 21:52:58.283160,Heavy-Extruder-B,82.86,3.82,425.71,127.66,80.01,0,NONE
2026-05-23 21:54:58.283160,Stamping-Press-C,94.7,3.55,422.2,125.32,77.9,0,NONE
2026-05-23 21:56:58.283160,Induction-Furnace-A,89.19,4.65,411.29,112.38,68.05,0,NONE
2026-05-23 21:58:58.283160,Cooling-Tower-D,87.21,3.02,414.36,115.89,70.69,0,NONE
2026-05-23 22:00:58.283160,Heavy-Extruder-B,72.29,4.87,416.22,113.29,69.42,0,NONE
2026-05-23 22:02:58.283160,Cooling-Tower-D,81.21,4.41,419.32,115.82,71.5,0,NONE
2026-05-23 22:04:58.283160,Heavy-Extruder-B,93.99,5.41,415.15,126.35,77.22,0,NONE
2026-05-23 22:06:58.283160,Induction-Furnace-A,85.38,3.96,409.88,90.49,54.6,0,NONE
2026-05-23 22:08:58.283160,Induction-Furnace-A,91.6,4.34,411.41,118.88,72.01,0,NONE
2026-05-23 22:10:58.283160,Induction-Furnace-A,102.67,5.4,414.98,125.25,76.52,0,NONE
2026-05-23 22:12:58.283160,Heavy-Extruder-B,95.39,5.61,421.17,111.44,69.1,0,NONE
2026-05-23 22:14:58.283160,Stamping-Press-C,85.93,3.96,417.14,112.81,69.28,0,NONE
2026-05-23 22:16:58.283160,Heavy-Extruder-B,79.89,4.65,411.13,113.24,68.54,0,NONE
2026-05-23 22:18:58.283160,Stamping-Press-C,59.46,4.74,418.24,112.81,69.46,0,NONE
2026-05-23 22:20:58.283160,Heavy-Extruder-B,83.32,4.8,413.07,120.09,73.03,0,NONE
2026-05-23 22:22:58.283160,Heavy-Extruder-B,81.74,4.29,419.45,121.94,75.3,0,NONE
2026-05-23 22:24:58.283160,Induction-Furnace-A,88.9,5.53,427.64,88.49,55.71,0,NONE
2026-05-23 22:26:58.283160,Cooling-Tower-D,83.46,2.99,413.21,129.79,78.96,0,NONE
2026-05-23 22:28:58.283160,Cooling-Tower-D,81.8,4.16,419.01,115.65,71.34,0,NONE
2026-05-23 22:30:58.283160,Stamping-Press-C,67.21,4.86,411.27,148.99,90.21,0,NONE
2026-05-23 22:32:58.283160,Cooling-Tower-D,75.6,4.87,414.44,102.13,62.31,0,NONE
2026-05-23 22:34:58.283160,Heavy-Extruder-B,89.77,5.58,415.15,106.99,65.39,0,NONE
2026-05-23 22:36:58.283160,Heavy-Extruder-B,102.16,5.46,414.03,116.96,71.29,0,NONE
2026-05-23 22:38:58.283160,Induction-Furnace-A,84.02,4.27,427.32,126.2,79.39,0,NONE
2026-05-23 22:40:58.283160,Induction-Furnace-A,88.28,5.54,413.47,90.74,55.23,0,NONE
2026-05-23 22:42:58.283160,Cooling-Tower-D,94.52,3.93,417.93,107.56,66.18,0,NONE
2026-05-23 22:44:58.283160,Stamping-Press-C,76.89,5.24,405.35,128.87,76.9,0,NONE
2026-05-23 22:46:58.283160,Cooling-Tower-D,88.67,5.95,417.16,105.78,64.96,0,NONE
2026-05-23 22:48:58.283160,Cooling-Tower-D,77.6,5.47,420.71,140.55,87.05,0,NONE
2026-05-23 22:50:58.283160,Cooling-Tower-D,93.65,4.58,412.36,113.19,68.72,0,NONE
2026-05-23 22:52:58.283160,Cooling-Tower-D,86.51,4.23,402.45,106.51,63.11,0,NONE
2026-05-23 22:54:58.283160,Heavy-Extruder-B,87.98,3.28,414.81,129.15,78.87,0,NONE
2026-05-23 22:56:58.283160,Stamping-Press-C,77.17,4.75,415.09,144.11,88.07,0,NONE
2026-05-23 22:58:58.283160,Heavy-Extruder-B,92.07,3.61,418.62,126.25,77.8,0,NONE
2026-05-23 23:00:58.283160,Stamping-Press-C,105.85,3.87,425.05,138.91,86.92,0,NONE
2026-05-23 23:02:58.283160,Induction-Furnace-A,74.92,3.55,413.1,145.15,88.27,0,NONE
2026-05-23 23:04:58.283160,Cooling-Tower-D,81.6,4.13,410.72,106.17,64.2,0,NONE
2026-05-23 23:06:58.283160,Heavy-Extruder-B,87.32,4.48,409.17,134.08,80.76,0,NONE
2026-05-23 23:08:58.283160,Stamping-Press-C,92.86,4.72,415.99,97.15,59.5,0,NONE
2026-05-23 23:10:58.283160,Induction-Furnace-A,79.4,4.02,417.4,126.37,77.66,0,NONE
2026-05-23 23:12:58.283160,Induction-Furnace-A,56.67,5.36,412.27,118.93,72.18,0,NONE
2026-05-23 23:14:58.283160,Cooling-Tower-D,98.59,4.33,418.89,138.64,85.5,0,NONE
2026-05-23 23:16:58.283160,Stamping-Press-C,92.61,3.87,417.33,137.58,84.53,0,NONE
2026-05-23 23:18:58.283160,Heavy-Extruder-B,67.57,4.68,415.22,128.55,78.58,0,NONE
2026-05-23 23:20:58.283160,Cooling-Tower-D,78.92,6.07,410.49,124.48,75.22,0,NONE
2026-05-23 23:22:58.283160,Heavy-Extruder-B,100.68,4.77,412.59,127.63,77.52,0,NONE
2026-05-23 23:24:58.283160,Induction-Furnace-A,99.48,4.21,402.85,120.93,71.72,0,NONE
2026-05-23 23:26:58.283160,Heavy-Extruder-B,94.39,3.28,416.18,119.08,72.96,0,NONE
2026-05-23 23:28:58.283160,Heavy-Extruder-B,83.24,4.32,415.13,141.64,86.56,0,NONE
2026-05-23 23:30:58.283160,Cooling-Tower-D,85.83,4.69,415.94,143.44,87.84,0,NONE
2026-05-23 23:32:58.283160,Heavy-Extruder-B,83.69,4.19,417.52,117.88,72.45,0,NONE
2026-05-23 23:34:58.283160,Cooling-Tower-D,96.28,3.17,416.93,123.56,75.84,0,NONE
2026-05-23 23:36:58.283160,Induction-Furnace-A,76.24,3.82,414.45,121.22,73.97,0,NONE
2026-05-23 23:38:58.283160,Cooling-Tower-D,76.94,5.66,415.24,95.82,58.58,0,NONE
2026-05-23 23:40:58.283160,Cooling-Tower-D,95.1,5.65,407.98,114.95,69.04,0,NONE
2026-05-23 23:42:58.283160,Stamping-Press-C,84.56,3.79,412.08,144.0,87.36,0,NONE
2026-05-23 23:44:58.283160,Heavy-Extruder-B,98.78,5.04,415.25,108.75,66.48,0,NONE
2026-05-23 23:46:58.283160,Induction-Furnace-A,78.28,3.56,411.32,151.72,91.87,0,NONE
2026-05-23 23:48:58.283160,Cooling-Tower-D,84.45,5.62,419.3,137.58,84.93,0,NONE
2026-05-23 23:50:58.283160,Induction-Furnace-A,75.78,4.7,411.71,126.02,76.38,0,NONE
2026-05-23 23:52:58.283160,Stamping-Press-C,85.07,5.26,416.08,128.41,78.66,0,NONE
2026-05-23 23:54:58.283160,Heavy-Extruder-B,70.21,3.13,415.58,106.24,65.0,0,NONE
2026-05-23 23:56:58.283160,Cooling-Tower-D,80.12,5.04,418.73,116.02,71.52,0,NONE
2026-05-23 23:58:58.283160,Heavy-Extruder-B,70.64,4.49,419.5,141.62,87.46,0,NONE
2026-05-24 00:00:58.283160,Stamping-Press-C,91.94,5.18,418.47,110.78,68.25,0,NONE
2026-05-24 00:02:58.283160,Stamping-Press-C,92.17,5.23,404.47,135.92,80.93,0,NONE
2026-05-24 00:04:58.283160,Induction-Furnace-A,67.7,4.55,420.97,99.34,61.57,0,NONE
2026-05-24 00:06:58.283160,Cooling-Tower-D,98.34,4.02,422.64,102.03,63.48,0,NONE
2026-05-24 00:08:58.283160,Induction-Furnace-A,109.97,5.12,412.59,148.52,90.21,0,NONE
2026-05-24 00:10:58.283160,Stamping-Press-C,85.46,4.45,416.18,119.82,73.42,0,NONE
2026-05-24 00:12:58.283160,Heavy-Extruder-B,78.59,3.8,410.55,111.92,67.65,0,NONE
2026-05-24 00:14:58.283160,Induction-Furnace-A,113.24,3.76,405.26,140.44,83.79,1,ERR-TEMP-HIGH
2026-05-24 00:16:58.283160,Induction-Furnace-A,71.81,3.32,411.31,138.69,83.98,0,NONE
2026-05-24 00:18:58.283160,Heavy-Extruder-B,85.2,4.09,412.3,133.81,81.22,0,NONE
2026-05-24 00:20:58.283160,Induction-Furnace-A,86.8,5.38,413.23,111.45,67.8,0,NONE
2026-05-24 00:22:58.283160,Heavy-Extruder-B,98.45,4.64,410.21,115.7,69.87,0,NONE
2026-05-24 00:24:58.283160,Cooling-Tower-D,88.6,4.08,411.33,124.67,75.5,0,NONE
2026-05-24 00:26:58.283160,Heavy-Extruder-B,80.01,5.14,414.94,130.42,79.67,0,NONE
2026-05-24 00:28:58.283160,Cooling-Tower-D,75.49,3.83,411.15,112.37,68.02,0,NONE
2026-05-24 00:30:58.283160,Heavy-Extruder-B,81.58,4.58,417.72,122.56,75.37,0,NONE
2026-05-24 00:32:58.283160,Stamping-Press-C,74.93,4.36,418.41,124.01,76.39,0,NONE
2026-05-24 00:34:58.283160,Stamping-Press-C,85.48,5.12,426.9,139.3,87.55,0,NONE
2026-05-24 00:36:58.283160,Cooling-Tower-D,79.36,3.24,420.63,131.32,81.32,0,NONE
2026-05-24 00:38:58.283160,Cooling-Tower-D,70.06,3.82,416.22,97.4,59.68,0,NONE
2026-05-24 00:40:58.283160,Stamping-Press-C,97.55,3.19,411.9,116.8,70.82,0,NONE
2026-05-24 00:42:58.283160,Cooling-Tower-D,80.02,4.29,416.47,106.07,65.03,0,NONE
2026-05-24 00:44:58.283160,Heavy-Extruder-B,72.32,5.47,416.63,128.52,78.83,0,NONE
2026-05-24 00:46:58.283160,Heavy-Extruder-B,83.32,4.1,412.43,133.85,81.27,0,NONE
2026-05-24 00:48:58.283160,Stamping-Press-C,85.68,4.09,418.92,121.52,74.95,0,NONE
2026-05-24 00:50:58.283160,Induction-Furnace-A,67.54,5.2,408.01,115.98,69.66,0,NONE
2026-05-24 00:52:58.283160,Heavy-Extruder-B,88.32,5.35,413.78,121.04,73.73,0,NONE
2026-05-24 00:54:58.283160,Cooling-Tower-D,74.53,4.43,417.78,123.13,75.73,0,NONE
2026-05-24 00:56:58.283160,Induction-Furnace-A,102.11,5.05,413.56,110.4,67.22,0,NONE
2026-05-24 00:58:58.283160,Induction-Furnace-A,90.24,3.64,413.97,101.72,61.99,0,NONE
2026-05-24 01:00:58.283160,Heavy-Extruder-B,81.0,5.6,414.31,89.25,54.44,0,NONE
2026-05-24 01:02:58.283160,Heavy-Extruder-B,77.55,6.22,410.82,139.01,84.07,0,NONE
2026-05-24 01:04:58.283160,Induction-Furnace-A,83.95,4.92,420.87,127.45,78.97,0,NONE
2026-05-24 01:06:58.283160,Induction-Furnace-A,91.13,2.83,409.91,125.44,75.7,0,NONE
2026-05-24 01:08:58.283160,Stamping-Press-C,84.75,4.05,416.59,138.98,85.24,0,NONE
2026-05-24 01:10:58.283160,Cooling-Tower-D,82.83,4.99,417.07,101.17,62.12,0,NONE
2026-05-24 01:12:58.283160,Stamping-Press-C,85.58,10.66,410.26,93.97,56.75,1,ERR-VIB-WARN
2026-05-24 01:14:58.283160,Heavy-Extruder-B,78.96,5.52,415.37,125.76,76.9,0,NONE
2026-05-24 01:16:58.283160,Stamping-Press-C,81.57,4.97,410.45,124.4,75.17,0,NONE
2026-05-24 01:18:58.283160,Stamping-Press-C,64.14,3.93,421.96,94.03,58.41,0,NONE
2026-05-24 01:20:58.283160,Stamping-Press-C,94.74,4.53,409.31,125.39,75.56,0,NONE
2026-05-24 01:22:58.283160,Stamping-Press-C,87.99,3.78,411.73,114.0,69.1,0,NONE
2026-05-24 01:24:58.283160,Cooling-Tower-D,77.27,4.35,408.88,107.89,64.95,0,NONE
2026-05-24 01:26:58.283160,Cooling-Tower-D,103.99,4.06,408.21,115.0,69.11,0,NONE
2026-05-24 01:28:58.283160,Induction-Furnace-A,85.87,5.44,422.96,83.38,51.92,0,NONE
2026-05-24 01:30:58.283160,Heavy-Extruder-B,74.64,6.19,417.71,111.13,68.34,0,NONE
2026-05-24 01:32:58.283160,Stamping-Press-C,133.57,3.36,415.7,189.44,115.93,1,ERR-TEMP-HIGH
2026-05-24 01:34:58.283160,Induction-Furnace-A,88.98,2.96,411.72,128.36,77.8,0,NONE
2026-05-24 01:36:58.283160,Induction-Furnace-A,88.95,4.3,419.54,117.63,72.65,0,NONE
2026-05-24 01:38:58.283160,Induction-Furnace-A,80.74,3.29,410.88,129.58,78.38,0,NONE
2026-05-24 01:40:58.283160,Cooling-Tower-D,89.5,4.54,418.97,81.76,50.43,0,NONE
2026-05-24 01:42:58.283160,Stamping-Press-C,82.38,5.1,410.64,107.41,64.94,0,NONE
2026-05-24 01:44:58.283160,Stamping-Press-C,90.56,5.7,411.78,128.34,77.8,0,NONE
2026-05-24 01:46:58.283160,Heavy-Extruder-B,65.95,4.66,418.79,115.37,71.13,0,NONE
2026-05-24 01:48:58.283160,Stamping-Press-C,80.66,4.35,419.32,132.68,81.91,0,NONE
2026-05-24 01:50:58.283160,Stamping-Press-C,102.22,2.92,417.99,92.93,57.19,0,NONE
2026-05-24 01:52:58.283160,Induction-Furnace-A,77.33,4.52,409.75,130.97,79.0,0,NONE
2026-05-24 01:54:58.283160,Heavy-Extruder-B,78.96,4.56,412.77,110.41,67.1,0,NONE
2026-05-24 01:56:58.283160,Stamping-Press-C,80.52,5.01,415.78,108.96,66.69,0,NONE
2026-05-24 01:58:58.283160,Cooling-Tower-D,72.85,3.93,410.75,134.87,81.55,0,NONE
2026-05-24 02:00:58.283160,Stamping-Press-C,62.92,4.15,421.85,137.43,85.35,0,NONE
2026-05-24 02:02:58.283160,Induction-Furnace-A,82.69,3.32,402.99,135.52,80.4,0,NONE
2026-05-24 02:04:58.283160,Cooling-Tower-D,86.36,2.67,411.11,150.58,91.14,0,NONE
2026-05-24 02:06:58.283160,Induction-Furnace-A,84.47,3.61,412.45,139.0,84.4,0,NONE
2026-05-24 02:08:58.283160,Stamping-Press-C,83.55,3.24,400.78,108.07,63.76,0,NONE
2026-05-24 02:10:58.283160,Cooling-Tower-D,85.43,4.77,408.02,122.12,73.36,0,NONE
2026-05-24 02:12:58.283160,Heavy-Extruder-B,95.23,4.09,418.13,114.6,70.54,0,NONE
2026-05-24 02:14:58.283160,Heavy-Extruder-B,83.1,4.07,415.15,150.44,91.94,0,NONE
2026-05-24 02:16:58.283160,Cooling-Tower-D,79.26,3.71,422.87,136.57,85.02,0,NONE
2026-05-24 02:18:58.283160,Cooling-Tower-D,82.19,1.91,422.73,117.17,72.92,0,NONE
2026-05-24 02:20:58.283160,Induction-Furnace-A,90.79,5.71,417.17,133.17,81.79,0,NONE
2026-05-24 02:22:58.283160,Cooling-Tower-D,99.12,3.7,416.57,101.52,62.26,0,NONE
2026-05-24 02:24:58.283160,Induction-Furnace-A,78.72,4.17,415.33,123.75,75.67,0,NONE
2026-05-24 02:26:58.283160,Stamping-Press-C,85.99,3.34,401.72,105.93,62.65,0,NONE
2026-05-24 02:28:58.283160,Induction-Furnace-A,88.38,5.28,408.03,94.67,56.87,0,NONE
2026-05-24 02:30:58.283160,Cooling-Tower-D,75.07,4.61,415.5,131.77,80.6,0,NONE
2026-05-24 02:32:58.283160,Cooling-Tower-D,85.2,3.84,418.08,133.63,82.25,0,NONE
2026-05-24 02:34:58.283160,Stamping-Press-C,70.34,4.19,416.45,126.86,77.78,0,NONE
2026-05-24 02:36:58.283160,Cooling-Tower-D,67.31,5.84,410.54,117.26,70.87,0,NONE
2026-05-24 02:38:58.283160,Cooling-Tower-D,88.67,4.44,419.69,101.0,62.41,0,NONE
2026-05-24 02:40:58.283160,Heavy-Extruder-B,81.16,4.35,422.41,102.58,63.79,0,NONE
2026-05-24 02:42:58.283160,Heavy-Extruder-B,87.02,3.75,419.69,105.46,65.16,0,NONE
2026-05-24 02:44:58.283160,Stamping-Press-C,84.82,2.98,419.95,116.49,72.02,0,NONE
2026-05-24 02:46:58.283160,Induction-Furnace-A,75.24,4.37,412.2,136.14,82.62,0,NONE
2026-05-24 02:48:58.283160,Heavy-Extruder-B,84.55,4.76,420.38,135.91,84.11,0,NONE
2026-05-24 02:50:58.283160,Induction-Furnace-A,72.67,5.38,415.73,95.27,58.31,0,NONE
2026-05-24 02:52:58.283160,Cooling-Tower-D,98.91,2.7,417.56,109.6,67.38,0,NONE
2026-05-24 02:54:58.283160,Heavy-Extruder-B,71.44,3.6,416.83,109.2,67.01,0,NONE
2026-05-24 02:56:58.283160,Stamping-Press-C,83.04,4.04,414.39,82.03,50.04,0,NONE
2026-05-24 02:58:58.283160,Stamping-Press-C,74.58,4.5,410.7,128.49,77.69,0,NONE
2026-05-24 03:00:58.283160,Stamping-Press-C,90.7,4.38,414.59,116.31,70.99,0,NONE
2026-05-24 03:02:58.283160,Heavy-Extruder-B,81.69,4.4,419.93,118.3,73.14,0,NONE
2026-05-24 03:04:58.283160,Induction-Furnace-A,79.81,4.83,412.79,140.19,85.19,0,NONE
2026-05-24 03:06:58.283160,Cooling-Tower-D,93.53,3.78,419.47,121.32,74.92,0,NONE
2026-05-24 03:08:58.283160,Induction-Furnace-A,85.29,5.25,418.69,113.54,69.98,0,NONE
2026-05-24 03:10:58.283160,Induction-Furnace-A,90.17,4.85,413.51,128.58,78.28,0,NONE
2026-05-24 03:12:58.283160,Cooling-Tower-D,75.19,4.24,421.94,135.88,84.41,0,NONE
2026-05-24 03:14:58.283160,Cooling-Tower-D,70.95,5.78,413.22,124.45,75.71,0,NONE
2026-05-24 03:16:58.283160,Heavy-Extruder-B,86.07,5.75,422.55,130.34,81.08,0,NONE
2026-05-24 03:18:58.283160,Heavy-Extruder-B,81.81,5.25,417.17,117.82,72.36,0,NONE
2026-05-24 03:20:58.283160,Heavy-Extruder-B,91.26,2.09,414.92,118.77,72.55,0,NONE
2026-05-24 03:22:58.283160,Heavy-Extruder-B,84.2,5.76,410.56,121.7,73.56,0,NONE
2026-05-24 03:24:58.283160,Heavy-Extruder-B,87.05,5.14,414.56,108.7,66.34,0,NONE
2026-05-24 03:26:58.283160,Cooling-Tower-D,68.77,6.11,413.98,111.48,67.94,0,NONE
2026-05-24 03:28:58.283160,Induction-Furnace-A,103.88,5.49,408.71,140.67,84.64,0,NONE
2026-05-24 03:30:58.283160,Heavy-Extruder-B,83.36,5.76,413.91,150.12,91.48,0,NONE
2026-05-24 03:32:58.283160,Heavy-Extruder-B,91.98,5.2,410.98,143.88,87.06,0,NONE
2026-05-24 03:34:58.283160,Induction-Furnace-A,76.64,5.58,417.93,100.15,61.62,0,NONE
2026-05-24 03:36:58.283160,Heavy-Extruder-B,88.08,6.1,421.53,98.7,61.25,0,NONE
2026-05-24 03:38:58.283160,Induction-Furnace-A,71.97,4.67,408.87,102.14,61.48,0,NONE
2026-05-24 03:40:58.283160,Induction-Furnace-A,89.52,3.24,423.56,122.02,76.09,0,NONE
2026-05-24 03:42:58.283160,Cooling-Tower-D,81.44,4.25,414.36,77.87,47.5,0,NONE
2026-05-24 03:44:58.283160,Stamping-Press-C,85.29,4.81,410.12,111.17,67.12,0,NONE
2026-05-24 03:46:58.283160,Cooling-Tower-D,91.98,4.56,418.79,141.11,87.0,0,NONE
2026-05-24 03:48:58.283160,Stamping-Press-C,72.67,3.5,412.77,134.74,81.88,0,NONE
2026-05-24 03:50:58.283160,Stamping-Press-C,78.16,3.2,414.59,112.36,68.58,0,NONE
2026-05-24 03:52:58.283160,Stamping-Press-C,89.57,3.91,412.98,113.5,69.01,0,NONE
2026-05-24 03:54:58.283160,Heavy-Extruder-B,105.98,5.15,410.92,128.51,77.74,0,NONE
2026-05-24 03:56:58.283160,Cooling-Tower-D,83.62,5.76,418.62,134.03,82.6,0,NONE
2026-05-24 03:58:58.283160,Stamping-Press-C,90.91,5.23,413.57,112.0,68.19,0,NONE
2026-05-24 04:00:58.283160,Induction-Furnace-A,83.93,5.35,407.82,116.48,69.94,0,NONE
2026-05-24 04:02:58.283160,Heavy-Extruder-B,104.42,4.44,417.76,111.51,68.58,0,NONE
2026-05-24 04:04:58.283160,Cooling-Tower-D,67.53,3.11,408.97,100.03,60.23,0,NONE
2026-05-24 04:06:58.283160,Stamping-Press-C,85.95,4.14,409.23,116.7,70.31,0,NONE
2026-05-24 04:08:58.283160,Induction-Furnace-A,68.74,4.29,420.96,115.56,71.62,0,NONE
2026-05-24 04:10:58.283160,Cooling-Tower-D,59.93,4.1,409.02,101.09,60.87,0,NONE
2026-05-24 04:12:58.283160,Cooling-Tower-D,87.97,4.54,403.42,129.69,77.03,0,NONE
2026-05-24 04:14:58.283160,Heavy-Extruder-B,86.39,4.85,418.11,127.25,78.33,0,NONE
2026-05-24 04:16:58.283160,Cooling-Tower-D,82.15,5.18,413.48,130.44,79.4,0,NONE
2026-05-24 04:18:58.283160,Heavy-Extruder-B,83.94,4.28,413.91,108.48,66.1,0,NONE
2026-05-24 04:20:58.283160,Stamping-Press-C,115.98,2.98,413.43,90.25,54.93,1,ERR-TEMP-HIGH
2026-05-24 04:22:58.283160,Heavy-Extruder-B,82.42,4.11,416.16,127.01,77.81,0,NONE
2026-05-24 04:24:58.283160,Induction-Furnace-A,90.1,4.53,411.24,110.04,66.62,0,NONE
2026-05-24 04:26:58.283160,Heavy-Extruder-B,78.51,5.48,422.38,106.64,66.31,0,NONE
2026-05-24 04:28:58.283160,Induction-Furnace-A,87.95,4.05,407.62,101.14,60.7,0,NONE
2026-05-24 04:30:58.283160,Heavy-Extruder-B,82.62,4.91,417.22,115.87,71.17,0,NONE
2026-05-24 04:32:58.283160,Cooling-Tower-D,80.89,4.73,418.21,143.66,88.45,0,NONE
2026-05-24 04:34:58.283160,Stamping-Press-C,103.19,4.54,411.2,112.42,68.05,0,NONE
2026-05-24 04:36:58.283160,Induction-Furnace-A,96.77,5.24,409.88,103.65,62.55,0,NONE
2026-05-24 04:38:58.283160,Heavy-Extruder-B,86.37,3.97,420.09,129.78,80.26,0,NONE
2026-05-24 04:40:58.283160,Heavy-Extruder-B,61.96,4.04,410.05,122.59,74.01,0,NONE
2026-05-24 04:42:58.283160,Heavy-Extruder-B,81.39,4.49,411.97,88.21,53.5,0,NONE
2026-05-24 04:44:58.283160,Cooling-Tower-D,112.03,3.99,419.44,129.94,80.23,1,ERR-TEMP-HIGH
2026-05-24 04:46:58.283160,Cooling-Tower-D,82.69,4.91,415.17,151.93,92.86,0,NONE
2026-05-24 04:48:58.283160,Induction-Furnace-A,96.03,3.93,406.01,80.99,48.41,0,NONE
2026-05-24 04:50:58.283160,Induction-Furnace-A,99.42,4.68,423.74,101.46,63.3,0,NONE
2026-05-24 04:52:58.283160,Cooling-Tower-D,87.19,4.42,412.35,77.27,46.91,0,NONE
2026-05-24 04:54:58.283160,Induction-Furnace-A,76.58,4.67,412.99,118.87,72.27,0,NONE
2026-05-24 04:56:58.283160,Stamping-Press-C,60.65,4.13,416.28,134.86,82.65,0,NONE
2026-05-24 04:58:58.283160,Stamping-Press-C,91.84,4.23,418.13,121.58,74.84,0,NONE
2026-05-24 05:00:58.283160,Cooling-Tower-D,76.85,4.58,424.81,140.88,88.11,0,NONE
2026-05-24 05:02:58.283160,Induction-Furnace-A,86.76,4.66,406.7,132.46,79.31,0,NONE
2026-05-24 05:04:58.283160,Heavy-Extruder-B,72.5,4.5,419.13,145.53,89.8,0,NONE
2026-05-24 05:06:58.283160,Stamping-Press-C,82.35,5.86,418.72,137.4,84.7,0,NONE
2026-05-24 05:08:58.283160,Cooling-Tower-D,85.34,3.71,414.31,113.96,69.51,0,NONE
2026-05-24 05:10:58.283160,Induction-Furnace-A,87.69,4.45,418.94,121.0,74.63,0,NONE
2026-05-24 05:12:58.283160,Cooling-Tower-D,73.85,3.24,419.67,106.97,66.09,0,NONE
2026-05-24 05:14:58.283160,Heavy-Extruder-B,96.97,4.8,408.09,116.54,70.02,0,NONE
2026-05-24 05:16:58.283160,Stamping-Press-C,79.03,3.61,423.75,120.93,75.44,0,NONE
2026-05-24 05:18:58.283160,Cooling-Tower-D,68.26,4.28,407.21,118.73,71.18,0,NONE
2026-05-24 05:20:58.283160,Cooling-Tower-D,83.91,4.2,409.32,140.13,84.45,0,NONE
2026-05-24 05:22:58.283160,Cooling-Tower-D,85.34,4.72,413.69,115.05,70.07,0,NONE
2026-05-24 05:24:58.283160,Heavy-Extruder-B,86.61,4.06,424.62,106.02,66.28,0,NONE
2026-05-24 05:26:58.283160,Cooling-Tower-D,98.62,4.02,413.46,106.96,65.1,0,NONE
2026-05-24 05:28:58.283160,Heavy-Extruder-B,82.64,5.65,414.84,129.83,79.29,0,NONE
2026-05-24 05:30:58.283160,Heavy-Extruder-B,83.8,4.73,422.16,98.95,61.5,0,NONE
2026-05-24 05:32:58.283160,Heavy-Extruder-B,73.97,4.05,413.5,116.98,71.21,0,NONE
2026-05-24 05:34:58.283160,Stamping-Press-C,93.21,4.3,409.11,139.91,84.27,0,NONE
2026-05-24 05:36:58.283160,Stamping-Press-C,86.84,5.82,412.91,124.39,75.62,0,NONE
2026-05-24 05:38:58.283160,Cooling-Tower-D,80.8,4.31,421.85,118.88,73.83,0,NONE
2026-05-24 05:40:58.283160,Cooling-Tower-D,65.95,3.95,415.35,119.46,73.05,0,NONE
2026-05-24 05:42:58.283160,Stamping-Press-C,99.44,3.95,424.65,104.56,65.37,0,NONE
2026-05-24 05:44:58.283160,Induction-Furnace-A,72.72,4.06,418.69,107.14,66.04,0,NONE
2026-05-24 05:46:58.283160,Stamping-Press-C,79.09,4.02,411.78,117.07,70.97,0,NONE
2026-05-24 05:48:58.283160,Heavy-Extruder-B,88.58,3.48,415.26,124.07,75.85,0,NONE
2026-05-24 05:50:58.283160,Stamping-Press-C,73.03,3.6,410.73,134.22,81.16,0,NONE
2026-05-24 05:52:58.283160,Heavy-Extruder-B,70.06,3.84,411.66,121.39,73.57,0,NONE
2026-05-24 05:54:58.283160,Cooling-Tower-D,63.76,4.97,437.4,140.29,90.34,0,NONE
2026-05-24 05:56:58.283160,Induction-Furnace-A,92.21,4.2,420.09,144.08,89.11,0,NONE
2026-05-24 05:58:58.283160,Cooling-Tower-D,79.55,4.33,419.31,131.93,81.44,0,NONE
2026-05-24 06:00:58.283160,Heavy-Extruder-B,114.27,5.52,411.88,138.37,83.91,1,ERR-TEMP-HIGH
2026-05-24 06:02:58.283160,Heavy-Extruder-B,75.06,5.54,422.85,105.14,65.45,0,NONE
2026-05-24 06:04:58.283160,Heavy-Extruder-B,75.79,4.27,420.5,102.76,63.62,0,NONE
2026-05-24 06:06:58.283160,Induction-Furnace-A,79.35,4.0,424.41,127.77,79.83,0,NONE
2026-05-24 06:08:58.283160,Stamping-Press-C,87.43,3.81,424.17,99.88,62.37,0,NONE
2026-05-24 06:10:58.283160,Cooling-Tower-D,80.3,5.05,407.6,115.64,69.4,0,NONE
2026-05-24 06:12:58.283160,Cooling-Tower-D,91.12,4.34,409.45,131.57,79.31,0,NONE
2026-05-24 06:14:58.283160,Stamping-Press-C,75.21,4.19,409.98,141.2,85.23,0,NONE
2026-05-24 06:16:58.283160,Cooling-Tower-D,71.18,3.85,410.28,116.19,70.18,0,NONE
2026-05-24 06:18:58.283160,Induction-Furnace-A,67.02,3.88,416.62,110.25,67.62,0,NONE
2026-05-24 06:20:58.283160,Cooling-Tower-D,62.76,4.76,412.17,124.81,75.73,0,NONE
2026-05-24 06:22:58.283160,Heavy-Extruder-B,79.82,3.45,425.36,103.9,65.06,0,NONE
2026-05-24 06:24:58.283160,Stamping-Press-C,81.99,5.3,424.52,117.4,73.37,0,NONE
2026-05-24 06:26:58.283160,Induction-Furnace-A,78.69,4.07,414.97,119.88,73.24,0,NONE
2026-05-24 06:28:58.283160,Stamping-Press-C,97.43,4.38,424.78,119.58,74.78,0,NONE
2026-05-24 06:30:58.283160,Induction-Furnace-A,97.28,3.43,422.44,121.33,75.46,0,NONE
2026-05-24 06:32:58.283160,Heavy-Extruder-B,121.65,4.49,412.75,187.48,113.92,1,ERR-TEMP-HIGH
2026-05-24 06:34:58.283160,Stamping-Press-C,67.06,4.24,404.95,109.1,65.04,0,NONE
2026-05-24 06:36:58.283160,Cooling-Tower-D,79.33,4.46,413.91,108.79,66.29,0,NONE
2026-05-24 06:38:58.283160,Induction-Furnace-A,79.0,5.68,411.78,95.7,58.01,0,NONE
2026-05-24 06:40:58.283160,Stamping-Press-C,78.43,4.64,416.03,125.13,76.64,0,NONE
2026-05-24 06:42:58.283160,Cooling-Tower-D,78.02,3.86,415.45,133.42,81.6,0,NONE
2026-05-24 06:44:58.283160,Stamping-Press-C,78.47,3.93,415.32,131.94,80.67,0,NONE
2026-05-24 06:46:58.283160,Stamping-Press-C,81.13,4.98,417.62,116.06,71.36,0,NONE
2026-05-24 06:48:58.283160,Stamping-Press-C,78.64,5.54,408.94,107.83,64.92,0,NONE
2026-05-24 06:50:58.283160,Induction-Furnace-A,87.08,4.73,417.06,131.16,80.53,0,NONE
2026-05-24 06:52:58.283160,Cooling-Tower-D,88.6,5.05,412.8,129.58,78.75,0,NONE
2026-05-24 06:54:58.283160,Heavy-Extruder-B,75.89,4.99,416.0,123.26,75.49,0,NONE
2026-05-24 06:56:58.283160,Induction-Furnace-A,97.71,5.64,419.79,146.16,90.33,0,NONE
2026-05-24 06:58:58.283160,Induction-Furnace-A,75.2,2.94,408.88,119.6,72.0,0,NONE
2026-05-24 07:00:58.283160,Induction-Furnace-A,68.82,5.03,413.59,116.15,70.72,0,NONE
2026-05-24 07:02:58.283160,Heavy-Extruder-B,88.81,5.29,414.41,114.0,69.55,0,NONE
2026-05-24 07:04:58.283160,Cooling-Tower-D,76.83,3.43,412.43,96.59,58.65,0,NONE
2026-05-24 07:06:58.283160,Cooling-Tower-D,88.21,3.79,419.5,129.92,80.24,0,NONE
2026-05-24 07:08:58.283160,Cooling-Tower-D,60.96,3.82,411.4,118.42,71.72,0,NONE
2026-05-24 07:10:58.283160,Stamping-Press-C,98.92,3.92,412.22,127.65,77.47,0,NONE
2026-05-24 07:12:58.283160,Stamping-Press-C,91.72,4.11,411.45,147.63,89.42,0,NONE
2026-05-24 07:14:58.283160,Stamping-Press-C,70.0,4.69,420.46,114.14,70.65,0,NONE
2026-05-24 07:16:58.283160,Heavy-Extruder-B,70.21,5.19,412.54,84.93,51.58,0,NONE
2026-05-24 07:18:58.283160,Stamping-Press-C,101.72,5.37,417.3,127.22,78.16,0,NONE
2026-05-24 07:20:58.283160,Heavy-Extruder-B,77.63,3.83,424.88,122.5,76.63,0,NONE
2026-05-24 07:22:58.283160,Cooling-Tower-D,76.66,3.82,414.63,109.01,66.54,0,NONE
2026-05-24 07:24:58.283160,Stamping-Press-C,62.34,5.55,420.56,125.96,77.99,0,NONE
2026-05-24 07:26:58.283160,Stamping-Press-C,81.49,5.02,423.36,131.79,82.14,0,NONE
2026-05-24 07:28:58.283160,Induction-Furnace-A,82.72,4.57,420.14,105.8,65.44,0,NONE
2026-05-24 07:30:58.283160,Heavy-Extruder-B,92.15,4.88,414.92,115.48,70.54,0,NONE
2026-05-24 07:32:58.283160,Cooling-Tower-D,71.01,4.48,418.21,142.15,87.52,0,NONE
2026-05-24 07:34:58.283160,Induction-Furnace-A,69.8,4.92,408.56,109.18,65.67,0,NONE
2026-05-24 07:36:58.283160,Induction-Furnace-A,89.51,4.23,411.1,121.0,73.23,0,NONE
2026-05-24 07:38:58.283160,Cooling-Tower-D,95.07,4.72,411.98,80.63,48.91,0,NONE
2026-05-24 07:40:58.283160,Induction-Furnace-A,69.29,3.29,426.2,97.77,61.35,0,NONE
2026-05-24 07:42:58.283160,Heavy-Extruder-B,95.82,3.95,410.94,122.36,74.03,0,NONE
2026-05-24 07:44:58.283160,Heavy-Extruder-B,85.38,3.96,410.86,138.42,83.73,0,NONE
2026-05-24 07:46:58.283160,Stamping-Press-C,95.92,4.2,409.78,99.57,60.07,0,NONE
2026-05-24 07:48:58.283160,Induction-Furnace-A,84.3,3.76,417.8,121.12,74.5,0,NONE
2026-05-24 07:50:58.283160,Stamping-Press-C,59.78,4.07,415.71,114.36,69.99,0,NONE
2026-05-24 07:52:58.283160,Induction-Furnace-A,83.48,3.29,420.43,134.3,83.12,0,NONE
2026-05-24 07:54:58.283160,Heavy-Extruder-B,95.6,4.94,418.36,101.73,62.66,0,NONE
2026-05-24 07:56:58.283160,Heavy-Extruder-B,76.06,4.43,408.1,126.45,75.97,0,NONE
2026-05-24 07:58:58.283160,Heavy-Extruder-B,81.12,3.14,410.96,110.19,66.67,0,NONE
2026-05-24 08:00:58.283160,Induction-Furnace-A,83.24,3.83,421.83,123.35,76.6,0,NONE
2026-05-24 08:02:58.283160,Heavy-Extruder-B,56.0,4.77,413.98,121.03,73.77,0,NONE
2026-05-24 08:04:58.283160,Induction-Furnace-A,101.71,4.07,420.94,116.22,72.02,0,NONE
2026-05-24 08:06:58.283160,Stamping-Press-C,75.99,3.94,414.25,127.17,77.55,0,NONE
2026-05-24 08:08:58.283160,Induction-Furnace-A,90.06,4.44,410.16,120.65,72.86,0,NONE
2026-05-24 08:10:58.283160,Stamping-Press-C,84.13,4.77,413.48,118.01,71.84,0,NONE
2026-05-24 08:12:58.283160,Induction-Furnace-A,97.58,3.35,410.16,114.65,69.23,0,NONE
2026-05-24 08:14:58.283160,Stamping-Press-C,89.06,4.94,412.17,121.16,73.52,0,NONE
2026-05-24 08:16:58.283160,Heavy-Extruder-B,82.65,3.86,416.0,123.33,75.53,0,NONE
2026-05-24 08:18:58.283160,Stamping-Press-C,76.06,4.49,417.56,105.16,64.65,0,NONE
2026-05-24 08:20:58.283160,Heavy-Extruder-B,92.98,4.47,407.05,114.76,68.77,0,NONE
2026-05-24 08:22:58.283160,Heavy-Extruder-B,66.27,4.08,414.91,104.17,63.63,0,NONE
2026-05-24 08:24:58.283160,Stamping-Press-C,91.46,3.68,412.07,119.4,72.43,0,NONE
2026-05-24 08:26:58.283160,Induction-Furnace-A,74.01,4.27,411.76,111.12,67.36,0,NONE
2026-05-24 08:28:58.283160,Induction-Furnace-A,97.52,5.8,415.66,131.56,80.51,0,NONE
2026-05-24 08:30:58.283160,Cooling-Tower-D,86.61,3.41,412.25,130.09,78.95,0,NONE
2026-05-24 08:32:58.283160,Induction-Furnace-A,91.44,12.35,421.91,106.16,65.94,1,ERR-VIB-WARN
2026-05-24 08:34:58.283160,Cooling-Tower-D,85.82,4.29,420.94,119.97,74.34,0,NONE
2026-05-24 08:36:58.283160,Induction-Furnace-A,67.48,4.53,420.91,129.58,80.29,0,NONE
2026-05-24 08:38:58.283160,Induction-Furnace-A,76.39,3.63,412.53,117.37,71.28,0,NONE
2026-05-24 08:40:58.283160,Heavy-Extruder-B,91.72,3.88,410.19,109.08,65.87,0,NONE
2026-05-24 08:42:58.283160,Cooling-Tower-D,86.67,4.1,415.41,103.61,63.37,0,NONE
2026-05-24 08:44:58.283160,Induction-Furnace-A,96.81,3.66,414.25,132.81,81.0,0,NONE
2026-05-24 08:46:58.283160,Cooling-Tower-D,89.03,4.33,411.96,133.54,80.99,0,NONE
2026-05-24 08:48:58.283160,Heavy-Extruder-B,75.33,4.17,409.12,116.88,70.4,0,NONE
2026-05-24 08:50:58.283160,Heavy-Extruder-B,77.04,5.98,414.79,131.49,80.3,0,NONE
2026-05-24 08:52:58.283160,Cooling-Tower-D,86.03,3.57,412.98,75.52,45.92,0,NONE
2026-05-24 08:54:58.283160,Heavy-Extruder-B,61.86,4.58,418.44,139.91,86.19,0,NONE
2026-05-24 08:56:58.283160,Stamping-Press-C,101.73,4.7,418.33,117.65,72.45,0,NONE
2026-05-24 08:58:58.283160,Stamping-Press-C,89.42,3.64,420.5,122.13,75.6,0,NONE
2026-05-24 09:00:58.283160,Heavy-Extruder-B,97.27,5.05,408.7,115.19,69.31,0,NONE
2026-05-24 09:02:58.283160,Stamping-Press-C,69.19,4.18,417.01,140.94,86.52,0,NONE
2026-05-24 09:04:58.283160,Induction-Furnace-A,97.45,2.51,411.36,104.09,63.04,0,NONE
2026-05-24 09:06:58.283160,Cooling-Tower-D,107.31,5.03,408.9,142.12,85.55,0,NONE
2026-05-24 09:08:58.283160,Induction-Furnace-A,71.79,3.61,412.86,125.94,76.55,0,NONE
2026-05-24 09:10:58.283160,Cooling-Tower-D,92.71,3.66,420.34,129.34,80.04,0,NONE
2026-05-24 09:12:58.283160,Heavy-Extruder-B,85.01,5.05,413.14,115.06,69.98,0,NONE
2026-05-24 09:14:58.283160,Induction-Furnace-A,69.56,4.22,422.83,100.38,62.48,0,NONE
2026-05-24 09:16:58.283160,Heavy-Extruder-B,89.93,5.23,417.74,133.96,82.38,0,NONE
2026-05-24 09:18:58.283160,Heavy-Extruder-B,93.34,5.47,413.03,124.67,75.81,0,NONE
2026-05-24 09:20:58.283160,Cooling-Tower-D,78.99,3.98,420.8,140.42,86.99,0,NONE
2026-05-24 09:22:58.283160,Cooling-Tower-D,96.66,5.13,417.23,117.09,71.92,0,NONE
2026-05-24 09:24:58.283160,Cooling-Tower-D,68.33,3.9,410.34,113.71,68.69,0,NONE
2026-05-24 09:26:58.283160,Induction-Furnace-A,70.05,6.29,424.29,140.82,87.96,0,NONE
2026-05-24 09:28:58.283160,Stamping-Press-C,86.37,3.95,416.3,148.68,91.12,0,NONE
2026-05-24 09:30:58.283160,Cooling-Tower-D,85.25,5.32,415.09,120.14,73.42,0,NONE
2026-05-24 09:32:58.283160,Cooling-Tower-D,77.83,5.18,410.72,108.71,65.73,0,NONE
2026-05-24 09:34:58.283160,Induction-Furnace-A,93.1,4.75,420.9,132.16,81.89,0,NONE
2026-05-24 09:36:58.283160,Cooling-Tower-D,90.31,3.96,417.59,116.19,71.43,0,NONE
2026-05-24 09:38:58.283160,Induction-Furnace-A,93.58,4.38,418.15,128.99,79.4,0,NONE
2026-05-24 09:40:58.283160,Heavy-Extruder-B,83.77,2.78,412.46,116.11,70.51,0,NONE
2026-05-24 09:42:58.283160,Cooling-Tower-D,91.03,4.68,419.17,143.46,88.53,0,NONE
2026-05-24 09:44:58.283160,Cooling-Tower-D,80.54,4.78,419.56,109.51,67.64,0,NONE
2026-05-24 09:46:58.283160,Heavy-Extruder-B,105.54,4.61,411.66,127.21,77.09,0,NONE
2026-05-24 09:48:58.283160,Heavy-Extruder-B,76.87,2.12,407.92,112.67,67.66,0,NONE
2026-05-24 09:50:58.283160,Heavy-Extruder-B,106.05,3.49,417.91,115.78,71.23,0,NONE
2026-05-24 09:52:58.283160,Cooling-Tower-D,85.35,3.9,407.13,113.82,68.22,0,NONE
2026-05-24 09:54:58.283160,Stamping-Press-C,71.24,4.73,415.76,131.08,80.23,0,NONE
2026-05-24 09:56:58.283160,Stamping-Press-C,98.68,4.73,412.76,133.78,81.29,0,NONE
2026-05-24 09:58:58.283160,Stamping-Press-C,86.26,4.36,421.09,128.37,79.58,0,NONE
2026-05-24 10:00:58.283160,Cooling-Tower-D,93.51,5.01,413.04,118.38,71.98,0,NONE
2026-05-24 10:02:58.283160,Heavy-Extruder-B,97.24,3.68,420.54,122.1,75.6,0,NONE
2026-05-24 10:04:58.283160,Cooling-Tower-D,88.38,4.99,412.43,133.47,81.04,0,NONE
2026-05-24 10:06:58.283160,Heavy-Extruder-B,79.08,4.88,420.0,133.94,82.82,0,NONE
2026-05-24 10:08:58.283160,Cooling-Tower-D,94.76,4.8,425.3,79.65,49.87,0,NONE
2026-05-24 10:10:58.283160,Cooling-Tower-D,85.01,4.35,409.66,115.92,69.91,0,NONE
2026-05-24 10:12:58.283160,Heavy-Extruder-B,91.86,5.96,416.46,116.64,71.51,0,NONE
2026-05-24 10:14:58.283160,Stamping-Press-C,63.46,4.89,428.74,130.04,82.08,0,NONE
2026-05-24 10:16:58.283160,Heavy-Extruder-B,89.47,3.73,415.33,119.0,72.76,0,NONE
2026-05-24 10:18:58.283160,Induction-Furnace-A,78.61,4.7,415.31,130.79,79.97,0,NONE
2026-05-24 10:20:58.283160,Induction-Furnace-A,101.53,5.1,418.94,103.82,64.03,0,NONE
2026-05-24 10:22:58.283160,Heavy-Extruder-B,91.23,4.03,415.21,123.9,75.74,0,NONE
2026-05-24 10:24:58.283160,Cooling-Tower-D,87.4,5.37,406.46,133.5,79.89,0,NONE
2026-05-24 10:26:58.283160,Induction-Furnace-A,89.86,4.81,420.66,97.88,60.62,0,NONE
2026-05-24 10:28:58.283160,Induction-Furnace-A,75.02,2.63,404.99,157.7,94.03,0,NONE
2026-05-24 10:30:58.283160,Cooling-Tower-D,101.23,4.74,412.92,137.86,83.81,0,NONE
2026-05-24 10:32:58.283160,Cooling-Tower-D,104.91,4.18,421.04,120.02,74.39,0,NONE
2026-05-24 10:34:58.283160,Stamping-Press-C,88.93,4.93,413.22,107.57,65.44,0,NONE
2026-05-24 10:36:58.283160,Cooling-Tower-D,100.9,5.26,411.53,117.37,71.11,0,NONE
2026-05-24 10:38:58.283160,Heavy-Extruder-B,79.31,4.66,419.4,121.26,74.87,0,NONE
2026-05-24 10:40:58.283160,Heavy-Extruder-B,77.03,5.83,410.74,126.61,76.56,0,NONE
2026-05-24 10:42:58.283160,Stamping-Press-C,85.41,4.36,408.89,142.51,85.79,0,NONE
2026-05-24 10:44:58.283160,Induction-Furnace-A,89.35,5.0,416.37,112.86,69.18,0,NONE
2026-05-24 10:46:58.283160,Induction-Furnace-A,81.06,5.14,414.09,128.44,78.3,0,NONE
2026-05-24 10:48:58.283160,Cooling-Tower-D,90.38,4.42,408.78,100.61,60.55,0,NONE
2026-05-24 10:50:58.283160,Heavy-Extruder-B,88.06,5.12,418.18,113.8,70.06,0,NONE
2026-05-24 10:52:58.283160,Induction-Furnace-A,75.02,4.02,417.32,125.65,77.2,0,NONE
2026-05-24 10:54:58.283160,Stamping-Press-C,90.19,4.16,413.2,130.37,79.31,0,NONE
2026-05-24 10:56:58.283160,Stamping-Press-C,93.64,3.45,413.54,108.7,66.18,0,NONE
2026-05-24 10:58:58.283160,Heavy-Extruder-B,86.71,4.69,417.35,113.39,69.67,0,NONE
2026-05-24 11:00:58.283160,Stamping-Press-C,96.53,4.76,420.95,141.91,87.94,0,NONE
2026-05-24 11:02:58.283160,Stamping-Press-C,72.83,5.44,413.59,137.43,83.68,0,NONE
2026-05-24 11:04:58.283160,Heavy-Extruder-B,89.68,5.13,418.27,123.13,75.82,0,NONE
2026-05-24 11:06:58.283160,Cooling-Tower-D,73.3,4.27,417.83,86.45,53.18,0,NONE
2026-05-24 11:08:58.283160,Cooling-Tower-D,73.86,3.56,419.4,157.67,97.35,0,NONE
2026-05-24 11:10:58.283160,Stamping-Press-C,78.69,4.85,415.2,119.7,73.17,0,NONE
2026-05-24 11:12:58.283160,Cooling-Tower-D,75.58,5.39,410.44,115.31,69.68,0,NONE
2026-05-24 11:14:58.283160,Cooling-Tower-D,79.52,5.1,412.69,112.16,68.15,0,NONE
2026-05-24 11:16:58.283160,Stamping-Press-C,82.86,5.37,416.71,125.65,77.08,0,NONE
2026-05-24 11:18:58.283160,Cooling-Tower-D,93.37,4.33,424.09,125.8,78.54,0,NONE
2026-05-24 11:20:58.283160,Stamping-Press-C,81.79,4.13,412.58,134.26,81.55,0,NONE
2026-05-24 11:22:58.283160,Induction-Furnace-A,69.14,3.91,419.02,106.11,65.46,0,NONE
2026-05-24 11:24:58.283160,Heavy-Extruder-B,96.4,4.46,413.36,115.31,70.17,0,NONE
2026-05-24 11:26:58.283160,Heavy-Extruder-B,76.63,4.44,415.55,150.46,92.05,0,NONE
2026-05-24 11:28:58.283160,Cooling-Tower-D,84.41,4.67,422.58,123.37,76.75,0,NONE
2026-05-24 11:30:58.283160,Cooling-Tower-D,89.47,4.4,418.82,117.41,72.4,0,NONE
2026-05-24 11:32:58.283160,Cooling-Tower-D,127.0,4.39,408.79,185.88,111.86,1,ERR-TEMP-HIGH
2026-05-24 11:34:58.283160,Heavy-Extruder-B,95.94,3.88,412.14,127.59,77.41,0,NONE
2026-05-24 11:36:58.283160,Induction-Furnace-A,89.79,5.25,421.28,135.47,84.02,0,NONE
2026-05-24 11:38:58.283160,Induction-Furnace-A,76.39,4.56,415.71,133.12,81.47,0,NONE
2026-05-24 11:40:58.283160,Heavy-Extruder-B,106.79,4.36,409.26,116.12,69.96,0,NONE
2026-05-24 11:42:58.283160,Induction-Furnace-A,86.94,3.9,410.91,125.42,75.87,0,NONE
2026-05-24 11:44:58.283160,Heavy-Extruder-B,83.53,3.43,418.52,145.07,89.39,0,NONE
2026-05-24 11:46:58.283160,Induction-Furnace-A,94.64,5.55,419.97,136.06,84.13,0,NONE
2026-05-24 11:48:58.283160,Stamping-Press-C,87.49,4.94,415.09,108.24,66.14,0,NONE
2026-05-24 11:50:58.283160,Stamping-Press-C,88.99,3.2,427.38,81.81,51.47,0,NONE
2026-05-24 11:52:58.283160,Heavy-Extruder-B,109.92,5.11,419.12,124.45,76.79,0,NONE
2026-05-24 11:54:58.283160,Induction-Furnace-A,82.25,5.24,413.78,131.98,80.4,0,NONE
2026-05-24 11:56:58.283160,Cooling-Tower-D,81.82,4.6,410.92,103.66,62.71,0,NONE
2026-05-24 11:58:58.283160,Induction-Furnace-A,86.17,5.78,410.13,119.87,72.37,0,NONE
2026-05-24 12:00:58.283160,Stamping-Press-C,95.72,4.67,416.68,116.04,71.19,0,NONE
2026-05-24 12:02:58.283160,Stamping-Press-C,69.93,3.37,412.56,121.56,73.83,0,NONE
2026-05-24 12:04:58.283160,Induction-Furnace-A,65.34,4.79,423.37,111.83,69.7,0,NONE
2026-05-24 12:06:58.283160,Induction-Furnace-A,79.13,4.7,422.33,139.36,86.65,0,NONE
2026-05-24 12:08:58.283160,Cooling-Tower-D,68.66,4.02,418.17,122.22,75.24,0,NONE
2026-05-24 12:10:58.283160,Cooling-Tower-D,80.75,4.96,409.11,106.81,64.33,0,NONE
2026-05-24 12:12:58.283160,Induction-Furnace-A,90.02,3.17,411.64,133.76,81.06,0,NONE
2026-05-24 12:14:58.283160,Induction-Furnace-A,76.09,5.29,421.28,101.04,62.66,0,NONE
2026-05-24 12:16:58.283160,Induction-Furnace-A,70.73,3.8,412.18,139.27,84.51,0,NONE
2026-05-24 12:18:58.283160,Induction-Furnace-A,85.69,3.71,420.61,134.87,83.51,0,NONE
2026-05-24 12:20:58.283160,Heavy-Extruder-B,93.63,4.41,417.37,140.85,86.54,0,NONE
2026-05-24 12:22:58.283160,Induction-Furnace-A,68.05,4.85,415.26,117.63,71.91,0,NONE
2026-05-24 12:24:58.283160,Cooling-Tower-D,93.2,4.63,411.49,112.56,68.19,0,NONE
2026-05-24 12:26:58.283160,Stamping-Press-C,93.17,3.91,414.53,121.26,74.0,0,NONE
2026-05-24 12:28:58.283160,Heavy-Extruder-B,94.54,4.1,415.95,118.73,72.71,0,NONE
2026-05-24 12:30:58.283160,Induction-Furnace-A,97.18,3.59,420.16,110.21,68.17,0,NONE
2026-05-24 12:32:58.283160,Stamping-Press-C,107.02,4.32,410.57,111.7,67.51,0,NONE
2026-05-24 12:34:58.283160,Heavy-Extruder-B,81.44,5.36,413.69,114.5,69.74,0,NONE
2026-05-24 12:36:58.283160,Stamping-Press-C,86.1,4.5,415.22,102.45,62.63,0,NONE
2026-05-24 12:38:58.283160,Induction-Furnace-A,80.84,5.19,418.31,130.17,80.16,0,NONE
2026-05-24 12:40:58.283160,Induction-Furnace-A,85.02,5.66,410.46,119.22,72.04,0,NONE
2026-05-24 12:42:58.283160,Cooling-Tower-D,100.33,4.03,408.42,115.37,69.37,0,NONE
2026-05-24 12:44:58.283160,Induction-Furnace-A,71.55,4.35,418.37,103.34,63.65,0,NONE
2026-05-24 12:46:58.283160,Induction-Furnace-A,76.39,6.24,407.41,102.59,61.54,0,NONE
2026-05-24 12:48:58.283160,Heavy-Extruder-B,98.77,5.66,421.42,149.04,92.47,0,NONE
2026-05-24 12:50:58.283160,Cooling-Tower-D,95.2,3.16,414.22,110.59,67.44,0,NONE
2026-05-24 12:52:58.283160,Heavy-Extruder-B,81.37,4.81,407.26,129.16,77.44,0,NONE
2026-05-24 12:54:58.283160,Stamping-Press-C,93.54,4.5,412.6,122.44,74.37,0,NONE
2026-05-24 12:56:58.283160,Induction-Furnace-A,88.41,5.16,416.9,78.37,48.1,0,NONE
2026-05-24 12:58:58.283160,Stamping-Press-C,100.0,3.9,412.34,146.89,89.17,0,NONE
2026-05-24 13:00:58.283160,Heavy-Extruder-B,85.75,3.83,415.1,130.26,79.6,0,NONE
2026-05-24 13:02:58.283160,Induction-Furnace-A,95.26,3.96,418.7,108.48,66.87,0,NONE
2026-05-24 13:04:58.283160,Induction-Furnace-A,111.42,4.04,413.99,119.57,72.88,1,ERR-TEMP-HIGH
2026-05-24 13:06:58.283160,Heavy-Extruder-B,90.98,5.15,410.31,102.76,62.08,0,NONE
2026-05-24 13:08:58.283160,Heavy-Extruder-B,85.49,3.56,413.51,147.39,89.73,0,NONE
2026-05-24 13:10:58.283160,Heavy-Extruder-B,92.22,4.0,422.07,106.39,66.11,0,NONE
2026-05-24 13:12:58.283160,Heavy-Extruder-B,81.35,3.07,423.43,112.15,69.91,0,NONE
2026-05-24 13:14:58.283160,Heavy-Extruder-B,108.88,5.31,404.9,109.06,65.01,0,NONE
2026-05-24 13:16:58.283160,Induction-Furnace-A,86.8,5.52,420.46,121.21,75.03,0,NONE
2026-05-24 13:18:58.283160,Heavy-Extruder-B,82.27,4.24,416.25,140.55,86.13,0,NONE
2026-05-24 13:20:58.283160,Induction-Furnace-A,76.64,4.26,419.62,146.84,90.71,0,NONE
2026-05-24 13:22:58.283160,Induction-Furnace-A,95.97,4.86,412.25,114.02,69.2,0,NONE
2026-05-24 13:24:58.283160,Heavy-Extruder-B,93.67,5.68,406.16,125.67,75.15,0,NONE
2026-05-24 13:26:58.283160,Heavy-Extruder-B,80.03,4.83,417.92,121.23,74.59,0,NONE
2026-05-24 13:28:58.283160,Cooling-Tower-D,90.76,3.94,410.3,105.28,63.59,0,NONE
2026-05-24 13:30:58.283160,Induction-Furnace-A,69.91,3.2,408.06,156.34,93.92,0,NONE
2026-05-24 13:32:58.283160,Heavy-Extruder-B,86.85,3.61,408.41,140.44,84.44,0,NONE
2026-05-24 13:34:58.283160,Heavy-Extruder-B,89.53,4.56,418.0,122.84,75.59,0,NONE
2026-05-24 13:36:58.283160,Heavy-Extruder-B,102.07,3.98,415.7,143.73,87.96,0,NONE
2026-05-24 13:38:58.283160,Cooling-Tower-D,77.29,4.66,418.91,138.18,85.22,0,NONE
2026-05-24 13:40:58.283160,Cooling-Tower-D,72.22,4.06,418.35,121.23,74.66,0,NONE
2026-05-24 13:42:58.283160,Stamping-Press-C,76.05,3.65,412.9,124.89,75.92,0,NONE
2026-05-24 13:44:58.283160,Induction-Furnace-A,71.63,3.56,414.65,142.68,87.1,0,NONE
2026-05-24 13:46:58.283160,Stamping-Press-C,98.37,5.75,412.44,105.81,64.25,0,NONE
2026-05-24 13:48:58.283160,Heavy-Extruder-B,100.49,5.21,413.95,145.11,88.43,0,NONE
2026-05-24 13:50:58.283160,Cooling-Tower-D,88.2,5.88,410.16,116.62,70.42,0,NONE
2026-05-24 13:52:58.283160,Cooling-Tower-D,97.21,4.93,416.95,142.87,87.7,0,NONE
2026-05-24 13:54:58.283160,Stamping-Press-C,86.34,4.16,420.38,119.92,74.22,0,NONE
2026-05-24 13:56:58.283160,Cooling-Tower-D,84.05,5.56,410.92,125.06,75.66,0,NONE
2026-05-24 13:58:58.283160,Heavy-Extruder-B,81.67,4.47,421.41,119.49,74.13,0,NONE
2026-05-24 14:00:58.283160,Cooling-Tower-D,81.9,4.68,415.57,112.02,68.54,0,NONE
2026-05-24 14:02:58.283160,Stamping-Press-C,69.52,4.47,416.21,115.95,71.05,0,NONE
2026-05-24 14:04:58.283160,Heavy-Extruder-B,87.64,2.14,406.5,140.69,84.19,0,NONE
2026-05-24 14:06:58.283160,Stamping-Press-C,84.6,5.78,405.96,85.29,50.97,0,NONE
2026-05-24 14:08:58.283160,Cooling-Tower-D,92.45,4.89,415.72,101.42,62.07,0,NONE
2026-05-24 14:10:58.283160,Stamping-Press-C,85.94,4.76,418.95,109.12,67.3,0,NONE
2026-05-24 14:12:58.283160,Stamping-Press-C,83.37,4.45,411.64,103.82,62.92,0,NONE
2026-05-24 14:14:58.283160,Induction-Furnace-A,76.29,4.63,423.35,142.65,88.91,0,NONE
2026-05-24 14:16:58.283160,Cooling-Tower-D,85.72,4.02,418.67,138.87,85.59,0,NONE
2026-05-24 14:18:58.283160,Cooling-Tower-D,92.38,4.99,410.46,128.88,77.88,0,NONE
2026-05-24 14:20:58.283160,Stamping-Press-C,73.57,3.45,415.15,110.43,67.5,0,NONE
2026-05-24 14:22:58.283160,Induction-Furnace-A,85.87,4.65,427.38,140.03,88.1,0,NONE
2026-05-24 14:24:58.283160,Cooling-Tower-D,87.33,4.95,408.79,96.18,57.88,0,NONE
2026-05-24 14:26:58.283160,Heavy-Extruder-B,77.82,4.34,417.64,152.13,93.54,0,NONE
2026-05-24 14:28:58.283160,Stamping-Press-C,79.12,4.8,413.39,109.73,66.78,0,NONE
2026-05-24 14:30:58.283160,Cooling-Tower-D,87.31,3.71,418.53,116.07,71.52,0,NONE
2026-05-24 14:32:58.283160,Heavy-Extruder-B,73.67,3.73,421.34,113.56,70.44,0,NONE
2026-05-24 14:34:58.283160,Cooling-Tower-D,88.5,4.69,413.07,103.9,63.19,0,NONE
2026-05-24 14:36:58.283160,Heavy-Extruder-B,76.05,5.04,420.59,148.88,92.18,0,NONE
2026-05-24 14:38:58.283160,Stamping-Press-C,95.63,3.0,426.11,131.83,82.7,0,NONE
2026-05-24 14:40:58.283160,Cooling-Tower-D,108.38,4.92,415.33,138.23,84.52,0,NONE
2026-05-24 14:42:58.283160,Cooling-Tower-D,76.39,4.07,418.92,101.64,62.69,0,NONE
2026-05-24 14:44:58.283160,Induction-Furnace-A,90.34,4.35,412.05,122.71,74.44,0,NONE
2026-05-24 14:46:58.283160,Stamping-Press-C,77.73,3.43,415.1,127.82,78.11,0,NONE
2026-05-24 14:48:58.283160,Heavy-Extruder-B,95.41,3.82,414.12,124.06,75.64,0,NONE
2026-05-24 14:50:58.283160,Cooling-Tower-D,72.35,5.27,418.98,102.59,63.28,0,NONE
2026-05-24 14:52:58.283160,Cooling-Tower-D,89.81,4.53,421.02,136.13,84.38,0,NONE
2026-05-24 14:54:58.283160,Heavy-Extruder-B,76.27,4.19,414.45,121.82,74.33,0,NONE
2026-05-24 14:56:58.283160,Stamping-Press-C,82.93,4.41,422.67,105.68,65.76,0,NONE
2026-05-24 14:58:58.283160,Induction-Furnace-A,74.69,4.89,422.65,92.17,57.35,0,NONE
2026-05-24 15:00:58.283160,Induction-Furnace-A,93.22,4.85,419.23,129.1,79.68,0,NONE
2026-05-24 15:02:58.283160,Cooling-Tower-D,76.63,4.44,412.42,156.76,95.18,0,NONE
2026-05-24 15:04:58.283160,Heavy-Extruder-B,90.52,5.37,411.94,104.77,63.54,0,NONE
2026-05-24 15:06:58.283160,Cooling-Tower-D,81.56,5.28,410.94,122.56,74.14,0,NONE
2026-05-24 15:08:58.283160,Heavy-Extruder-B,83.86,4.83,419.75,136.66,84.45,0,NONE
2026-05-24 15:10:58.283160,Induction-Furnace-A,86.48,4.54,408.94,100.96,60.78,0,NONE
2026-05-24 15:12:58.283160,Stamping-Press-C,77.38,5.03,418.38,112.8,69.48,0,NONE
2026-05-24 15:14:58.283160,Heavy-Extruder-B,87.1,4.75,409.59,107.1,64.58,0,NONE
2026-05-24 15:16:58.283160,Induction-Furnace-A,100.3,5.35,419.12,134.77,83.16,0,NONE
2026-05-24 15:18:58.283160,Cooling-Tower-D,77.22,5.22,415.09,139.88,85.48,0,NONE
2026-05-24 15:20:58.283160,Heavy-Extruder-B,96.72,3.69,421.67,122.39,75.97,0,NONE
2026-05-24 15:22:58.283160,Stamping-Press-C,99.98,3.63,420.71,107.37,66.5,0,NONE
2026-05-24 15:24:58.283160,Cooling-Tower-D,76.84,3.94,422.18,113.36,70.46,0,NONE
2026-05-24 15:26:58.283160,Cooling-Tower-D,70.45,5.28,422.3,110.54,68.73,0,NONE
2026-05-24 15:28:58.283160,Induction-Furnace-A,88.02,3.24,415.72,105.34,64.47,0,NONE
2026-05-24 15:30:58.283160,Heavy-Extruder-B,79.53,4.82,409.21,118.47,71.37,0,NONE
2026-05-24 15:32:58.283160,Cooling-Tower-D,103.69,4.79,409.74,128.62,77.59,0,NONE
2026-05-24 15:34:58.283160,Stamping-Press-C,85.35,5.43,404.57,127.35,75.85,0,NONE
2026-05-24 15:36:58.283160,Heavy-Extruder-B,76.98,4.64,409.58,119.88,72.28,0,NONE
2026-05-24 15:38:58.283160,Stamping-Press-C,73.53,3.43,415.34,120.86,73.9,0,NONE
2026-05-24 15:40:58.283160,Cooling-Tower-D,95.9,3.73,412.2,118.78,72.08,0,NONE
2026-05-24 15:42:58.283160,Stamping-Press-C,79.29,3.55,414.1,100.54,61.29,0,NONE
2026-05-24 15:44:58.283160,Induction-Furnace-A,85.44,4.07,417.46,122.4,75.23,0,NONE
2026-05-24 15:46:58.283160,Stamping-Press-C,94.56,4.35,413.48,111.25,67.72,0,NONE
2026-05-24 15:48:58.283160,Heavy-Extruder-B,80.16,3.57,409.39,99.79,60.14,0,NONE
2026-05-24 15:50:58.283160,Stamping-Press-C,84.54,5.68,414.73,125.56,76.66,0,NONE
2026-05-24 15:52:58.283160,Stamping-Press-C,84.83,9.94,410.51,110.82,66.98,1,ERR-VIB-WARN
2026-05-24 15:54:58.283160,Induction-Furnace-A,91.83,5.58,413.65,123.42,75.16,0,NONE
2026-05-24 15:56:58.283160,Stamping-Press-C,90.91,5.45,421.71,132.71,82.4,0,NONE
2026-05-24 15:58:58.283160,Stamping-Press-C,82.8,5.22,413.65,105.75,64.4,0,NONE
2026-05-24 16:00:58.283160,Cooling-Tower-D,85.64,3.94,423.85,121.38,75.74,0,NONE
2026-05-24 16:02:58.283160,Cooling-Tower-D,81.28,4.77,422.16,92.84,57.7,0,NONE
2026-05-24 16:04:58.283160,Heavy-Extruder-B,70.22,3.48,412.1,142.99,86.75,0,NONE
2026-05-24 16:06:58.283160,Cooling-Tower-D,87.58,5.23,409.44,99.61,60.05,0,NONE
2026-05-24 16:08:58.283160,Cooling-Tower-D,103.92,4.44,414.74,112.28,68.55,0,NONE
2026-05-24 16:10:58.283160,Cooling-Tower-D,76.16,4.17,420.77,140.08,86.77,0,NONE
2026-05-24 16:12:58.283160,Cooling-Tower-D,77.27,3.52,412.55,116.48,70.75,0,NONE
2026-05-24 16:14:58.283160,Induction-Furnace-A,76.29,2.52,419.54,102.04,63.02,0,NONE
2026-05-24 16:16:58.283160,Cooling-Tower-D,92.25,3.67,421.04,130.7,81.01,0,NONE
2026-05-24 16:18:58.283160,Induction-Furnace-A,89.48,5.39,411.13,130.36,78.9,0,NONE
2026-05-24 16:20:58.283160,Induction-Furnace-A,83.41,4.18,411.62,110.5,66.96,0,NONE
2026-05-24 16:22:58.283160,Cooling-Tower-D,75.82,4.36,418.56,112.13,69.09,0,NONE
2026-05-24 16:24:58.283160,Stamping-Press-C,85.92,5.02,415.76,113.47,69.45,0,NONE
2026-05-24 16:26:58.283160,Induction-Furnace-A,69.35,5.94,411.57,116.89,70.83,0,NONE
2026-05-24 16:28:58.283160,Stamping-Press-C,86.43,5.56,413.24,91.61,55.73,0,NONE
2026-05-24 16:30:58.283160,Stamping-Press-C,93.72,3.72,414.65,117.28,71.59,0,NONE
2026-05-24 16:32:58.283160,Cooling-Tower-D,112.49,2.95,407.18,226.76,135.93,1,ERR-TEMP-HIGH
2026-05-24 16:34:58.283160,Heavy-Extruder-B,69.67,6.39,418.83,106.56,65.71,0,NONE
2026-05-24 16:36:58.283160,Cooling-Tower-D,100.79,6.32,412.61,111.25,67.58,0,NONE
2026-05-24 16:38:58.283160,Heavy-Extruder-B,78.88,4.65,401.08,102.25,60.37,0,NONE
2026-05-24 16:40:58.283160,Heavy-Extruder-B,96.36,3.48,414.88,129.18,78.9,0,NONE
2026-05-24 16:42:58.283160,Cooling-Tower-D,83.46,5.27,411.29,138.05,83.59,0,NONE
2026-05-24 16:44:58.283160,Cooling-Tower-D,83.38,4.41,423.44,137.7,85.84,0,NONE
2026-05-24 16:46:58.283160,Heavy-Extruder-B,89.38,4.41,412.07,101.28,61.44,0,NONE
2026-05-24 16:48:58.283160,Cooling-Tower-D,76.16,5.22,409.51,127.5,76.87,0,NONE
2026-05-24 16:50:58.283160,Heavy-Extruder-B,86.32,4.77,417.54,141.51,86.98,0,NONE
2026-05-24 16:52:58.283160,Stamping-Press-C,81.19,3.55,411.7,127.64,77.37,0,NONE
2026-05-24 16:54:58.283160,Cooling-Tower-D,71.8,4.24,411.1,127.18,76.97,0,NONE
2026-05-24 16:56:58.283160,Stamping-Press-C,88.37,5.03,417.55,112.93,69.42,0,NONE
2026-05-24 16:58:58.283160,Induction-Furnace-A,82.37,4.91,409.8,123.3,74.39,0,NONE
2026-05-24 17:00:58.283160,Stamping-Press-C,83.43,4.71,407.71,138.54,83.16,0,NONE
2026-05-24 17:02:58.283160,Stamping-Press-C,72.9,5.25,423.63,124.92,77.91,0,NONE
2026-05-24 17:04:58.283160,Heavy-Extruder-B,100.91,4.21,417.9,101.28,62.31,0,NONE
2026-05-24 17:06:58.283160,Stamping-Press-C,93.77,4.64,413.68,113.16,68.92,0,NONE
2026-05-24 17:08:58.283160,Cooling-Tower-D,94.64,1.8,414.98,138.14,84.39,0,NONE
2026-05-24 17:10:58.283160,Heavy-Extruder-B,81.95,4.14,417.53,124.87,76.76,0,NONE
2026-05-24 17:12:58.283160,Induction-Furnace-A,67.71,5.11,419.87,121.79,75.28,0,NONE
2026-05-24 17:14:58.283160,Cooling-Tower-D,104.53,4.19,411.22,111.69,67.62,0,NONE
2026-05-24 17:16:58.283160,Induction-Furnace-A,84.39,4.13,416.83,137.83,84.58,0,NONE
2026-05-24 17:18:58.283160,Stamping-Press-C,77.51,3.67,412.47,144.94,88.01,0,NONE
2026-05-24 17:20:58.283160,Cooling-Tower-D,89.17,5.3,414.06,138.95,84.7,0,NONE
2026-05-24 17:22:58.283160,Cooling-Tower-D,96.67,4.94,415.8,141.64,86.7,0,NONE
2026-05-24 17:24:58.283160,Induction-Furnace-A,84.77,5.16,414.97,114.62,70.02,0,NONE
2026-05-24 17:26:58.283160,Cooling-Tower-D,97.79,3.12,418.68,112.5,69.34,0,NONE
2026-05-24 17:28:58.283160,Cooling-Tower-D,95.83,4.37,417.44,117.65,72.3,0,NONE
2026-05-24 17:30:58.283160,Cooling-Tower-D,74.24,4.28,407.46,120.58,72.33,0,NONE
2026-05-24 17:32:58.283160,Stamping-Press-C,78.26,4.28,408.21,141.47,85.02,0,NONE
2026-05-24 17:34:58.283160,Induction-Furnace-A,94.58,4.01,413.15,137.49,83.63,0,NONE
2026-05-24 17:36:58.283160,Cooling-Tower-D,57.87,4.22,424.14,128.08,79.97,0,NONE
2026-05-24 17:38:58.283160,Heavy-Extruder-B,83.51,5.18,410.74,98.53,59.58,0,NONE
2026-05-24 17:40:58.283160,Heavy-Extruder-B,70.69,2.97,413.96,94.68,57.7,0,NONE
2026-05-24 17:42:58.283160,Heavy-Extruder-B,80.23,5.92,412.32,123.61,75.03,0,NONE
2026-05-24 17:44:58.283160,Heavy-Extruder-B,82.01,4.89,412.23,133.2,80.84,0,NONE
2026-05-24 17:46:58.283160,Stamping-Press-C,81.42,4.47,415.89,118.81,72.74,0,NONE
2026-05-24 17:48:58.283160,Cooling-Tower-D,79.48,5.23,422.0,148.72,92.4,0,NONE
2026-05-24 17:50:58.283160,Induction-Furnace-A,74.03,3.34,417.28,103.76,63.74,0,NONE
2026-05-24 17:52:58.283160,Cooling-Tower-D,107.92,3.97,410.98,101.87,61.64,0,NONE
2026-05-24 17:54:58.283160,Stamping-Press-C,103.67,4.4,428.77,110.04,69.46,0,NONE
2026-05-24 17:56:58.283160,Heavy-Extruder-B,73.38,5.59,415.39,109.47,66.94,0,NONE
2026-05-24 17:58:58.283160,Stamping-Press-C,100.82,4.46,412.11,127.89,77.6,0,NONE
2026-05-24 18:00:58.283160,Cooling-Tower-D,81.01,4.86,422.06,113.67,70.63,0,NONE
2026-05-24 18:02:58.283160,Induction-Furnace-A,86.29,4.03,412.65,96.78,58.8,0,NONE
2026-05-24 18:04:58.283160,Stamping-Press-C,84.37,4.89,423.31,133.37,83.12,0,NONE
2026-05-24 18:06:58.283160,Induction-Furnace-A,78.4,5.84,410.65,93.6,56.59,0,NONE
2026-05-24 18:08:58.283160,Stamping-Press-C,94.84,5.3,422.15,103.93,64.59,0,NONE
2026-05-24 18:10:58.283160,Induction-Furnace-A,86.26,4.43,416.01,95.66,58.59,0,NONE
2026-05-24 18:12:58.283160,Induction-Furnace-A,80.23,5.04,421.46,123.11,76.38,0,NONE
2026-05-24 18:14:58.283160,Heavy-Extruder-B,71.95,4.96,424.51,122.79,76.74,0,NONE
2026-05-24 18:16:58.283160,Induction-Furnace-A,76.06,4.91,409.34,148.75,89.64,0,NONE
2026-05-24 18:18:58.283160,Heavy-Extruder-B,68.59,5.39,421.38,133.71,82.95,0,NONE
2026-05-24 18:20:58.283160,Cooling-Tower-D,85.12,5.38,407.96,141.62,85.06,0,NONE
2026-05-24 18:22:58.283160,Cooling-Tower-D,73.03,4.4,409.76,124.33,75.0,0,NONE
2026-05-24 18:24:58.283160,Heavy-Extruder-B,82.34,5.01,410.98,105.35,63.74,0,NONE
2026-05-24 18:26:58.283160,Heavy-Extruder-B,98.7,4.19,417.52,121.92,74.94,0,NONE
2026-05-24 18:28:58.283160,Stamping-Press-C,96.99,3.76,415.17,128.89,78.78,0,NONE
2026-05-24 18:30:58.283160,Stamping-Press-C,84.68,4.28,414.16,130.56,79.6,0,NONE
2026-05-24 18:32:58.283160,Stamping-Press-C,84.13,4.44,415.73,112.91,69.11,0,NONE
2026-05-24 18:34:58.283160,Cooling-Tower-D,103.8,3.17,417.96,127.33,78.35,0,NONE
2026-05-24 18:36:58.283160,Stamping-Press-C,90.21,5.19,418.34,106.0,65.29,0,NONE
2026-05-24 18:38:58.283160,Induction-Furnace-A,81.72,2.29,420.47,104.35,64.59,0,NONE
2026-05-24 18:40:58.283160,Induction-Furnace-A,70.74,6.67,424.1,103.26,64.47,0,NONE
2026-05-24 18:42:58.283160,Stamping-Press-C,88.94,5.7,414.89,120.37,73.52,0,NONE
2026-05-24 18:44:58.283160,Induction-Furnace-A,93.29,4.29,412.39,102.33,62.13,0,NONE
2026-05-24 18:46:58.283160,Cooling-Tower-D,78.68,4.51,418.07,113.63,69.94,0,NONE
2026-05-24 18:48:58.283160,Induction-Furnace-A,87.91,4.74,409.28,133.54,80.47,0,NONE
2026-05-24 18:50:58.283160,Cooling-Tower-D,81.36,4.03,411.61,104.56,63.36,0,NONE
2026-05-24 18:52:58.283160,Heavy-Extruder-B,83.16,4.65,420.0,112.44,69.52,0,NONE
2026-05-24 18:54:58.283160,Heavy-Extruder-B,60.12,4.38,414.38,121.07,73.86,0,NONE
2026-05-24 18:56:58.283160,Heavy-Extruder-B,82.78,4.42,408.96,123.7,74.48,0,NONE
2026-05-24 18:58:58.283160,Heavy-Extruder-B,94.69,4.65,407.55,112.51,67.51,0,NONE
2026-05-24 19:00:58.283160,Induction-Furnace-A,78.69,3.45,415.24,131.8,80.57,0,NONE
2026-05-24 19:02:58.283160,Stamping-Press-C,85.53,4.53,420.71,128.86,79.81,0,NONE
2026-05-24 19:04:58.283160,Induction-Furnace-A,77.44,4.63,420.64,137.1,84.9,0,NONE
2026-05-24 19:06:58.283160,Cooling-Tower-D,88.6,4.6,415.55,118.78,72.66,0,NONE
2026-05-24 19:08:58.283160,Induction-Furnace-A,82.83,4.33,425.04,112.31,70.28,0,NONE
2026-05-24 19:10:58.283160,Induction-Furnace-A,75.61,5.41,414.48,109.76,66.97,0,NONE
2026-05-24 19:12:58.283160,Cooling-Tower-D,98.33,4.22,414.31,124.61,76.0,0,NONE
2026-05-24 19:14:58.283160,Heavy-Extruder-B,94.29,4.68,402.16,114.34,67.7,0,NONE
2026-05-24 19:16:58.283160,Heavy-Extruder-B,78.95,5.54,412.76,111.46,67.73,0,NONE
2026-05-24 19:18:58.283160,Heavy-Extruder-B,89.98,4.44,419.26,113.28,69.92,0,NONE
2026-05-24 19:20:58.283160,Stamping-Press-C,90.37,4.67,422.82,109.74,68.31,0,NONE
2026-05-24 19:22:58.283160,Cooling-Tower-D,91.42,4.42,410.85,122.99,74.39,0,NONE
2026-05-24 19:24:58.283160,Cooling-Tower-D,68.06,5.49,417.31,98.81,60.71,0,NONE
2026-05-24 19:26:58.283160,Induction-Furnace-A,95.07,4.29,420.23,124.55,77.05,0,NONE
2026-05-24 19:28:58.283160,Stamping-Press-C,79.3,5.53,415.06,130.15,79.53,0,NONE
2026-05-24 19:30:58.283160,Heavy-Extruder-B,81.42,4.42,403.58,111.29,66.12,0,NONE
2026-05-24 19:32:58.283160,Stamping-Press-C,111.38,3.81,416.24,148.83,91.2,1,ERR-TEMP-HIGH
2026-05-24 19:34:58.283160,Cooling-Tower-D,88.02,5.04,418.81,120.26,74.15,0,NONE
2026-05-24 19:36:58.283160,Cooling-Tower-D,81.14,4.26,410.26,96.58,58.33,0,NONE
2026-05-24 19:38:58.283160,Induction-Furnace-A,62.95,5.0,413.73,115.78,70.52,0,NONE
2026-05-24 19:40:58.283160,Induction-Furnace-A,98.9,2.32,409.22,120.94,72.86,0,NONE
2026-05-24 19:42:58.283160,Cooling-Tower-D,71.55,4.5,402.15,126.73,75.03,0,NONE
2026-05-24 19:44:58.283160,Heavy-Extruder-B,74.97,4.13,420.14,116.14,71.83,0,NONE
2026-05-24 19:46:58.283160,Heavy-Extruder-B,81.69,3.65,414.98,104.83,64.04,0,NONE
2026-05-24 19:48:58.283160,Stamping-Press-C,99.16,4.06,422.99,103.58,64.5,0,NONE
2026-05-24 19:50:58.283160,Cooling-Tower-D,92.73,4.04,419.29,110.2,68.02,0,NONE
2026-05-24 19:52:58.283160,Cooling-Tower-D,83.42,4.46,413.23,111.63,67.91,0,NONE
2026-05-24 19:54:58.283160,Heavy-Extruder-B,88.08,3.41,414.58,102.98,62.85,0,NONE
2026-05-24 19:56:58.283160,Heavy-Extruder-B,79.0,4.75,417.83,109.01,67.05,0,NONE
2026-05-24 19:58:58.283160,Cooling-Tower-D,86.4,5.59,419.83,129.89,80.28,0,NONE
2026-05-24 20:00:58.283160,Induction-Furnace-A,85.73,4.72,416.61,144.73,88.77,0,NONE
2026-05-24 20:02:58.283160,Cooling-Tower-D,94.69,5.15,420.53,131.33,81.31,0,NONE
2026-05-24 20:04:58.283160,Cooling-Tower-D,94.67,5.38,413.52,139.59,84.98,0,NONE
2026-05-24 20:06:58.283160,Heavy-Extruder-B,89.94,5.49,410.01,134.61,81.25,0,NONE
2026-05-24 20:08:58.283160,Heavy-Extruder-B,81.38,6.0,414.68,132.5,80.89,0,NONE
2026-05-24 20:10:58.283160,Induction-Furnace-A,92.42,4.1,416.03,114.93,70.39,0,NONE
2026-05-24 20:12:58.283160,Induction-Furnace-A,84.08,3.93,408.99,122.11,73.53,0,NONE
2026-05-24 20:14:58.283160,Stamping-Press-C,74.18,5.13,408.32,113.69,68.34,0,NONE
2026-05-24 20:16:58.283160,Cooling-Tower-D,80.97,5.07,417.24,116.71,71.69,0,NONE
2026-05-24 20:18:58.283160,Heavy-Extruder-B,85.85,5.12,412.97,121.02,73.58,0,NONE
2026-05-24 20:20:58.283160,Induction-Furnace-A,94.1,6.01,414.17,130.7,79.7,0,NONE
2026-05-24 20:22:58.283160,Stamping-Press-C,83.16,4.51,413.2,126.35,76.86,0,NONE
2026-05-24 20:24:58.283160,Stamping-Press-C,72.91,4.84,422.6,117.57,73.15,0,NONE
2026-05-24 20:26:58.283160,Heavy-Extruder-B,85.57,3.72,421.31,120.83,74.95,0,NONE
2026-05-24 20:28:58.283160,Heavy-Extruder-B,86.13,6.21,408.81,126.5,76.14,0,NONE
2026-05-24 20:30:58.283160,Stamping-Press-C,86.86,4.23,412.34,130.01,78.92,0,NONE
2026-05-24 20:32:58.283160,Induction-Furnace-A,94.2,4.25,419.25,97.22,60.0,0,NONE
2026-05-24 20:34:58.283160,Stamping-Press-C,95.19,4.22,418.01,103.84,63.9,0,NONE
2026-05-24 20:36:58.283160,Cooling-Tower-D,79.06,3.98,414.79,136.61,83.42,0,NONE
2026-05-24 20:38:58.283160,Cooling-Tower-D,78.84,3.92,409.31,119.09,71.76,0,NONE
2026-05-24 20:40:58.283160,Heavy-Extruder-B,74.6,4.08,411.59,113.64,68.86,0,NONE
2026-05-24 20:42:58.283160,Induction-Furnace-A,91.99,3.41,412.42,116.05,70.46,0,NONE
2026-05-24 20:44:58.283160,Induction-Furnace-A,99.49,3.87,416.38,116.04,71.14,0,NONE
2026-05-24 20:46:58.283160,Cooling-Tower-D,81.85,6.06,423.52,128.37,80.04,0,NONE
2026-05-24 20:48:58.283160,Stamping-Press-C,82.59,5.09,411.57,103.38,62.64,0,NONE
2026-05-24 20:50:58.283160,Heavy-Extruder-B,99.67,5.24,409.87,120.37,72.63,0,NONE
2026-05-24 20:52:58.283160,Stamping-Press-C,90.06,5.44,414.46,123.69,75.47,0,NONE
2026-05-24 20:54:58.283160,Stamping-Press-C,89.36,5.97,420.16,125.94,77.9,0,NONE
2026-05-24 20:56:58.283160,Stamping-Press-C,73.09,3.08,407.77,123.34,74.04,0,NONE
2026-05-24 20:58:58.283160,Induction-Furnace-A,91.79,3.52,422.27,127.74,79.41,0,NONE
2026-05-24 21:00:58.283160,Cooling-Tower-D,75.71,3.86,414.14,111.41,67.93,0,NONE
2026-05-24 21:02:58.283160,Induction-Furnace-A,73.66,4.12,411.33,105.87,64.11,0,NONE
2026-05-24 21:04:58.283160,Cooling-Tower-D,81.53,4.26,407.0,156.86,93.99,0,NONE
2026-05-24 21:06:58.283160,Heavy-Extruder-B,79.14,4.14,418.53,115.48,71.16,0,NONE
2026-05-24 21:08:58.283160,Heavy-Extruder-B,82.78,4.68,414.14,117.23,71.48,0,NONE
2026-05-24 21:10:58.283160,Stamping-Press-C,70.59,4.53,415.85,130.17,79.69,0,NONE
2026-05-24 21:12:58.283160,Cooling-Tower-D,94.59,3.92,410.5,143.94,86.99,0,NONE
2026-05-24 21:14:58.283160,Cooling-Tower-D,96.28,2.76,413.4,111.83,68.06,0,NONE
2026-05-24 21:16:58.283160,Cooling-Tower-D,65.53,3.71,412.57,105.02,63.79,0,NONE
2026-05-24 21:18:58.283160,Stamping-Press-C,94.78,4.06,414.5,101.37,61.86,0,NONE
2026-05-24 21:20:58.283160,Stamping-Press-C,76.89,4.3,411.65,143.9,87.21,0,NONE
2026-05-24 21:22:58.283160,Heavy-Extruder-B,93.57,3.6,407.33,104.43,62.62,0,NONE
2026-05-24 21:24:58.283160,Induction-Furnace-A,84.32,4.11,428.64,119.59,75.46,0,NONE
2026-05-24 21:26:58.283160,Cooling-Tower-D,85.29,3.6,408.18,105.34,63.3,0,NONE
2026-05-24 21:28:58.283160,Cooling-Tower-D,83.15,4.4,415.91,98.27,60.17,0,NONE
2026-05-24 21:30:58.283160,Induction-Furnace-A,97.12,3.64,406.14,115.61,69.13,0,NONE
2026-05-24 21:32:58.283160,Cooling-Tower-D,112.6,3.82,405.01,185.93,110.87,1,ERR-TEMP-HIGH
2026-05-24 21:34:58.283160,Stamping-Press-C,91.08,3.45,415.49,109.63,67.06,0,NONE
2026-05-24 21:36:58.283160,Stamping-Press-C,96.01,4.38,415.87,150.09,91.89,0,NONE
2026-05-24 21:38:58.283160,Cooling-Tower-D,92.16,3.81,421.31,126.37,78.38,0,NONE
2026-05-24 21:40:58.283160,Stamping-Press-C,108.25,5.23,417.0,133.97,82.25,0,NONE
2026-05-24 21:42:58.283160,Stamping-Press-C,79.71,4.82,414.25,132.37,80.73,0,NONE
2026-05-24 21:44:58.283160,Cooling-Tower-D,94.57,4.44,410.25,118.49,71.56,0,NONE
2026-05-24 21:46:58.283160,Heavy-Extruder-B,83.94,3.86,422.5,113.4,70.54,0,NONE
2026-05-24 21:48:58.283160,Induction-Furnace-A,97.33,4.8,419.64,123.73,76.44,0,NONE
2026-05-24 21:50:58.283160,Stamping-Press-C,84.92,5.05,408.77,122.53,73.74,0,NONE
2026-05-24 21:52:58.283160,Heavy-Extruder-B,81.12,4.61,415.19,111.47,68.13,0,NONE
2026-05-24 21:54:58.283160,Stamping-Press-C,98.06,5.78,415.72,121.95,74.63,0,NONE
2026-05-24 21:56:58.283160,Stamping-Press-C,80.08,4.87,413.27,109.41,66.56,0,NONE
2026-05-24 21:58:58.283160,Induction-Furnace-A,70.87,5.23,418.86,117.43,72.41,0,NONE
2026-05-24 22:00:58.283160,Stamping-Press-C,79.83,4.61,419.16,114.97,70.95,0,NONE
2026-05-24 22:02:58.283160,Induction-Furnace-A,91.19,5.04,414.05,100.97,61.55,0,NONE
2026-05-24 22:04:58.283160,Induction-Furnace-A,98.92,3.86,413.6,84.73,51.59,0,NONE
2026-05-24 22:06:58.283160,Induction-Furnace-A,86.11,4.13,422.49,105.91,65.88,0,NONE
2026-05-24 22:08:58.283160,Heavy-Extruder-B,98.18,4.78,419.66,147.06,90.86,0,NONE
2026-05-24 22:10:58.283160,Cooling-Tower-D,71.42,4.77,415.36,115.35,70.54,0,NONE
2026-05-24 22:12:58.283160,Heavy-Extruder-B,80.57,4.91,406.85,131.64,78.85,0,NONE
2026-05-24 22:14:58.283160,Cooling-Tower-D,82.11,5.38,416.72,88.13,54.07,0,NONE
2026-05-24 22:16:58.283160,Cooling-Tower-D,83.85,3.36,418.49,104.88,64.61,0,NONE
2026-05-24 22:18:58.283160,Induction-Furnace-A,85.84,3.72,401.23,99.68,58.88,0,NONE
2026-05-24 22:20:58.283160,Stamping-Press-C,91.91,4.68,416.26,116.97,71.68,0,NONE
2026-05-24 22:22:58.283160,Induction-Furnace-A,80.55,3.92,412.92,156.33,95.03,0,NONE
2026-05-24 22:24:58.283160,Stamping-Press-C,86.39,7.2,413.9,126.9,77.33,0,NONE
2026-05-24 22:26:58.283160,Cooling-Tower-D,84.55,4.91,410.46,145.43,87.88,0,NONE
2026-05-24 22:28:58.283160,Induction-Furnace-A,75.74,4.44,414.26,116.18,70.86,0,NONE
2026-05-24 22:30:58.283160,Stamping-Press-C,83.86,4.09,421.96,140.47,87.26,0,NONE
2026-05-24 22:32:58.283160,Heavy-Extruder-B,83.56,4.12,412.77,151.1,91.82,0,NONE
2026-05-24 22:34:58.283160,Stamping-Press-C,83.35,4.52,419.83,118.36,73.15,0,NONE
2026-05-24 22:36:58.283160,Induction-Furnace-A,85.32,4.59,410.97,111.91,67.71,0,NONE
2026-05-24 22:38:58.283160,Heavy-Extruder-B,85.76,4.13,418.79,100.23,61.8,0,NONE
2026-05-24 22:40:58.283160,Stamping-Press-C,80.68,4.28,415.01,115.36,70.48,0,NONE
2026-05-24 22:42:58.283160,Stamping-Press-C,97.73,5.58,416.76,121.23,74.38,0,NONE
2026-05-24 22:44:58.283160,Stamping-Press-C,73.31,5.61,415.04,150.46,91.94,0,NONE
2026-05-24 22:46:58.283160,Stamping-Press-C,77.79,4.7,418.21,100.58,61.92,0,NONE
2026-05-24 22:48:58.283160,Stamping-Press-C,112.8,3.43,402.16,120.89,71.58,1,ERR-TEMP-HIGH
2026-05-24 22:50:58.283160,Heavy-Extruder-B,74.62,4.93,407.9,92.79,55.72,0,NONE
2026-05-24 22:52:58.283160,Cooling-Tower-D,71.46,5.74,417.09,113.6,69.75,0,NONE
2026-05-24 22:54:58.283160,Heavy-Extruder-B,92.34,5.6,404.78,124.67,74.29,0,NONE
2026-05-24 22:56:58.283160,Heavy-Extruder-B,64.23,5.09,412.35,127.69,77.51,0,NONE
2026-05-24 22:58:58.283160,Heavy-Extruder-B,82.65,5.64,414.73,128.84,78.66,0,NONE
2026-05-24 23:00:58.283160,Cooling-Tower-D,106.46,4.54,410.86,125.96,76.19,0,NONE
2026-05-24 23:02:58.283160,Induction-Furnace-A,69.55,5.0,411.54,128.71,77.98,0,NONE
2026-05-24 23:04:58.283160,Cooling-Tower-D,65.18,3.96,416.36,120.69,73.98,0,NONE
2026-05-24 23:06:58.283160,Heavy-Extruder-B,70.01,4.73,420.05,104.28,64.49,0,NONE
2026-05-24 23:08:58.283160,Stamping-Press-C,93.98,5.56,410.21,92.23,55.7,0,NONE
2026-05-24 23:10:58.283160,Stamping-Press-C,96.25,4.03,412.12,111.8,67.83,0,NONE
2026-05-24 23:12:58.283160,Heavy-Extruder-B,79.87,10.31,411.34,117.98,71.45,1,ERR-VIB-WARN
2026-05-24 23:14:58.283160,Stamping-Press-C,91.83,4.58,402.89,138.81,82.33,0,NONE
2026-05-24 23:16:58.283160,Heavy-Extruder-B,98.9,4.32,415.71,118.49,72.52,0,NONE
2026-05-24 23:18:58.283160,Stamping-Press-C,102.87,5.02,419.67,117.05,72.32,0,NONE
2026-05-24 23:20:58.283160,Cooling-Tower-D,82.54,4.14,420.08,125.78,77.79,0,NONE
2026-05-24 23:22:58.283160,Induction-Furnace-A,61.99,5.87,410.65,115.95,70.1,0,NONE
2026-05-24 23:24:58.283160,Induction-Furnace-A,76.79,3.47,408.74,132.16,79.53,0,NONE
2026-05-24 23:26:58.283160,Cooling-Tower-D,80.73,5.5,415.11,149.69,91.48,0,NONE
2026-05-24 23:28:58.283160,Cooling-Tower-D,82.41,3.89,419.15,152.86,94.33,0,NONE
2026-05-24 23:30:58.283160,Heavy-Extruder-B,83.12,3.06,415.77,121.46,74.34,0,NONE
2026-05-24 23:32:58.283160,Heavy-Extruder-B,96.19,4.69,416.45,125.05,76.67,0,NONE
2026-05-24 23:34:58.283160,Heavy-Extruder-B,97.74,4.3,420.71,143.68,88.99,0,NONE
2026-05-24 23:36:58.283160,Stamping-Press-C,83.28,3.61,411.3,117.75,71.3,0,NONE
2026-05-24 23:38:58.283160,Heavy-Extruder-B,95.98,3.15,413.9,130.19,79.33,0,NONE
2026-05-24 23:40:58.283160,Cooling-Tower-D,88.58,4.49,423.17,102.97,64.15,0,NONE
2026-05-24 23:42:58.283160,Induction-Furnace-A,85.65,5.28,414.02,115.34,70.3,0,NONE
2026-05-24 23:44:58.283160,Stamping-Press-C,94.07,4.97,408.66,137.34,82.63,0,NONE
2026-05-24 23:46:58.283160,Heavy-Extruder-B,85.72,4.55,411.65,109.23,66.2,0,NONE
2026-05-24 23:48:58.283160,Stamping-Press-C,105.58,4.88,410.31,118.08,71.33,0,NONE
2026-05-24 23:50:58.283160,Stamping-Press-C,70.62,4.48,416.79,96.39,59.14,0,NONE
2026-05-24 23:52:58.283160,Heavy-Extruder-B,79.85,3.36,410.52,150.09,90.71,0,NONE
2026-05-24 23:54:58.283160,Stamping-Press-C,83.73,3.36,416.36,138.95,85.17,0,NONE
2026-05-24 23:56:58.283160,Induction-Furnace-A,89.39,4.34,411.32,122.82,74.37,0,NONE
2026-05-24 23:58:58.283160,Cooling-Tower-D,97.68,4.37,404.38,127.61,75.97,0,NONE
2026-05-25 00:00:58.283160,Cooling-Tower-D,84.76,5.18,416.53,125.94,77.23,0,NONE
2026-05-25 00:02:58.283160,Induction-Furnace-A,70.78,5.11,415.74,140.76,86.16,0,NONE
2026-05-25 00:04:58.283160,Stamping-Press-C,93.43,4.98,417.59,112.22,68.99,0,NONE
2026-05-25 00:06:58.283160,Heavy-Extruder-B,92.55,4.28,411.64,130.98,79.38,0,NONE
2026-05-25 00:08:58.283160,Stamping-Press-C,65.58,3.4,411.1,136.16,82.41,0,NONE
2026-05-25 00:10:58.283160,Induction-Furnace-A,84.96,4.83,417.01,138.23,84.86,0,NONE
2026-05-25 00:12:58.283160,Stamping-Press-C,69.1,4.92,422.6,86.11,53.57,0,NONE
2026-05-25 00:14:58.283160,Cooling-Tower-D,78.35,2.59,415.06,111.01,67.83,0,NONE
2026-05-25 00:16:58.283160,Stamping-Press-C,75.97,3.83,417.12,104.71,64.3,0,NONE
2026-05-25 00:18:58.283160,Induction-Furnace-A,93.09,3.95,413.39,122.24,74.4,0,NONE
2026-05-25 00:20:58.283160,Cooling-Tower-D,86.17,4.59,407.28,89.76,53.82,0,NONE
2026-05-25 00:22:58.283160,Stamping-Press-C,72.14,3.86,419.84,89.32,55.2,0,NONE
2026-05-25 00:24:58.283160,Stamping-Press-C,93.8,4.47,419.54,152.55,94.22,0,NONE
2026-05-25 00:26:58.283160,Cooling-Tower-D,70.66,4.33,418.55,129.27,79.65,0,NONE
2026-05-25 00:28:58.283160,Heavy-Extruder-B,88.3,4.37,414.09,121.82,74.26,0,NONE
2026-05-25 00:30:58.283160,Cooling-Tower-D,76.86,3.93,417.99,125.46,77.2,0,NONE
2026-05-25 00:32:58.283160,Heavy-Extruder-B,81.34,3.99,419.47,122.2,75.46,0,NONE
2026-05-25 00:34:58.283160,Induction-Furnace-A,90.04,3.64,423.1,134.96,84.07,0,NONE
2026-05-25 00:36:58.283160,Induction-Furnace-A,90.21,4.8,419.94,110.51,68.32,0,NONE
2026-05-25 00:38:58.283160,Cooling-Tower-D,98.37,4.96,415.32,122.8,75.08,0,NONE
2026-05-25 00:40:58.283160,Cooling-Tower-D,84.18,3.88,408.46,123.41,74.21,0,NONE
2026-05-25 00:42:58.283160,Induction-Furnace-A,88.06,5.72,415.78,104.3,63.84,0,NONE
2026-05-25 00:44:58.283160,Heavy-Extruder-B,80.62,4.25,416.28,139.15,85.28,0,NONE
2026-05-25 00:46:58.283160,Induction-Furnace-A,86.82,5.72,418.55,113.31,69.82,0,NONE
2026-05-25 00:48:58.283160,Cooling-Tower-D,89.39,3.99,421.77,135.26,83.99,0,NONE
2026-05-25 00:50:58.283160,Induction-Furnace-A,84.02,2.88,414.52,121.72,74.28,0,NONE
2026-05-25 00:52:58.283160,Cooling-Tower-D,66.96,4.82,425.5,144.5,90.52,0,NONE
2026-05-25 00:54:58.283160,Cooling-Tower-D,88.31,4.7,406.2,104.38,62.42,0,NONE
2026-05-25 00:56:58.283160,Induction-Furnace-A,88.65,4.53,417.1,103.73,63.69,0,NONE
2026-05-25 00:58:58.283160,Heavy-Extruder-B,78.2,3.99,411.01,106.41,64.39,0,NONE
2026-05-25 01:00:58.283160,Stamping-Press-C,72.16,4.47,405.46,122.0,72.82,0,NONE
2026-05-25 01:02:58.283160,Induction-Furnace-A,99.76,4.09,413.99,143.12,87.23,0,NONE
2026-05-25 01:04:58.283160,Stamping-Press-C,89.91,4.26,407.71,143.9,86.37,0,NONE
2026-05-25 01:06:58.283160,Induction-Furnace-A,82.71,5.17,414.19,85.35,52.04,0,NONE
2026-05-25 01:08:58.283160,Stamping-Press-C,73.63,4.65,415.17,123.75,75.64,0,NONE
2026-05-25 01:10:58.283160,Heavy-Extruder-B,76.78,4.99,420.59,71.81,44.46,0,NONE
2026-05-25 01:12:58.283160,Heavy-Extruder-B,98.03,4.31,407.46,131.93,79.14,0,NONE
2026-05-25 01:14:58.283160,Induction-Furnace-A,86.38,4.23,419.54,136.77,84.48,0,NONE
2026-05-25 01:16:58.283160,Cooling-Tower-D,79.49,3.58,415.49,119.4,73.03,0,NONE
2026-05-25 01:18:58.283160,Stamping-Press-C,90.1,4.2,420.14,121.26,75.0,0,NONE
2026-05-25 01:20:58.283160,Cooling-Tower-D,76.86,1.84,412.84,121.1,73.61,0,NONE
2026-05-25 01:22:58.283160,Cooling-Tower-D,100.01,4.03,408.34,108.23,65.07,0,NONE
2026-05-25 01:24:58.283160,Cooling-Tower-D,98.53,4.43,408.91,126.48,76.14,0,NONE
2026-05-25 01:26:58.283160,Heavy-Extruder-B,80.33,4.95,408.54,116.53,70.09,0,NONE
2026-05-25 01:28:58.283160,Induction-Furnace-A,78.71,4.29,417.39,133.95,82.31,0,NONE
2026-05-25 01:30:58.283160,Induction-Furnace-A,58.82,4.78,422.38,118.3,73.56,0,NONE
2026-05-25 01:32:58.283160,Heavy-Extruder-B,70.18,2.76,412.18,107.08,64.98,0,NONE
2026-05-25 01:34:58.283160,Heavy-Extruder-B,71.61,4.45,418.15,96.96,59.69,0,NONE
2026-05-25 01:36:58.283160,Induction-Furnace-A,86.35,3.16,407.38,92.04,55.2,0,NONE
2026-05-25 01:38:58.283160,Cooling-Tower-D,81.74,3.53,415.9,139.69,85.53,0,NONE
2026-05-25 01:40:58.283160,Stamping-Press-C,71.55,4.35,418.34,113.13,69.68,0,NONE
2026-05-25 01:42:58.283160,Stamping-Press-C,82.19,5.52,407.76,125.08,75.09,0,NONE
2026-05-25 01:44:58.283160,Stamping-Press-C,90.05,4.8,413.98,146.75,89.44,0,NONE
2026-05-25 01:46:58.283160,Cooling-Tower-D,90.28,4.51,418.58,111.56,68.75,0,NONE
2026-05-25 01:48:58.283160,Induction-Furnace-A,66.0,4.48,400.33,110.59,65.18,0,NONE
2026-05-25 01:50:58.283160,Heavy-Extruder-B,83.72,3.93,421.68,118.02,73.26,0,NONE
2026-05-25 01:52:58.283160,Induction-Furnace-A,71.17,4.06,416.77,120.44,73.9,0,NONE
2026-05-25 01:54:58.283160,Cooling-Tower-D,94.02,4.84,418.58,148.31,91.4,0,NONE
2026-05-25 01:56:58.283160,Heavy-Extruder-B,92.84,3.39,412.94,143.49,87.23,0,NONE
2026-05-25 01:58:58.283160,Cooling-Tower-D,76.02,4.97,406.39,129.31,77.37,0,NONE
2026-05-25 02:00:58.283160,Stamping-Press-C,77.34,4.19,417.67,141.74,87.16,0,NONE
2026-05-25 02:02:58.283160,Stamping-Press-C,80.39,5.16,414.59,117.33,71.61,0,NONE
2026-05-25 02:04:58.283160,Cooling-Tower-D,62.47,5.27,415.16,124.49,76.09,0,NONE
2026-05-25 02:06:58.283160,Heavy-Extruder-B,88.36,3.16,420.44,115.48,71.48,0,NONE
2026-05-25 02:08:58.283160,Heavy-Extruder-B,82.27,4.03,418.81,100.64,62.05,0,NONE
2026-05-25 02:10:58.283160,Induction-Furnace-A,94.7,3.82,424.61,138.06,86.3,0,NONE
2026-05-25 02:12:58.283160,Stamping-Press-C,74.02,3.05,415.77,127.98,78.33,0,NONE
2026-05-25 02:14:58.283160,Induction-Furnace-A,78.81,3.67,411.54,120.27,72.87,0,NONE
2026-05-25 02:16:58.283160,Induction-Furnace-A,69.93,6.45,414.06,119.96,73.13,0,NONE
2026-05-25 02:18:58.283160,Cooling-Tower-D,74.96,4.99,417.08,97.41,59.81,0,NONE
2026-05-25 02:20:58.283160,Cooling-Tower-D,73.18,6.03,420.08,105.34,65.15,0,NONE
2026-05-25 02:22:58.283160,Induction-Furnace-A,94.96,5.16,407.66,125.04,75.05,0,NONE
2026-05-25 02:24:58.283160,Stamping-Press-C,78.02,3.91,415.04,112.06,68.47,0,NONE
2026-05-25 02:26:58.283160,Cooling-Tower-D,86.24,4.19,423.05,116.73,72.7,0,NONE
2026-05-25 02:28:58.283160,Induction-Furnace-A,81.19,4.97,413.8,118.43,72.15,0,NONE
2026-05-25 02:30:58.283160,Induction-Furnace-A,72.31,4.85,419.66,109.76,67.81,0,NONE
2026-05-25 02:32:58.283160,Induction-Furnace-A,123.32,4.04,417.47,185.48,114.0,1,ERR-TEMP-HIGH
2026-05-25 02:34:58.283160,Induction-Furnace-A,90.99,3.29,419.78,95.81,59.21,0,NONE
2026-05-25 02:36:58.283160,Induction-Furnace-A,72.92,7.13,410.95,117.8,71.27,0,NONE
2026-05-25 02:38:58.283160,Induction-Furnace-A,93.09,4.39,410.97,129.28,78.22,0,NONE
2026-05-25 02:40:58.283160,Cooling-Tower-D,76.5,4.24,415.1,95.35,58.27,0,NONE
2026-05-25 02:42:58.283160,Stamping-Press-C,80.17,4.59,407.34,119.64,71.75,0,NONE
2026-05-25 02:44:58.283160,Induction-Furnace-A,90.31,4.31,413.65,124.22,75.65,0,NONE
2026-05-25 02:46:58.283160,Heavy-Extruder-B,78.37,4.6,416.26,105.16,64.44,0,NONE
2026-05-25 02:48:58.283160,Cooling-Tower-D,85.38,5.53,423.92,141.33,88.21,0,NONE
2026-05-25 02:50:58.283160,Cooling-Tower-D,81.85,4.4,417.01,114.21,70.12,0,NONE
2026-05-25 02:52:58.283160,Induction-Furnace-A,86.29,3.57,418.13,118.48,72.93,0,NONE
2026-05-25 02:54:58.283160,Cooling-Tower-D,61.19,4.37,420.82,117.58,72.85,0,NONE
2026-05-25 02:56:58.283160,Induction-Furnace-A,66.7,4.13,410.18,93.44,56.42,0,NONE
2026-05-25 02:58:58.283160,Stamping-Press-C,91.16,5.64,414.17,135.13,82.4,0,NONE
2026-05-25 03:00:58.283160,Stamping-Press-C,95.37,5.44,427.13,105.67,66.45,0,NONE
2026-05-25 03:02:58.283160,Cooling-Tower-D,75.9,4.59,414.6,116.45,71.08,0,NONE
2026-05-25 03:04:58.283160,Cooling-Tower-D,82.56,3.48,420.58,128.96,79.85,0,NONE
2026-05-25 03:06:58.283160,Heavy-Extruder-B,87.95,3.52,419.82,141.91,87.71,0,NONE
2026-05-25 03:08:58.283160,Cooling-Tower-D,91.93,4.51,407.61,103.8,62.29,0,NONE
2026-05-25 03:10:58.283160,Heavy-Extruder-B,64.72,4.77,416.55,113.3,69.48,0,NONE
2026-05-25 03:12:58.283160,Stamping-Press-C,76.14,4.2,415.73,140.74,86.14,0,NONE
2026-05-25 03:14:58.283160,Stamping-Press-C,81.67,4.12,416.65,126.96,77.87,0,NONE
2026-05-25 03:16:58.283160,Induction-Furnace-A,92.03,4.03,411.23,130.07,78.74,0,NONE
2026-05-25 03:18:58.283160,Stamping-Press-C,109.98,4.48,409.42,104.23,62.83,0,NONE
2026-05-25 03:20:58.283160,Heavy-Extruder-B,82.72,2.59,412.62,114.31,69.44,0,NONE
2026-05-25 03:22:58.283160,Cooling-Tower-D,70.93,3.62,414.51,117.48,71.69,0,NONE
2026-05-25 03:24:58.283160,Induction-Furnace-A,89.02,4.0,420.92,107.13,66.39,0,NONE
2026-05-25 03:26:58.283160,Heavy-Extruder-B,98.21,5.47,424.09,94.88,59.24,0,NONE
2026-05-25 03:28:58.283160,Cooling-Tower-D,86.08,3.85,421.98,112.34,69.79,0,NONE
2026-05-25 03:30:58.283160,Induction-Furnace-A,75.93,4.64,419.3,140.31,86.62,0,NONE
2026-05-25 03:32:58.283160,Stamping-Press-C,94.58,4.68,409.98,120.89,72.96,0,NONE
2026-05-25 03:34:58.283160,Heavy-Extruder-B,91.64,5.54,412.96,140.61,85.49,0,NONE
2026-05-25 03:36:58.283160,Cooling-Tower-D,74.74,5.51,416.05,122.69,75.15,0,NONE
2026-05-25 03:38:58.283160,Induction-Furnace-A,88.81,4.45,411.84,108.53,65.8,0,NONE
2026-05-25 03:40:58.283160,Induction-Furnace-A,94.97,4.12,417.89,139.16,85.62,0,NONE
2026-05-25 03:42:58.283160,Stamping-Press-C,96.82,3.97,418.6,123.18,75.91,0,NONE
2026-05-25 03:44:58.283160,Cooling-Tower-D,84.34,4.31,417.68,134.43,82.66,0,NONE
2026-05-25 03:46:58.283160,Stamping-Press-C,81.42,4.15,420.13,103.98,64.31,0,NONE
2026-05-25 03:48:58.283160,Stamping-Press-C,97.27,4.94,410.48,135.58,81.93,0,NONE
2026-05-25 03:50:58.283160,Cooling-Tower-D,72.9,4.84,419.66,136.03,84.05,0,NONE
2026-05-25 03:52:58.283160,Cooling-Tower-D,89.39,4.97,411.52,124.35,75.33,0,NONE
2026-05-25 03:54:58.283160,Cooling-Tower-D,71.3,5.51,410.3,107.9,65.17,0,NONE
2026-05-25 03:56:58.283160,Heavy-Extruder-B,95.65,5.99,417.66,119.31,73.36,0,NONE
2026-05-25 03:58:58.283160,Cooling-Tower-D,82.42,4.6,421.08,129.17,80.07,0,NONE
2026-05-25 04:00:58.283160,Induction-Furnace-A,97.69,5.38,417.44,123.52,75.91,0,NONE
2026-05-25 04:02:58.283160,Stamping-Press-C,89.91,4.22,415.1,129.02,78.84,0,NONE
2026-05-25 04:04:58.283160,Heavy-Extruder-B,72.77,5.45,416.55,135.18,82.9,0,NONE
2026-05-25 04:06:58.283160,Cooling-Tower-D,99.25,5.35,415.68,110.27,67.48,0,NONE
2026-05-25 04:08:58.283160,Heavy-Extruder-B,100.51,5.31,409.37,102.67,61.88,0,NONE
2026-05-25 04:10:58.283160,Cooling-Tower-D,93.82,4.58,408.79,119.44,71.88,0,NONE
2026-05-25 04:12:58.283160,Heavy-Extruder-B,77.38,3.97,414.61,115.05,70.23,0,NONE
2026-05-25 04:14:58.283160,Stamping-Press-C,81.94,3.38,415.4,131.79,80.59,0,NONE
2026-05-25 04:16:58.283160,Stamping-Press-C,86.45,4.47,415.06,103.88,63.48,0,NONE
2026-05-25 04:18:58.283160,Induction-Furnace-A,77.96,5.73,418.38,135.31,83.34,0,NONE
2026-05-25 04:20:58.283160,Induction-Furnace-A,101.92,4.25,413.92,140.3,85.5,0,NONE
2026-05-25 04:22:58.283160,Cooling-Tower-D,86.44,5.13,417.81,120.0,73.82,0,NONE
2026-05-25 04:24:58.283160,Stamping-Press-C,57.97,5.18,414.28,120.91,73.74,0,NONE
2026-05-25 04:26:58.283160,Heavy-Extruder-B,88.39,4.27,424.12,108.49,67.74,0,NONE
2026-05-25 04:28:58.283160,Heavy-Extruder-B,81.52,5.55,415.4,111.86,68.41,0,NONE
2026-05-25 04:30:58.283160,Heavy-Extruder-B,84.25,2.17,426.7,113.87,71.54,0,NONE
2026-05-25 04:32:58.283160,Induction-Furnace-A,81.31,3.52,416.76,141.64,86.91,0,NONE
2026-05-25 04:34:58.283160,Heavy-Extruder-B,93.07,3.77,413.93,118.92,72.47,0,NONE
2026-05-25 04:36:58.283160,Induction-Furnace-A,96.2,3.84,410.5,100.17,60.54,0,NONE
2026-05-25 04:38:58.283160,Induction-Furnace-A,87.83,4.77,407.79,123.83,74.34,0,NONE
2026-05-25 04:40:58.283160,Cooling-Tower-D,81.61,4.73,410.04,132.39,79.92,0,NONE
2026-05-25 04:42:58.283160,Heavy-Extruder-B,84.59,4.82,410.6,119.62,72.31,0,NONE
2026-05-25 04:44:58.283160,Heavy-Extruder-B,85.2,4.98,416.97,142.04,87.19,0,NONE
2026-05-25 04:46:58.283160,Stamping-Press-C,76.98,3.74,412.37,131.66,79.93,0,NONE
2026-05-25 04:48:58.283160,Cooling-Tower-D,90.79,3.53,415.93,104.26,63.84,0,NONE
2026-05-25 04:50:58.283160,Stamping-Press-C,89.6,4.82,421.41,111.73,69.32,0,NONE
2026-05-25 04:52:58.283160,Cooling-Tower-D,100.4,4.0,414.56,123.39,75.31,0,NONE
2026-05-25 04:54:58.283160,Heavy-Extruder-B,97.55,3.24,425.4,95.01,59.5,0,NONE
2026-05-25 04:56:58.283160,Induction-Furnace-A,78.14,5.28,409.12,125.05,75.32,0,NONE
2026-05-25 04:58:58.283160,Induction-Furnace-A,93.2,5.62,414.25,93.58,57.07,0,NONE
2026-05-25 05:00:58.283160,Induction-Furnace-A,75.49,5.75,412.3,135.35,82.16,0,NONE
2026-05-25 05:02:58.283160,Induction-Furnace-A,91.96,4.65,419.68,133.61,82.55,0,NONE
2026-05-25 05:04:58.283160,Induction-Furnace-A,79.83,5.0,403.8,127.57,75.84,0,NONE
2026-05-25 05:06:58.283160,Stamping-Press-C,74.77,5.6,407.78,109.86,65.95,0,NONE
2026-05-25 05:08:58.283160,Cooling-Tower-D,87.8,3.99,414.46,122.55,74.78,0,NONE
2026-05-25 05:10:58.283160,Heavy-Extruder-B,58.25,5.39,422.76,112.3,69.89,0,NONE
2026-05-25 05:12:58.283160,Stamping-Press-C,67.49,4.72,416.13,104.54,64.04,0,NONE
2026-05-25 05:14:58.283160,Cooling-Tower-D,83.23,5.23,408.24,114.92,69.07,0,NONE
2026-05-25 05:16:58.283160,Induction-Furnace-A,85.82,4.65,409.01,130.47,78.56,0,NONE
2026-05-25 05:18:58.283160,Cooling-Tower-D,81.31,5.54,423.36,120.66,75.2,0,NONE
2026-05-25 05:20:58.283160,Cooling-Tower-D,69.21,4.68,411.89,141.76,85.96,0,NONE
2026-05-25 05:22:58.283160,Induction-Furnace-A,76.82,3.31,410.29,131.49,79.42,0,NONE
2026-05-25 05:24:58.283160,Induction-Furnace-A,88.91,5.66,422.39,129.88,80.76,0,NONE
2026-05-25 05:26:58.283160,Induction-Furnace-A,90.82,3.74,420.06,95.87,59.28,0,NONE
2026-05-25 05:28:58.283160,Heavy-Extruder-B,84.84,5.5,421.37,115.72,71.79,0,NONE
2026-05-25 05:30:58.283160,Induction-Furnace-A,96.57,4.43,410.25,104.03,62.83,0,NONE
2026-05-25 05:32:58.283160,Heavy-Extruder-B,88.97,5.44,407.37,117.25,70.32,0,NONE
2026-05-25 05:34:58.283160,Induction-Furnace-A,77.53,5.41,415.67,109.6,67.07,0,NONE
2026-05-25 05:36:58.283160,Heavy-Extruder-B,82.19,4.84,416.68,114.34,70.14,0,NONE
2026-05-25 05:38:58.283160,Cooling-Tower-D,70.97,4.91,416.82,135.92,83.41,0,NONE
2026-05-25 05:40:58.283160,Stamping-Press-C,83.92,4.84,422.39,127.13,79.05,0,NONE
2026-05-25 05:42:58.283160,Cooling-Tower-D,96.12,2.89,406.33,135.11,80.82,0,NONE
2026-05-25 05:44:58.283160,Cooling-Tower-D,91.85,4.59,419.3,95.99,59.25,0,NONE
2026-05-25 05:46:58.283160,Induction-Furnace-A,99.02,3.61,409.52,120.87,72.87,0,NONE
2026-05-25 05:48:58.283160,Heavy-Extruder-B,81.97,4.64,419.28,134.5,83.02,0,NONE
2026-05-25 05:50:58.283160,Stamping-Press-C,98.46,3.59,412.63,142.59,86.62,0,NONE
2026-05-25 05:52:58.283160,Induction-Furnace-A,83.07,3.55,410.93,96.78,58.55,0,NONE
2026-05-25 05:54:58.283160,Induction-Furnace-A,99.72,5.78,411.95,114.73,69.58,0,NONE
2026-05-25 05:56:58.283160,Induction-Furnace-A,84.78,5.36,407.77,135.51,81.35,0,NONE
2026-05-25 05:58:58.283160,Cooling-Tower-D,92.07,4.5,415.2,117.12,71.59,0,NONE
2026-05-25 06:00:58.283160,Heavy-Extruder-B,99.75,4.65,411.14,106.34,64.37,0,NONE
2026-05-25 06:02:58.283160,Heavy-Extruder-B,83.07,4.3,418.93,96.75,59.67,0,NONE
2026-05-25 06:04:58.283160,Stamping-Press-C,87.18,4.96,418.2,105.77,65.12,0,NONE
2026-05-25 06:06:58.283160,Heavy-Extruder-B,97.89,3.96,423.44,94.67,59.01,0,NONE
2026-05-25 06:08:58.283160,Heavy-Extruder-B,83.67,5.29,416.83,120.88,74.18,0,NONE
2026-05-25 06:10:58.283160,Induction-Furnace-A,71.79,4.3,417.6,133.44,82.04,0,NONE
2026-05-25 06:12:58.283160,Induction-Furnace-A,106.43,4.16,422.0,101.09,62.8,0,NONE
2026-05-25 06:14:58.283160,Cooling-Tower-D,80.3,4.52,411.86,123.87,75.11,0,NONE
2026-05-25 06:16:58.283160,Induction-Furnace-A,86.59,4.03,407.56,132.68,79.61,0,NONE
2026-05-25 06:18:58.283160,Induction-Furnace-A,96.56,4.76,416.0,119.96,73.47,0,NONE
2026-05-25 06:20:58.283160,Induction-Furnace-A,78.92,4.07,407.89,95.84,57.55,0,NONE
2026-05-25 06:22:58.283160,Induction-Furnace-A,74.92,4.87,427.27,125.79,79.13,0,NONE
2026-05-25 06:24:58.283160,Cooling-Tower-D,87.54,5.47,422.28,119.18,74.09,0,NONE
2026-05-25 06:26:58.283160,Induction-Furnace-A,67.07,3.92,425.82,117.65,73.76,0,NONE
2026-05-25 06:28:58.283160,Stamping-Press-C,82.12,4.4,415.31,111.8,68.36,0,NONE
2026-05-25 06:30:58.283160,Stamping-Press-C,87.45,4.87,417.75,121.3,74.6,0,NONE
2026-05-25 06:32:58.283160,Stamping-Press-C,82.3,10.65,412.7,127.65,77.56,1,ERR-VIB-WARN
2026-05-25 06:34:58.283160,Stamping-Press-C,69.57,4.87,419.41,155.86,96.24,0,NONE
2026-05-25 06:36:58.283160,Induction-Furnace-A,100.94,4.94,408.92,121.68,73.26,0,NONE
2026-05-25 06:38:58.283160,Stamping-Press-C,86.04,5.37,402.28,142.67,84.49,0,NONE
2026-05-25 06:40:58.283160,Induction-Furnace-A,99.31,4.02,411.05,125.37,75.86,0,NONE
2026-05-25 06:42:58.283160,Cooling-Tower-D,82.4,3.75,407.72,118.51,71.13,0,NONE
2026-05-25 06:44:58.283160,Stamping-Press-C,76.2,4.25,422.39,122.23,76.01,0,NONE
2026-05-25 06:46:58.283160,Heavy-Extruder-B,87.69,3.73,424.08,101.67,63.48,0,NONE
2026-05-25 06:48:58.283160,Stamping-Press-C,82.84,4.95,407.99,124.59,74.83,0,NONE
2026-05-25 06:50:58.283160,Stamping-Press-C,73.22,3.57,421.46,90.12,55.92,0,NONE
2026-05-25 06:52:58.283160,Induction-Furnace-A,99.7,6.37,419.76,107.06,66.16,0,NONE
2026-05-25 06:54:58.283160,Stamping-Press-C,78.78,5.54,407.15,121.65,72.92,0,NONE
2026-05-25 06:56:58.283160,Heavy-Extruder-B,66.6,4.51,413.05,137.91,83.86,0,NONE
2026-05-25 06:58:58.283160,Induction-Furnace-A,98.28,5.19,412.1,141.46,85.82,0,NONE
2026-05-25 07:00:58.283160,Induction-Furnace-A,79.96,3.19,418.74,116.45,71.79,0,NONE
2026-05-25 07:02:58.283160,Cooling-Tower-D,78.92,6.52,408.86,122.34,73.64,0,NONE
2026-05-25 07:04:58.283160,Cooling-Tower-D,67.35,4.03,414.51,134.77,82.24,0,NONE
2026-05-25 07:06:58.283160,Stamping-Press-C,102.41,4.4,411.57,100.06,60.63,0,NONE
2026-05-25 07:08:58.283160,Cooling-Tower-D,72.11,3.02,417.37,126.07,77.46,0,NONE
2026-05-25 07:10:58.283160,Cooling-Tower-D,85.58,4.89,413.92,107.58,65.56,0,NONE
2026-05-25 07:12:58.283160,Cooling-Tower-D,94.13,3.61,412.32,117.42,71.28,0,NONE
2026-05-25 07:14:58.283160,Induction-Furnace-A,89.22,4.58,413.93,113.11,68.93,0,NONE
2026-05-25 07:16:58.283160,Induction-Furnace-A,84.4,4.06,425.18,126.53,79.2,0,NONE
2026-05-25 07:18:58.283160,Induction-Furnace-A,67.98,3.64,412.92,128.25,77.97,0,NONE
2026-05-25 07:20:58.283160,Cooling-Tower-D,76.9,3.86,409.79,133.37,80.46,0,NONE
2026-05-25 07:22:58.283160,Induction-Furnace-A,86.88,4.68,417.92,125.22,77.04,0,NONE
2026-05-25 07:24:58.283160,Cooling-Tower-D,77.13,3.47,414.28,122.57,74.76,0,NONE
2026-05-25 07:26:58.283160,Induction-Furnace-A,87.03,3.9,407.92,147.81,88.77,0,NONE
2026-05-25 07:28:58.283160,Induction-Furnace-A,91.82,5.03,426.16,97.13,60.94,0,NONE
2026-05-25 07:30:58.283160,Heavy-Extruder-B,94.63,6.58,413.24,145.43,88.48,0,NONE
2026-05-25 07:32:58.283160,Stamping-Press-C,112.74,4.88,413.11,195.65,118.99,1,ERR-TEMP-HIGH
2026-05-25 07:34:58.283160,Cooling-Tower-D,106.97,3.77,415.8,128.56,78.7,0,NONE
2026-05-25 07:36:58.283160,Heavy-Extruder-B,92.67,4.21,423.65,115.12,71.8,0,NONE
2026-05-25 07:38:58.283160,Induction-Furnace-A,84.98,4.53,406.6,109.46,65.52,0,NONE
2026-05-25 07:40:58.283160,Cooling-Tower-D,95.9,4.22,416.38,127.27,78.01,0,NONE
2026-05-25 07:42:58.283160,Induction-Furnace-A,108.65,5.22,425.44,135.63,84.95,0,NONE
2026-05-25 07:44:58.283160,Stamping-Press-C,70.61,4.67,415.64,127.1,77.77,0,NONE
2026-05-25 07:46:58.283160,Heavy-Extruder-B,82.75,5.23,408.82,111.87,67.33,0,NONE
2026-05-25 07:48:58.283160,Stamping-Press-C,61.22,4.25,411.91,174.17,105.62,0,NONE
2026-05-25 07:50:58.283160,Heavy-Extruder-B,86.93,5.56,416.03,137.98,84.51,0,NONE
2026-05-25 07:52:58.283160,Induction-Furnace-A,88.65,4.37,421.65,134.0,83.18,0,NONE
2026-05-25 07:54:58.283160,Stamping-Press-C,84.61,3.72,413.3,114.71,69.79,0,NONE
2026-05-25 07:56:58.283160,Stamping-Press-C,78.45,6.24,419.13,110.62,68.26,0,NONE
2026-05-25 07:58:58.283160,Induction-Furnace-A,64.5,3.04,407.82,115.8,69.53,0,NONE
2026-05-25 08:00:58.283160,Stamping-Press-C,88.74,3.91,407.78,136.22,81.78,0,NONE
2026-05-25 08:02:58.283160,Cooling-Tower-D,99.55,4.0,412.59,105.14,63.86,0,NONE
2026-05-25 08:04:58.283160,Heavy-Extruder-B,79.09,6.51,422.19,103.98,64.63,0,NONE
2026-05-25 08:06:58.283160,Heavy-Extruder-B,89.4,5.95,415.34,128.09,78.33,0,NONE
2026-05-25 08:08:58.283160,Heavy-Extruder-B,69.32,5.7,416.45,124.79,76.51,0,NONE
2026-05-25 08:10:58.283160,Cooling-Tower-D,89.57,4.24,416.39,108.45,66.48,0,NONE
2026-05-25 08:12:58.283160,Heavy-Extruder-B,81.07,6.44,420.55,103.63,64.16,0,NONE
2026-05-25 08:14:58.283160,Induction-Furnace-A,77.38,4.79,411.95,141.57,85.86,0,NONE
2026-05-25 08:16:58.283160,Stamping-Press-C,77.4,5.28,418.44,125.36,77.22,0,NONE
2026-05-25 08:18:58.283160,Cooling-Tower-D,81.06,4.64,410.85,99.55,60.21,0,NONE
2026-05-25 08:20:58.283160,Heavy-Extruder-B,88.82,4.46,424.92,100.6,62.93,0,NONE
2026-05-25 08:22:58.283160,Induction-Furnace-A,71.88,4.3,411.0,114.58,69.33,0,NONE
2026-05-25 08:24:58.283160,Stamping-Press-C,81.03,4.33,410.59,130.99,79.18,0,NONE
2026-05-25 08:26:58.283160,Stamping-Press-C,84.59,4.99,417.75,128.93,79.29,0,NONE
2026-05-25 08:28:58.283160,Cooling-Tower-D,74.01,4.79,415.4,136.98,83.77,0,NONE
2026-05-25 08:30:58.283160,Cooling-Tower-D,102.97,4.47,416.63,97.64,59.89,0,NONE
2026-05-25 08:32:58.283160,Cooling-Tower-D,76.47,5.71,416.14,123.36,75.57,0,NONE
2026-05-25 08:34:58.283160,Induction-Furnace-A,78.31,2.13,409.55,141.39,85.25,0,NONE
2026-05-25 08:36:58.283160,Induction-Furnace-A,75.22,4.91,423.07,139.99,87.19,0,NONE
2026-05-25 08:38:58.283160,Cooling-Tower-D,102.98,5.07,419.47,125.38,77.43,0,NONE
2026-05-25 08:40:58.283160,Heavy-Extruder-B,90.53,5.42,421.79,155.22,96.39,0,NONE
2026-05-25 08:42:58.283160,Stamping-Press-C,75.63,4.45,412.36,129.14,78.4,0,NONE
2026-05-25 08:44:58.283160,Stamping-Press-C,96.06,4.67,417.08,135.64,83.29,0,NONE
2026-05-25 08:46:58.283160,Induction-Furnace-A,87.01,5.29,415.99,120.67,73.9,0,NONE
2026-05-25 08:48:58.283160,Stamping-Press-C,87.57,5.69,420.64,108.29,67.06,0,NONE
2026-05-25 08:50:58.283160,Heavy-Extruder-B,81.56,4.26,420.8,106.87,66.21,0,NONE
2026-05-25 08:52:58.283160,Stamping-Press-C,77.51,4.71,415.97,122.72,75.15,0,NONE
2026-05-25 08:54:58.283160,Induction-Furnace-A,88.38,5.84,407.41,116.83,70.07,0,NONE
2026-05-25 08:56:58.283160,Induction-Furnace-A,79.55,2.8,423.9,93.47,58.33,0,NONE
2026-05-25 08:58:58.283160,Heavy-Extruder-B,103.17,3.95,417.78,104.61,64.34,0,NONE
2026-05-25 09:00:58.283160,Heavy-Extruder-B,72.31,5.67,411.96,115.22,69.88,0,NONE
2026-05-25 09:02:58.283160,Stamping-Press-C,100.36,5.37,417.03,130.91,80.37,0,NONE
2026-05-25 09:04:58.283160,Stamping-Press-C,83.89,4.92,407.44,119.76,71.84,0,NONE
2026-05-25 09:06:58.283160,Induction-Furnace-A,87.99,4.14,420.28,118.92,73.58,0,NONE
2026-05-25 09:08:58.283160,Heavy-Extruder-B,93.33,3.79,407.64,105.2,63.13,0,NONE
2026-05-25 09:10:58.283160,Heavy-Extruder-B,78.7,4.03,413.9,120.35,73.33,0,NONE
2026-05-25 09:12:58.283160,Heavy-Extruder-B,93.64,5.74,416.22,139.79,85.66,0,NONE
2026-05-25 09:14:58.283160,Stamping-Press-C,57.92,4.0,420.19,122.33,75.68,0,NONE
2026-05-25 09:16:58.283160,Heavy-Extruder-B,77.8,4.58,415.53,97.39,59.58,0,NONE
2026-05-25 09:18:58.283160,Induction-Furnace-A,75.76,3.9,418.17,101.23,62.32,0,NONE
2026-05-25 09:20:58.283160,Induction-Furnace-A,72.46,5.17,414.86,128.83,78.68,0,NONE
2026-05-25 09:22:58.283160,Stamping-Press-C,82.85,4.07,414.84,116.64,71.23,0,NONE
2026-05-25 09:24:58.283160,Cooling-Tower-D,88.86,4.42,415.43,118.88,72.71,0,NONE
2026-05-25 09:26:58.283160,Stamping-Press-C,92.03,3.15,414.05,110.81,67.55,0,NONE
2026-05-25 09:28:58.283160,Cooling-Tower-D,87.41,3.21,406.57,127.55,76.35,0,NONE
2026-05-25 09:30:58.283160,Heavy-Extruder-B,78.34,4.51,411.16,115.49,69.9,0,NONE
2026-05-25 09:32:58.283160,Stamping-Press-C,88.69,3.44,416.22,117.2,71.82,0,NONE
2026-05-25 09:34:58.283160,Induction-Furnace-A,86.24,6.18,413.75,107.23,65.32,0,NONE
2026-05-25 09:36:58.283160,Heavy-Extruder-B,94.36,2.85,414.22,133.83,81.61,0,NONE
2026-05-25 09:38:58.283160,Induction-Furnace-A,92.77,3.86,413.38,116.68,71.01,0,NONE
2026-05-25 09:40:58.283160,Heavy-Extruder-B,85.3,4.51,410.68,129.12,78.07,0,NONE
2026-05-25 09:42:58.283160,Stamping-Press-C,76.03,4.21,412.53,102.1,62.01,0,NONE
2026-05-25 09:44:58.283160,Cooling-Tower-D,78.47,3.62,413.47,146.01,88.88,0,NONE
2026-05-25 09:46:58.283160,Heavy-Extruder-B,79.5,3.73,415.03,139.16,85.03,0,NONE
2026-05-25 09:48:58.283160,Cooling-Tower-D,81.85,3.71,416.97,91.35,56.08,0,NONE
2026-05-25 09:50:58.283160,Heavy-Extruder-B,87.68,4.27,414.1,107.97,65.82,0,NONE
2026-05-25 09:52:58.283160,Induction-Furnace-A,92.15,6.06,409.85,127.16,76.73,0,NONE
2026-05-25 09:54:58.283160,Induction-Furnace-A,84.49,4.56,408.01,100.2,60.19,0,NONE
2026-05-25 09:56:58.283160,Heavy-Extruder-B,85.16,5.45,427.99,118.03,74.37,0,NONE
2026-05-25 09:58:58.283160,Cooling-Tower-D,86.43,4.91,409.35,126.4,76.17,0,NONE
2026-05-25 10:00:58.283160,Stamping-Press-C,79.84,5.39,412.41,117.23,71.18,0,NONE
2026-05-25 10:02:58.283160,Stamping-Press-C,75.75,2.26,417.59,128.08,78.74,0,NONE
2026-05-25 10:04:58.283160,Induction-Furnace-A,67.45,4.26,416.8,109.6,67.25,0,NONE
2026-05-25 10:06:58.283160,Stamping-Press-C,78.05,5.55,417.6,86.34,53.08,0,NONE
2026-05-25 10:08:58.283160,Induction-Furnace-A,89.73,4.04,412.79,134.73,81.88,0,NONE
2026-05-25 10:10:58.283160,Stamping-Press-C,77.97,5.91,416.19,134.64,82.49,0,NONE
2026-05-25 10:12:58.283160,Heavy-Extruder-B,82.62,5.69,415.31,157.55,96.33,0,NONE
2026-05-25 10:14:58.283160,Induction-Furnace-A,89.66,4.12,413.44,86.89,52.89,0,NONE
2026-05-25 10:16:58.283160,Induction-Furnace-A,90.21,4.1,416.23,131.26,80.43,0,NONE
2026-05-25 10:18:58.283160,Heavy-Extruder-B,74.2,3.69,420.28,90.47,55.98,0,NONE
2026-05-25 10:20:58.283160,Induction-Furnace-A,94.97,4.0,414.89,146.35,89.39,0,NONE
2026-05-25 10:22:58.283160,Stamping-Press-C,96.27,3.51,414.92,127.32,77.77,0,NONE
2026-05-25 10:24:58.283160,Stamping-Press-C,73.7,4.84,420.34,105.72,65.42,0,NONE
2026-05-25 10:26:58.283160,Induction-Furnace-A,76.76,3.34,419.81,131.7,81.4,0,NONE
2026-05-25 10:28:58.283160,Stamping-Press-C,96.91,4.98,422.92,111.7,69.55,0,NONE
2026-05-25 10:30:58.283160,Cooling-Tower-D,83.53,5.0,406.22,124.51,74.46,0,NONE
2026-05-25 10:32:58.283160,Induction-Furnace-A,62.8,3.17,419.53,123.09,76.02,0,NONE
2026-05-25 10:34:58.283160,Heavy-Extruder-B,71.0,5.74,418.01,146.16,89.95,0,NONE
2026-05-25 10:36:58.283160,Cooling-Tower-D,82.51,4.91,410.57,147.22,88.99,0,NONE
2026-05-25 10:38:58.283160,Induction-Furnace-A,73.37,5.1,416.26,111.04,68.05,0,NONE
2026-05-25 10:40:58.283160,Heavy-Extruder-B,80.87,3.89,420.26,135.87,84.06,0,NONE
2026-05-25 10:42:58.283160,Stamping-Press-C,85.32,5.0,410.85,125.32,75.8,0,NONE
2026-05-25 10:44:58.283160,Heavy-Extruder-B,99.62,5.4,417.21,98.81,60.69,0,NONE
2026-05-25 10:46:58.283160,Cooling-Tower-D,82.1,4.42,419.36,109.56,67.64,0,NONE
2026-05-25 10:48:58.283160,Stamping-Press-C,95.73,6.1,409.64,155.04,93.5,0,NONE
2026-05-25 10:50:58.283160,Induction-Furnace-A,99.29,4.54,414.29,125.37,76.46,0,NONE
2026-05-25 10:52:58.283160,Stamping-Press-C,99.34,5.41,416.5,135.0,82.78,0,NONE
2026-05-25 10:54:58.283160,Induction-Furnace-A,87.85,4.73,411.02,116.82,70.69,0,NONE
2026-05-25 10:56:58.283160,Induction-Furnace-A,65.37,4.97,410.6,111.9,67.64,0,NONE
2026-05-25 10:58:58.283160,Heavy-Extruder-B,89.61,3.16,414.32,120.41,73.45,0,NONE
2026-05-25 11:00:58.283160,Heavy-Extruder-B,95.48,4.8,419.01,116.01,71.56,0,NONE
2026-05-25 11:02:58.283160,Heavy-Extruder-B,84.19,3.91,418.22,97.6,60.09,0,NONE
2026-05-25 11:04:58.283160,Cooling-Tower-D,102.45,3.82,410.69,104.95,63.46,0,NONE
2026-05-25 11:06:58.283160,Cooling-Tower-D,93.6,5.9,418.26,130.62,80.43,0,NONE
2026-05-25 11:08:58.283160,Heavy-Extruder-B,90.68,4.33,410.82,114.29,69.12,0,NONE
2026-05-25 11:10:58.283160,Cooling-Tower-D,95.86,3.7,406.95,120.39,72.12,0,NONE
2026-05-25 11:12:58.283160,Stamping-Press-C,88.33,4.21,413.16,123.52,75.13,0,NONE
2026-05-25 11:14:58.283160,Stamping-Press-C,60.07,3.46,420.61,124.7,77.22,0,NONE
2026-05-25 11:16:58.283160,Cooling-Tower-D,80.01,5.65,418.28,137.2,84.49,0,NONE
2026-05-25 11:18:58.283160,Cooling-Tower-D,96.97,3.94,414.99,103.52,63.25,0,NONE
2026-05-25 11:20:58.283160,Stamping-Press-C,76.92,4.92,412.92,128.55,78.15,0,NONE
2026-05-25 11:22:58.283160,Induction-Furnace-A,82.77,5.58,413.05,131.33,79.86,0,NONE
2026-05-25 11:24:58.283160,Stamping-Press-C,74.55,4.1,415.54,134.79,82.46,0,NONE
2026-05-25 11:26:58.283160,Stamping-Press-C,102.84,4.93,409.66,98.81,59.59,0,NONE
2026-05-25 11:28:58.283160,Cooling-Tower-D,101.81,3.68,413.26,123.82,75.33,0,NONE
2026-05-25 11:30:58.283160,Stamping-Press-C,76.16,6.46,413.92,145.74,88.81,0,NONE
2026-05-25 11:32:58.283160,Cooling-Tower-D,86.47,5.25,408.24,118.51,71.23,0,NONE
2026-05-25 11:34:58.283160,Cooling-Tower-D,78.2,4.35,410.81,127.25,76.96,0,NONE
2026-05-25 11:36:58.283160,Heavy-Extruder-B,91.15,3.88,417.05,131.71,80.87,0,NONE
2026-05-25 11:38:58.283160,Stamping-Press-C,90.1,4.41,415.05,104.62,63.93,0,NONE
2026-05-25 11:40:58.283160,Induction-Furnace-A,93.12,4.23,413.46,147.51,89.79,0,NONE
2026-05-25 11:42:58.283160,Heavy-Extruder-B,88.32,6.06,410.44,127.49,77.04,0,NONE
2026-05-25 11:44:58.283160,Cooling-Tower-D,114.35,3.52,422.88,127.79,79.56,1,ERR-TEMP-HIGH
2026-05-25 11:46:58.283160,Cooling-Tower-D,74.72,4.61,410.81,95.07,57.5,0,NONE
2026-05-25 11:48:58.283160,Induction-Furnace-A,67.89,4.49,416.26,131.92,80.84,0,NONE
2026-05-25 11:50:58.283160,Cooling-Tower-D,81.07,4.41,412.56,127.6,77.5,0,NONE
2026-05-25 11:52:58.283160,Stamping-Press-C,69.32,4.41,415.18,144.36,88.24,0,NONE
2026-05-25 11:54:58.283160,Heavy-Extruder-B,70.08,4.41,417.29,115.33,70.85,0,NONE
2026-05-25 11:56:58.283160,Cooling-Tower-D,74.99,5.2,408.15,105.19,63.2,0,NONE
2026-05-25 11:58:58.283160,Cooling-Tower-D,75.78,4.99,414.97,109.77,67.06,0,NONE
2026-05-25 12:00:58.283160,Induction-Furnace-A,75.45,4.84,420.95,112.43,69.67,0,NONE
2026-05-25 12:02:58.283160,Stamping-Press-C,90.18,2.07,423.81,103.22,64.4,0,NONE
2026-05-25 12:04:58.283160,Cooling-Tower-D,79.94,4.74,414.35,139.35,85.01,0,NONE
2026-05-25 12:06:58.283160,Induction-Furnace-A,83.2,3.18,415.21,139.92,85.53,0,NONE
2026-05-25 12:08:58.283160,Cooling-Tower-D,93.94,5.02,426.06,117.06,73.43,0,NONE
2026-05-25 12:10:58.283160,Induction-Furnace-A,77.34,5.68,420.67,114.11,70.67,0,NONE
2026-05-25 12:12:58.283160,Induction-Furnace-A,82.35,3.76,411.91,92.77,56.26,0,NONE
2026-05-25 12:14:58.283160,Stamping-Press-C,88.66,4.29,411.91,130.44,79.1,0,NONE
2026-05-25 12:16:58.283160,Cooling-Tower-D,65.58,4.02,419.78,144.8,89.49,0,NONE
2026-05-25 12:18:58.283160,Stamping-Press-C,61.15,5.49,409.94,110.44,66.65,0,NONE
2026-05-25 12:20:58.283160,Induction-Furnace-A,88.46,4.58,420.44,118.25,73.19,0,NONE
2026-05-25 12:22:58.283160,Heavy-Extruder-B,89.92,5.88,416.67,126.51,77.61,0,NONE
2026-05-25 12:24:58.283160,Cooling-Tower-D,105.64,4.83,417.59,145.87,89.67,0,NONE
2026-05-25 12:26:58.283160,Heavy-Extruder-B,86.58,4.69,413.72,123.0,74.91,0,NONE
2026-05-25 12:28:58.283160,Cooling-Tower-D,93.2,4.55,411.85,122.93,74.54,0,NONE
2026-05-25 12:30:58.283160,Stamping-Press-C,83.05,5.15,422.31,122.69,76.28,0,NONE
2026-05-25 12:32:58.283160,Stamping-Press-C,127.97,3.11,413.77,178.62,108.81,1,ERR-TEMP-HIGH
2026-05-25 12:34:58.283160,Stamping-Press-C,101.67,4.57,412.95,98.3,59.76,0,NONE
2026-05-25 12:36:58.283160,Stamping-Press-C,63.76,4.44,414.6,107.88,65.85,0,NONE
2026-05-25 12:38:58.283160,Stamping-Press-C,89.14,5.08,415.97,135.19,82.79,0,NONE
2026-05-25 12:40:58.283160,Heavy-Extruder-B,106.36,4.35,409.85,114.97,69.37,0,NONE
2026-05-25 12:42:58.283160,Stamping-Press-C,87.82,3.67,412.18,112.06,68.0,0,NONE
2026-05-25 12:44:58.283160,Induction-Furnace-A,101.51,4.51,411.91,111.79,67.79,0,NONE
2026-05-25 12:46:58.283160,Induction-Furnace-A,78.71,3.63,419.23,117.94,72.79,0,NONE
2026-05-25 12:48:58.283160,Heavy-Extruder-B,84.68,2.96,410.57,145.53,87.97,0,NONE
2026-05-25 12:50:58.283160,Cooling-Tower-D,85.34,5.08,406.22,117.73,70.41,0,NONE
2026-05-25 12:52:58.283160,Induction-Furnace-A,62.82,4.96,405.16,108.21,64.54,0,NONE
2026-05-25 12:54:58.283160,Cooling-Tower-D,73.32,4.87,407.65,120.38,72.24,0,NONE
2026-05-25 12:56:58.283160,Heavy-Extruder-B,74.03,5.54,421.81,146.33,90.87,0,NONE
2026-05-25 12:58:58.283160,Cooling-Tower-D,93.22,3.97,415.08,112.46,68.72,0,NONE
2026-05-25 13:00:58.283160,Cooling-Tower-D,93.72,3.36,417.51,102.28,62.87,0,NONE
2026-05-25 13:02:58.283160,Cooling-Tower-D,88.24,4.44,417.68,112.49,69.17,0,NONE
2026-05-25 13:04:58.283160,Cooling-Tower-D,93.24,4.22,415.28,121.93,74.55,0,NONE
2026-05-25 13:06:58.283160,Heavy-Extruder-B,83.36,3.83,414.63,130.32,79.55,0,NONE
2026-05-25 13:08:58.283160,Induction-Furnace-A,97.02,4.44,420.22,135.1,83.58,0,NONE
2026-05-25 13:10:58.283160,Stamping-Press-C,85.09,4.01,415.73,104.31,63.84,0,NONE
2026-05-25 13:12:58.283160,Cooling-Tower-D,85.58,3.03,422.0,105.74,65.69,0,NONE
2026-05-25 13:14:58.283160,Induction-Furnace-A,82.34,4.15,418.1,115.15,70.88,0,NONE
2026-05-25 13:16:58.283160,Induction-Furnace-A,91.84,3.59,411.91,130.27,79.0,0,NONE
2026-05-25 13:18:58.283160,Heavy-Extruder-B,80.79,4.69,412.51,101.1,61.4,0,NONE
2026-05-25 13:20:58.283160,Induction-Furnace-A,94.76,3.98,411.36,110.89,67.16,0,NONE
2026-05-25 13:22:58.283160,Heavy-Extruder-B,73.68,5.39,421.09,111.11,68.88,0,NONE
2026-05-25 13:24:58.283160,Cooling-Tower-D,74.01,5.78,412.97,134.13,81.55,0,NONE
2026-05-25 13:26:58.283160,Cooling-Tower-D,91.87,5.04,411.01,127.92,77.4,0,NONE
2026-05-25 13:28:58.283160,Stamping-Press-C,84.11,3.26,416.6,133.56,81.91,0,NONE
2026-05-25 13:30:58.283160,Stamping-Press-C,80.46,5.7,414.51,140.08,85.48,0,NONE
2026-05-25 13:32:58.283160,Stamping-Press-C,93.9,5.76,416.47,115.42,70.76,0,NONE
2026-05-25 13:34:58.283160,Induction-Furnace-A,78.93,4.52,424.45,102.19,63.86,0,NONE
2026-05-25 13:36:58.283160,Cooling-Tower-D,83.0,5.56,419.57,102.29,63.18,0,NONE
2026-05-25 13:38:58.283160,Heavy-Extruder-B,98.99,4.06,415.14,92.43,56.49,0,NONE
2026-05-25 13:40:58.283160,Stamping-Press-C,100.39,3.01,407.96,113.12,67.94,0,NONE
2026-05-25 13:42:58.283160,Heavy-Extruder-B,100.72,3.89,412.5,114.24,69.37,0,NONE
2026-05-25 13:44:58.283160,Heavy-Extruder-B,82.18,5.88,418.56,131.81,81.22,0,NONE
2026-05-25 13:46:58.283160,Stamping-Press-C,97.31,3.31,409.14,120.25,72.43,0,NONE
2026-05-25 13:48:58.283160,Cooling-Tower-D,75.51,4.5,425.7,112.65,70.6,0,NONE
2026-05-25 13:50:58.283160,Stamping-Press-C,75.93,4.53,415.07,118.26,72.27,0,NONE
2026-05-25 13:52:58.283160,Heavy-Extruder-B,61.5,10.59,415.24,104.42,63.83,1,ERR-VIB-WARN
2026-05-25 13:54:58.283160,Stamping-Press-C,101.73,4.15,411.67,135.38,82.05,0,NONE
2026-05-25 13:56:58.283160,Heavy-Extruder-B,76.36,4.56,417.48,108.21,66.51,0,NONE
2026-05-25 13:58:58.283160,Heavy-Extruder-B,83.73,4.05,409.21,102.9,61.99,0,NONE
2026-05-25 14:00:58.283160,Stamping-Press-C,75.9,3.36,425.82,132.27,82.92,0,NONE
2026-05-25 14:02:58.283160,Induction-Furnace-A,91.95,4.67,421.59,128.61,79.82,0,NONE
2026-05-25 14:04:58.283160,Stamping-Press-C,81.24,5.36,419.92,94.14,58.2,0,NONE
2026-05-25 14:06:58.283160,Induction-Furnace-A,71.95,5.2,408.05,132.83,79.79,0,NONE
2026-05-25 14:08:58.283160,Heavy-Extruder-B,89.42,3.85,416.03,108.88,66.68,0,NONE
2026-05-25 14:10:58.283160,Heavy-Extruder-B,70.66,3.5,421.05,114.39,70.91,0,NONE
2026-05-25 14:12:58.283160,Induction-Furnace-A,76.63,4.27,417.97,122.81,75.57,0,NONE
2026-05-25 14:14:58.283160,Heavy-Extruder-B,63.93,5.75,409.99,128.8,77.74,0,NONE
2026-05-25 14:16:58.283160,Induction-Furnace-A,70.76,5.02,411.75,126.68,76.79,0,NONE
2026-05-25 14:18:58.283160,Induction-Furnace-A,86.79,5.06,412.74,119.25,72.46,0,NONE
2026-05-25 14:20:58.283160,Heavy-Extruder-B,65.35,5.21,411.98,113.63,68.92,0,NONE
2026-05-25 14:22:58.283160,Cooling-Tower-D,70.19,4.84,422.64,126.18,78.51,0,NONE
2026-05-25 14:24:58.283160,Induction-Furnace-A,84.98,4.6,405.39,118.22,70.56,0,NONE
2026-05-25 14:26:58.283160,Stamping-Press-C,79.56,5.03,418.28,147.08,90.57,0,NONE
2026-05-25 14:28:58.283160,Stamping-Press-C,104.92,4.06,408.54,128.8,77.46,0,NONE
2026-05-25 14:30:58.283160,Heavy-Extruder-B,103.34,3.37,410.19,106.15,64.1,0,NONE
2026-05-25 14:32:58.283160,Cooling-Tower-D,76.32,5.08,404.95,112.84,67.27,0,NONE
2026-05-25 14:34:58.283160,Heavy-Extruder-B,90.57,5.49,412.25,120.72,73.27,0,NONE
2026-05-25 14:36:58.283160,Cooling-Tower-D,92.49,3.61,422.55,139.49,86.78,0,NONE
2026-05-25 14:38:58.283160,Induction-Furnace-A,79.03,5.16,416.32,141.17,86.52,0,NONE
2026-05-25 14:40:58.283160,Induction-Furnace-A,70.04,5.84,409.01,114.06,68.68,0,NONE
2026-05-25 14:42:58.283160,Induction-Furnace-A,84.88,4.5,420.09,106.0,65.55,0,NONE
2026-05-25 14:44:58.283160,Induction-Furnace-A,83.27,3.85,421.16,104.08,64.53,0,NONE
2026-05-25 14:46:58.283160,Stamping-Press-C,80.64,4.6,415.52,123.79,75.72,0,NONE
2026-05-25 14:48:58.283160,Stamping-Press-C,89.42,4.06,425.17,154.56,96.74,0,NONE
2026-05-25 14:50:58.283160,Heavy-Extruder-B,77.49,4.01,419.11,128.09,79.03,0,NONE
2026-05-25 14:52:58.283160,Cooling-Tower-D,73.48,4.85,418.41,96.09,59.19,0,NONE
2026-05-25 14:54:58.283160,Induction-Furnace-A,86.09,3.22,410.98,109.11,66.02,0,NONE
2026-05-25 14:56:58.283160,Induction-Furnace-A,88.86,3.34,418.14,110.64,68.11,0,NONE
2026-05-25 14:58:58.283160,Cooling-Tower-D,73.23,4.52,416.08,107.67,65.95,0,NONE
2026-05-25 15:00:58.283160,Cooling-Tower-D,94.28,4.48,417.6,114.18,70.2,0,NONE
2026-05-25 15:02:58.283160,Heavy-Extruder-B,67.3,4.77,411.58,125.54,76.07,0,NONE
2026-05-25 15:04:58.283160,Cooling-Tower-D,79.22,6.0,415.64,130.23,79.69,0,NONE
2026-05-25 15:06:58.283160,Induction-Furnace-A,82.42,4.58,410.92,136.38,82.5,0,NONE
2026-05-25 15:08:58.283160,Induction-Furnace-A,78.64,4.98,404.26,127.86,76.1,0,NONE
2026-05-25 15:10:58.283160,Induction-Furnace-A,79.35,3.72,419.99,90.69,56.07,0,NONE
2026-05-25 15:12:58.283160,Induction-Furnace-A,103.71,5.11,407.49,104.14,62.47,0,NONE
2026-05-25 15:14:58.283160,Induction-Furnace-A,76.49,4.08,415.54,117.63,71.96,0,NONE
2026-05-25 15:16:58.283160,Heavy-Extruder-B,109.41,4.56,416.67,122.21,74.96,0,NONE
2026-05-25 15:18:58.283160,Induction-Furnace-A,89.37,4.41,416.63,132.92,81.53,0,NONE
2026-05-25 15:20:58.283160,Heavy-Extruder-B,85.92,5.33,413.58,120.65,73.46,0,NONE
2026-05-25 15:22:58.283160,Induction-Furnace-A,89.76,3.45,416.36,120.76,74.02,0,NONE
2026-05-25 15:24:58.283160,Stamping-Press-C,110.3,2.67,417.35,123.57,75.92,1,ERR-TEMP-HIGH
2026-05-25 15:26:58.283160,Stamping-Press-C,75.06,4.33,418.67,116.17,71.61,0,NONE
2026-05-25 15:28:58.283160,Stamping-Press-C,73.8,4.87,423.67,121.3,75.66,0,NONE
2026-05-25 15:30:58.283160,Stamping-Press-C,77.45,4.62,416.17,136.89,83.87,0,NONE
2026-05-25 15:32:58.283160,Heavy-Extruder-B,85.32,5.49,415.32,118.74,72.6,0,NONE
2026-05-25 15:34:58.283160,Heavy-Extruder-B,67.74,4.85,410.47,119.55,72.24,0,NONE
2026-05-25 15:36:58.283160,Cooling-Tower-D,85.22,4.05,417.18,119.5,73.39,0,NONE
2026-05-25 15:38:58.283160,Induction-Furnace-A,101.94,2.64,418.34,139.47,85.89,0,NONE
2026-05-25 15:40:58.283160,Stamping-Press-C,86.51,4.31,414.04,103.38,63.01,0,NONE
2026-05-25 15:42:58.283160,Heavy-Extruder-B,82.07,5.32,417.72,146.64,90.18,0,NONE
2026-05-25 15:44:58.283160,Induction-Furnace-A,78.82,4.19,413.54,102.35,62.31,0,NONE
2026-05-25 15:46:58.283160,Induction-Furnace-A,93.99,4.52,418.35,110.19,67.86,0,NONE
2026-05-25 15:48:58.283160,Heavy-Extruder-B,76.74,4.84,419.56,131.17,81.02,0,NONE
2026-05-25 15:50:58.283160,Stamping-Press-C,103.46,3.69,419.49,135.45,83.65,0,NONE
2026-05-25 15:52:58.283160,Cooling-Tower-D,104.33,5.0,415.59,98.95,60.54,0,NONE
2026-05-25 15:54:58.283160,Induction-Furnace-A,87.57,5.81,409.8,103.61,62.51,0,NONE
2026-05-25 15:56:58.283160,Cooling-Tower-D,84.88,4.36,411.94,124.17,75.3,0,NONE
2026-05-25 15:58:58.283160,Stamping-Press-C,95.31,3.6,417.98,155.17,95.48,0,NONE
2026-05-25 16:00:58.283160,Stamping-Press-C,95.95,4.45,427.24,138.69,87.24,0,NONE
2026-05-25 16:02:58.283160,Cooling-Tower-D,76.94,2.72,413.3,116.28,70.75,0,NONE
2026-05-25 16:04:58.283160,Stamping-Press-C,79.73,4.77,417.28,83.71,51.43,0,NONE
2026-05-25 16:06:58.283160,Induction-Furnace-A,71.78,4.86,412.22,121.22,73.57,0,NONE
2026-05-25 16:08:58.283160,Cooling-Tower-D,89.09,5.84,410.13,125.43,75.74,0,NONE
2026-05-25 16:10:58.283160,Stamping-Press-C,91.67,4.34,411.62,114.26,69.24,0,NONE
2026-05-25 16:12:58.283160,Cooling-Tower-D,71.5,4.83,404.59,107.24,63.88,0,NONE
2026-05-25 16:14:58.283160,Induction-Furnace-A,80.45,3.81,421.77,122.39,75.99,0,NONE
2026-05-25 16:16:58.283160,Stamping-Press-C,71.53,4.21,403.85,105.87,62.94,0,NONE
2026-05-25 16:18:58.283160,Induction-Furnace-A,76.01,3.28,413.68,148.09,90.19,0,NONE
2026-05-25 16:20:58.283160,Stamping-Press-C,90.51,4.34,409.11,142.75,85.98,0,NONE
2026-05-25 16:22:58.283160,Heavy-Extruder-B,77.67,4.26,410.58,129.87,78.5,0,NONE
2026-05-25 16:24:58.283160,Stamping-Press-C,81.99,4.74,421.88,121.35,75.37,0,NONE
2026-05-25 16:26:58.283160,Cooling-Tower-D,68.73,4.0,416.01,110.1,67.43,0,NONE
2026-05-25 16:28:58.283160,Stamping-Press-C,86.87,4.57,410.17,119.69,72.27,0,NONE
2026-05-25 16:30:58.283160,Induction-Furnace-A,84.56,4.23,412.05,144.59,87.71,0,NONE
2026-05-25 16:32:58.283160,Induction-Furnace-A,77.71,4.23,411.17,133.03,80.53,0,NONE
2026-05-25 16:34:58.283160,Stamping-Press-C,83.11,4.56,414.78,123.06,75.14,0,NONE
2026-05-25 16:36:58.283160,Cooling-Tower-D,86.8,4.53,415.86,133.86,81.95,0,NONE
2026-05-25 16:38:58.283160,Heavy-Extruder-B,76.85,5.11,424.48,128.18,80.1,0,NONE
2026-05-25 16:40:58.283160,Cooling-Tower-D,70.24,4.4,405.42,125.94,75.17,0,NONE
2026-05-25 16:42:58.283160,Heavy-Extruder-B,103.06,4.22,414.83,134.71,82.27,0,NONE
2026-05-25 16:44:58.283160,Induction-Furnace-A,78.67,4.36,413.42,127.76,77.76,0,NONE
2026-05-25 16:46:58.283160,Cooling-Tower-D,84.03,3.93,419.73,132.88,82.11,0,NONE
2026-05-25 16:48:58.283160,Heavy-Extruder-B,95.11,4.21,416.77,122.42,75.11,0,NONE
2026-05-25 16:50:58.283160,Stamping-Press-C,120.29,6.12,417.95,116.19,71.49,1,ERR-TEMP-HIGH
2026-05-25 16:52:58.283160,Induction-Furnace-A,72.56,3.77,416.73,111.78,68.58,0,NONE
2026-05-25 16:54:58.283160,Stamping-Press-C,89.5,4.28,410.34,109.99,66.45,0,NONE
2026-05-25 16:56:58.283160,Induction-Furnace-A,77.92,4.19,421.06,95.92,59.46,0,NONE
2026-05-25 16:58:58.283160,Cooling-Tower-D,79.61,4.3,418.99,106.32,65.58,0,NONE
2026-05-25 17:00:58.283160,Cooling-Tower-D,77.8,4.24,419.58,105.89,65.41,0,NONE
2026-05-25 17:02:58.283160,Induction-Furnace-A,73.74,4.72,421.32,112.39,69.71,0,NONE
2026-05-25 17:04:58.283160,Induction-Furnace-A,84.59,3.13,417.09,143.43,88.07,0,NONE
2026-05-25 17:06:58.283160,Induction-Furnace-A,70.25,5.33,422.4,117.64,73.15,0,NONE
2026-05-25 17:08:58.283160,Cooling-Tower-D,94.47,5.01,416.89,123.63,75.87,0,NONE
2026-05-25 17:10:58.283160,Heavy-Extruder-B,85.55,3.51,413.9,124.1,75.62,0,NONE
2026-05-25 17:12:58.283160,Stamping-Press-C,89.22,2.68,414.97,143.81,87.86,0,NONE
2026-05-25 17:14:58.283160,Stamping-Press-C,80.34,3.72,414.88,111.37,68.02,0,NONE
2026-05-25 17:16:58.283160,Cooling-Tower-D,81.33,4.31,412.4,116.66,70.83,0,NONE
2026-05-25 17:18:58.283160,Stamping-Press-C,87.88,6.56,423.16,118.41,73.76,0,NONE
2026-05-25 17:20:58.283160,Induction-Furnace-A,73.36,4.93,416.48,137.05,84.03,0,NONE
2026-05-25 17:22:58.283160,Heavy-Extruder-B,81.42,3.05,415.47,140.16,85.73,0,NONE
2026-05-25 17:24:58.283160,Stamping-Press-C,76.4,3.95,416.94,127.12,78.03,0,NONE
2026-05-25 17:26:58.283160,Heavy-Extruder-B,76.09,4.46,429.9,138.49,87.65,0,NONE
2026-05-25 17:28:58.283160,Induction-Furnace-A,63.9,4.7,409.34,122.66,73.92,0,NONE
2026-05-25 17:30:58.283160,Stamping-Press-C,98.39,3.45,410.77,117.41,71.0,0,NONE
2026-05-25 17:32:58.283160,Cooling-Tower-D,118.13,4.39,408.1,217.68,130.78,1,ERR-TEMP-HIGH
2026-05-25 17:34:58.283160,Heavy-Extruder-B,96.63,3.93,413.84,127.31,77.57,0,NONE
2026-05-25 17:36:58.283160,Induction-Furnace-A,95.69,3.62,416.23,108.97,66.77,0,NONE
2026-05-25 17:38:58.283160,Heavy-Extruder-B,72.14,4.71,412.67,134.96,81.99,0,NONE
2026-05-25 17:40:58.283160,Stamping-Press-C,74.12,5.12,412.3,116.87,70.94,0,NONE
2026-05-25 17:42:58.283160,Stamping-Press-C,110.61,5.17,415.71,115.04,70.4,1,ERR-TEMP-HIGH
2026-05-25 17:44:58.283160,Cooling-Tower-D,102.51,4.96,412.49,133.4,81.01,0,NONE
2026-05-25 17:46:58.283160,Induction-Furnace-A,84.68,4.1,416.55,118.67,72.77,0,NONE
2026-05-25 17:48:58.283160,Induction-Furnace-A,87.57,5.07,420.57,125.83,77.91,0,NONE
2026-05-25 17:50:58.283160,Cooling-Tower-D,78.69,4.75,418.39,129.93,80.03,0,NONE
2026-05-25 17:52:58.283160,Cooling-Tower-D,89.32,4.61,419.41,108.26,66.84,0,NONE
2026-05-25 17:54:58.283160,Induction-Furnace-A,77.83,4.01,420.43,125.77,77.85,0,NONE
2026-05-25 17:56:58.283160,Heavy-Extruder-B,64.68,4.1,416.41,140.24,85.97,0,NONE
2026-05-25 17:58:58.283160,Heavy-Extruder-B,71.78,4.56,414.21,105.65,64.43,0,NONE
2026-05-25 18:00:58.283160,Cooling-Tower-D,85.21,6.45,411.14,126.75,76.72,0,NONE
2026-05-25 18:02:58.283160,Heavy-Extruder-B,73.69,4.74,413.04,107.56,65.4,0,NONE
2026-05-25 18:04:58.283160,Induction-Furnace-A,84.33,4.01,412.38,135.32,82.15,0,NONE
2026-05-25 18:06:58.283160,Stamping-Press-C,74.25,3.83,418.66,135.18,83.32,0,NONE
2026-05-25 18:08:58.283160,Stamping-Press-C,77.18,4.11,416.73,114.69,70.36,0,NONE
2026-05-25 18:10:58.283160,Heavy-Extruder-B,93.53,6.24,418.48,153.14,94.35,0,NONE
2026-05-25 18:12:58.283160,Cooling-Tower-D,87.47,4.18,409.2,136.6,82.29,0,NONE
2026-05-25 18:14:58.283160,Cooling-Tower-D,84.9,5.23,422.16,130.6,81.17,0,NONE
2026-05-25 18:16:58.283160,Cooling-Tower-D,93.79,4.2,412.87,129.76,78.87,0,NONE
2026-05-25 18:18:58.283160,Cooling-Tower-D,89.81,4.71,409.5,134.76,81.24,0,NONE
2026-05-25 18:20:58.283160,Cooling-Tower-D,99.47,5.13,412.8,105.07,63.85,0,NONE
2026-05-25 18:22:58.283160,Heavy-Extruder-B,80.4,4.04,427.42,122.92,77.35,0,NONE
2026-05-25 18:24:58.283160,Stamping-Press-C,80.7,3.99,413.06,125.75,76.47,0,NONE
2026-05-25 18:26:58.283160,Stamping-Press-C,71.99,5.83,413.37,114.0,69.38,0,NONE
2026-05-25 18:28:58.283160,Heavy-Extruder-B,80.71,5.29,414.04,126.97,77.4,0,NONE
2026-05-25 18:30:58.283160,Cooling-Tower-D,94.65,5.13,414.26,138.48,84.45,0,NONE
2026-05-25 18:32:58.283160,Heavy-Extruder-B,98.0,5.13,411.09,113.67,68.8,0,NONE
2026-05-25 18:34:58.283160,Stamping-Press-C,94.6,4.87,415.72,119.18,72.94,0,NONE
2026-05-25 18:36:58.283160,Induction-Furnace-A,67.06,6.11,420.38,107.69,66.65,0,NONE
2026-05-25 18:38:58.283160,Heavy-Extruder-B,95.83,4.54,416.57,93.2,57.15,0,NONE
2026-05-25 18:40:58.283160,Cooling-Tower-D,66.61,4.96,409.44,131.68,79.38,0,NONE
2026-05-25 18:42:58.283160,Stamping-Press-C,93.98,3.34,413.28,119.61,72.78,0,NONE
2026-05-25 18:44:58.283160,Stamping-Press-C,81.32,3.84,412.24,120.71,73.26,0,NONE
2026-05-25 18:46:58.283160,Stamping-Press-C,92.03,3.54,415.26,105.2,64.31,0,NONE
2026-05-25 18:48:58.283160,Stamping-Press-C,71.68,5.52,421.65,117.22,72.76,0,NONE
2026-05-25 18:50:58.283160,Cooling-Tower-D,96.71,2.46,414.26,136.45,83.22,0,NONE
2026-05-25 18:52:58.283160,Induction-Furnace-A,70.35,4.18,414.56,120.01,73.25,0,NONE
2026-05-25 18:54:58.283160,Stamping-Press-C,78.32,2.11,423.89,120.44,75.16,0,NONE
2026-05-25 18:56:58.283160,Heavy-Extruder-B,75.02,3.83,419.38,123.11,76.01,0,NONE
2026-05-25 18:58:58.283160,Induction-Furnace-A,67.46,4.11,417.87,101.45,62.41,0,NONE
2026-05-25 19:00:58.283160,Stamping-Press-C,85.95,5.61,424.79,129.37,80.91,0,NONE
2026-05-25 19:02:58.283160,Induction-Furnace-A,103.06,4.82,417.45,101.17,62.18,0,NONE
2026-05-25 19:04:58.283160,Heavy-Extruder-B,111.67,3.83,405.07,105.91,63.16,1,ERR-TEMP-HIGH
2026-05-25 19:06:58.283160,Stamping-Press-C,85.97,5.35,419.16,104.26,64.34,0,NONE
2026-05-25 19:08:58.283160,Heavy-Extruder-B,96.17,4.51,407.04,117.37,70.33,0,NONE
2026-05-25 19:10:58.283160,Cooling-Tower-D,87.32,4.53,417.26,114.71,70.47,0,NONE
